test,clock,trial,sample,ns
h2d_8byte_completion,host_steady,1,0,1515750
h2d_8byte_completion,host_steady,1,1,1595292
h2d_8byte_completion,host_steady,1,2,1622500
h2d_8byte_completion,host_steady,1,3,1354167
h2d_8byte_completion,host_steady,1,4,1518750
h2d_8byte_completion,host_steady,1,5,1597417
h2d_8byte_completion,host_steady,1,6,1547792
h2d_8byte_completion,host_steady,1,7,1386917
h2d_8byte_completion,host_steady,1,8,1507875
h2d_8byte_completion,host_steady,1,9,1599708
h2d_8byte_completion,host_steady,1,10,1423875
h2d_8byte_completion,host_steady,1,11,1502667
h2d_8byte_completion,host_steady,1,12,1124083
h2d_8byte_completion,host_steady,1,13,1512875
h2d_8byte_completion,host_steady,1,14,1564292
h2d_8byte_completion,host_steady,1,15,1581000
h2d_8byte_completion,host_steady,1,16,1510500
h2d_8byte_completion,host_steady,1,17,1444542
h2d_8byte_completion,host_steady,1,18,1526583
h2d_8byte_completion,host_steady,1,19,1561666
h2d_8byte_completion,host_steady,1,20,1487541
h2d_8byte_completion,host_steady,1,21,1579708
h2d_8byte_completion,host_steady,1,22,1450208
h2d_8byte_completion,host_steady,1,23,1536708
h2d_8byte_completion,host_steady,1,24,1070417
h2d_8byte_completion,host_steady,1,25,1512459
h2d_8byte_completion,host_steady,1,26,1579000
h2d_8byte_completion,host_steady,1,27,1466375
h2d_8byte_completion,host_steady,1,28,1580000
h2d_8byte_completion,host_steady,1,29,1459875
h2d_8byte_completion,host_steady,1,30,1579875
h2d_8byte_completion,host_steady,1,31,1445459
h2d_8byte_completion,host_steady,1,32,1524417
h2d_8byte_completion,host_steady,1,33,1578917
h2d_8byte_completion,host_steady,1,34,1457959
h2d_8byte_completion,host_steady,1,35,1509125
h2d_8byte_completion,host_steady,1,36,1556917
h2d_8byte_completion,host_steady,1,37,1556458
h2d_8byte_completion,host_steady,1,38,1582166
h2d_8byte_completion,host_steady,1,39,1555042
h2d_8byte_completion,host_steady,1,40,1538791
h2d_8byte_completion,host_steady,1,41,1539625
h2d_8byte_completion,host_steady,1,42,1532292
h2d_8byte_completion,host_steady,1,43,1532709
h2d_8byte_completion,host_steady,1,44,1544459
h2d_8byte_completion,host_steady,1,45,1568292
h2d_8byte_completion,host_steady,1,46,1550916
h2d_8byte_completion,host_steady,1,47,1538667
h2d_8byte_completion,host_steady,1,48,1544042
h2d_8byte_completion,host_steady,1,49,1555125
h2d_8byte_completion,host_steady,1,50,1579708
h2d_8byte_completion,host_steady,1,51,1557041
h2d_8byte_completion,host_steady,1,52,1586542
h2d_8byte_completion,host_steady,1,53,1592542
h2d_8byte_completion,host_steady,1,54,1601791
h2d_8byte_completion,host_steady,1,55,1658250
h2d_8byte_completion,host_steady,1,56,1560208
h2d_8byte_completion,host_steady,1,57,1564833
h2d_8byte_completion,host_steady,1,58,1533417
h2d_8byte_completion,host_steady,1,59,1633250
h2d_8byte_completion,host_steady,1,60,1179875
h2d_8byte_completion,host_steady,1,61,1621458
h2d_8byte_completion,host_steady,1,62,1425750
h2d_8byte_completion,host_steady,1,63,1639334
h2d_8byte_completion,host_steady,1,64,1557500
h2d_8byte_completion,host_steady,1,65,1558041
h2d_8byte_completion,host_steady,1,66,1327875
h2d_8byte_completion,host_steady,1,67,1527291
h2d_8byte_completion,host_steady,1,68,1528917
h2d_8byte_completion,host_steady,1,69,1627375
h2d_8byte_completion,host_steady,1,70,1557917
h2d_8byte_completion,host_steady,1,71,1556375
h2d_8byte_completion,host_steady,1,72,1563000
h2d_8byte_completion,host_steady,1,73,1555708
h2d_8byte_completion,host_steady,1,74,1276291
h2d_8byte_completion,host_steady,1,75,1627250
h2d_8byte_completion,host_steady,1,76,1415667
h2d_8byte_completion,host_steady,1,77,1518916
h2d_8byte_completion,host_steady,1,78,1616333
h2d_8byte_completion,host_steady,1,79,1406958
h2d_8byte_completion,host_steady,1,80,1525958
h2d_8byte_completion,host_steady,1,81,1658417
h2d_8byte_completion,host_steady,1,82,1379542
h2d_8byte_completion,host_steady,1,83,1514333
h2d_8byte_completion,host_steady,1,84,1648541
h2d_8byte_completion,host_steady,1,85,1560500
h2d_8byte_completion,host_steady,1,86,1559000
h2d_8byte_completion,host_steady,1,87,1562458
h2d_8byte_completion,host_steady,1,88,1604709
h2d_8byte_completion,host_steady,1,89,1285000
h2d_8byte_completion,host_steady,1,90,1418958
h2d_8byte_completion,host_steady,1,91,1642875
h2d_8byte_completion,host_steady,1,92,1414875
h2d_8byte_completion,host_steady,1,93,1522125
h2d_8byte_completion,host_steady,1,94,1510625
h2d_8byte_completion,host_steady,1,95,1569458
h2d_8byte_completion,host_steady,1,96,1465083
h2d_8byte_completion,host_steady,1,97,1520583
h2d_8byte_completion,host_steady,1,98,1642250
h2d_8byte_completion,host_steady,1,99,1578958
h2d_8byte_completion,host_steady,1,100,1309625
h2d_8byte_completion,host_steady,1,101,1534417
h2d_8byte_completion,host_steady,1,102,1588709
h2d_8byte_completion,host_steady,1,103,1628833
h2d_8byte_completion,host_steady,1,104,1316208
h2d_8byte_completion,host_steady,1,105,1709500
h2d_8byte_completion,host_steady,1,106,1453916
h2d_8byte_completion,host_steady,1,107,1562917
h2d_8byte_completion,host_steady,1,108,1570500
h2d_8byte_completion,host_steady,1,109,1567458
h2d_8byte_completion,host_steady,1,110,1624792
h2d_8byte_completion,host_steady,1,111,1248084
h2d_8byte_completion,host_steady,1,112,1555500
h2d_8byte_completion,host_steady,1,113,1567458
h2d_8byte_completion,host_steady,1,114,1621792
h2d_8byte_completion,host_steady,1,115,1323834
h2d_8byte_completion,host_steady,1,116,1583000
h2d_8byte_completion,host_steady,1,117,1308833
h2d_8byte_completion,host_steady,1,118,1654583
h2d_8byte_completion,host_steady,1,119,1561500
h2d_8byte_completion,host_steady,1,120,1572916
h2d_8byte_completion,host_steady,1,121,1287375
h2d_8byte_completion,host_steady,1,122,1520541
h2d_8byte_completion,host_steady,1,123,1655458
h2d_8byte_completion,host_steady,1,124,1382708
h2d_8byte_completion,host_steady,1,125,1656000
h2d_8byte_completion,host_steady,1,126,1375875
h2d_8byte_completion,host_steady,1,127,1598542
h2d_8byte_completion,host_steady,1,128,1452458
h2d_8byte_completion,host_steady,1,129,1809875
h2d_8byte_completion,host_steady,1,130,1489083
h2d_8byte_completion,host_steady,1,131,1578458
h2d_8byte_completion,host_steady,1,132,1588750
h2d_8byte_completion,host_steady,1,133,1580875
h2d_8byte_completion,host_steady,1,134,1612084
h2d_8byte_completion,host_steady,1,135,1434875
h2d_8byte_completion,host_steady,1,136,1627750
h2d_8byte_completion,host_steady,1,137,1427958
h2d_8byte_completion,host_steady,1,138,1562292
h2d_8byte_completion,host_steady,1,139,1214334
h2d_8byte_completion,host_steady,1,140,1583834
h2d_8byte_completion,host_steady,1,141,1623458
h2d_8byte_completion,host_steady,1,142,1557666
h2d_8byte_completion,host_steady,1,143,1560083
h2d_8byte_completion,host_steady,1,144,1560584
h2d_8byte_completion,host_steady,1,145,1342250
h2d_8byte_completion,host_steady,1,146,1571500
h2d_8byte_completion,host_steady,1,147,1629000
h2d_8byte_completion,host_steady,1,148,1535416
h2d_8byte_completion,host_steady,1,149,1628292
h2d_8byte_completion,host_steady,1,150,1574834
h2d_8byte_completion,host_steady,1,151,1513167
h2d_8byte_completion,host_steady,1,152,1563750
h2d_8byte_completion,host_steady,1,153,1556500
h2d_8byte_completion,host_steady,1,154,1562792
h2d_8byte_completion,host_steady,1,155,1569833
h2d_8byte_completion,host_steady,1,156,1462500
h2d_8byte_completion,host_steady,1,157,1569750
h2d_8byte_completion,host_steady,1,158,1581583
h2d_8byte_completion,host_steady,1,159,1587250
h2d_8byte_completion,host_steady,1,160,1602542
h2d_8byte_completion,host_steady,1,161,1649833
h2d_8byte_completion,host_steady,1,162,1619291
h2d_8byte_completion,host_steady,1,163,1604458
h2d_8byte_completion,host_steady,1,164,1273417
h2d_8byte_completion,host_steady,1,165,1585625
h2d_8byte_completion,host_steady,1,166,1583000
h2d_8byte_completion,host_steady,1,167,1575083
h2d_8byte_completion,host_steady,1,168,1519750
h2d_8byte_completion,host_steady,1,169,1516667
h2d_8byte_completion,host_steady,1,170,1517292
h2d_8byte_completion,host_steady,1,171,1527125
h2d_8byte_completion,host_steady,1,172,1648292
h2d_8byte_completion,host_steady,1,173,1465708
h2d_8byte_completion,host_steady,1,174,1548333
h2d_8byte_completion,host_steady,1,175,1658959
h2d_8byte_completion,host_steady,1,176,1265583
h2d_8byte_completion,host_steady,1,177,1515291
h2d_8byte_completion,host_steady,1,178,1652208
h2d_8byte_completion,host_steady,1,179,1595041
h2d_8byte_completion,host_steady,1,180,1294541
h2d_8byte_completion,host_steady,1,181,1596208
h2d_8byte_completion,host_steady,1,182,1649458
h2d_8byte_completion,host_steady,1,183,1574000
h2d_8byte_completion,host_steady,1,184,1589542
h2d_8byte_completion,host_steady,1,185,1561875
h2d_8byte_completion,host_steady,1,186,1585166
h2d_8byte_completion,host_steady,1,187,1585417
h2d_8byte_completion,host_steady,1,188,1120125
h2d_8byte_completion,host_steady,1,189,1633833
h2d_8byte_completion,host_steady,1,190,1532333
h2d_8byte_completion,host_steady,1,191,1643083
h2d_8byte_completion,host_steady,1,192,1463542
h2d_8byte_completion,host_steady,1,193,1515584
h2d_8byte_completion,host_steady,1,194,1517750
h2d_8byte_completion,host_steady,1,195,1513792
h2d_8byte_completion,host_steady,1,196,1513417
h2d_8byte_completion,host_steady,1,197,1493416
h2d_8byte_completion,host_steady,1,198,1652792
h2d_8byte_completion,host_steady,1,199,1572375
h2d_8byte_completion,host_steady,1,200,1574791
h2d_8byte_completion,host_steady,1,201,1516875
h2d_8byte_completion,host_steady,1,202,1578541
h2d_8byte_completion,host_steady,1,203,1458458
h2d_8byte_completion,host_steady,1,204,1518333
h2d_8byte_completion,host_steady,1,205,1512791
h2d_8byte_completion,host_steady,1,206,1574333
h2d_8byte_completion,host_steady,1,207,1466417
h2d_8byte_completion,host_steady,1,208,1513250
h2d_8byte_completion,host_steady,1,209,1514292
h2d_8byte_completion,host_steady,1,210,1507709
h2d_8byte_completion,host_steady,1,211,1490167
h2d_8byte_completion,host_steady,1,212,1576583
h2d_8byte_completion,host_steady,1,213,1423666
h2d_8byte_completion,host_steady,1,214,1570916
h2d_8byte_completion,host_steady,1,215,1205833
h2d_8byte_completion,host_steady,1,216,1761500
h2d_8byte_completion,host_steady,1,217,1832334
h2d_8byte_completion,host_steady,1,218,1902083
h2d_8byte_completion,host_steady,1,219,2832208
h2d_8byte_completion,host_steady,1,220,1569333
h2d_8byte_completion,host_steady,1,221,1756541
h2d_8byte_completion,host_steady,1,222,1656250
h2d_8byte_completion,host_steady,1,223,1660541
h2d_8byte_completion,host_steady,1,224,1621750
h2d_8byte_completion,host_steady,1,225,1613417
h2d_8byte_completion,host_steady,1,226,1617917
h2d_8byte_completion,host_steady,1,227,1609291
h2d_8byte_completion,host_steady,1,228,1678792
h2d_8byte_completion,host_steady,1,229,1290000
h2d_8byte_completion,host_steady,1,230,1601583
h2d_8byte_completion,host_steady,1,231,1660084
h2d_8byte_completion,host_steady,1,232,1184916
h2d_8byte_completion,host_steady,1,233,1337417
h2d_8byte_completion,host_steady,1,234,1598333
h2d_8byte_completion,host_steady,1,235,1586708
h2d_8byte_completion,host_steady,1,236,1527250
h2d_8byte_completion,host_steady,1,237,1332000
h2d_8byte_completion,host_steady,1,238,1647750
h2d_8byte_completion,host_steady,1,239,1553584
h2d_8byte_completion,host_steady,1,240,1361750
h2d_8byte_completion,host_steady,1,241,1519083
h2d_8byte_completion,host_steady,1,242,1520083
h2d_8byte_completion,host_steady,1,243,1518166
h2d_8byte_completion,host_steady,1,244,1524333
h2d_8byte_completion,host_steady,1,245,1510208
h2d_8byte_completion,host_steady,1,246,1520917
h2d_8byte_completion,host_steady,1,247,1524958
h2d_8byte_completion,host_steady,1,248,1519041
h2d_8byte_completion,host_steady,1,249,1524708
h2d_8byte_completion,host_steady,1,250,1525166
h2d_8byte_completion,host_steady,1,251,1511375
h2d_8byte_completion,host_steady,1,252,1519417
h2d_8byte_completion,host_steady,1,253,1514000
h2d_8byte_completion,host_steady,1,254,1523708
h2d_8byte_completion,host_steady,1,255,1657833
d2h_8byte_completion,host_steady,1,0,1633916
d2h_8byte_completion,host_steady,1,1,1340625
d2h_8byte_completion,host_steady,1,2,1605167
d2h_8byte_completion,host_steady,1,3,1587083
d2h_8byte_completion,host_steady,1,4,1367625
d2h_8byte_completion,host_steady,1,5,1520834
d2h_8byte_completion,host_steady,1,6,1741042
d2h_8byte_completion,host_steady,1,7,1550541
d2h_8byte_completion,host_steady,1,8,1287792
d2h_8byte_completion,host_steady,1,9,1519792
d2h_8byte_completion,host_steady,1,10,1653083
d2h_8byte_completion,host_steady,1,11,1387583
d2h_8byte_completion,host_steady,1,12,1658916
d2h_8byte_completion,host_steady,1,13,1568125
d2h_8byte_completion,host_steady,1,14,1328875
d2h_8byte_completion,host_steady,1,15,1634375
d2h_8byte_completion,host_steady,1,16,1410125
d2h_8byte_completion,host_steady,1,17,1521166
d2h_8byte_completion,host_steady,1,18,1640958
d2h_8byte_completion,host_steady,1,19,1408458
d2h_8byte_completion,host_steady,1,20,1527750
d2h_8byte_completion,host_steady,1,21,1655833
d2h_8byte_completion,host_steady,1,22,1565250
d2h_8byte_completion,host_steady,1,23,1638625
d2h_8byte_completion,host_steady,1,24,1603875
d2h_8byte_completion,host_steady,1,25,1710125
d2h_8byte_completion,host_steady,1,26,1643750
d2h_8byte_completion,host_steady,1,27,1554916
d2h_8byte_completion,host_steady,1,28,1581875
d2h_8byte_completion,host_steady,1,29,1440583
d2h_8byte_completion,host_steady,1,30,1610875
d2h_8byte_completion,host_steady,1,31,1475792
d2h_8byte_completion,host_steady,1,32,1507208
d2h_8byte_completion,host_steady,1,33,1554083
d2h_8byte_completion,host_steady,1,34,1612417
d2h_8byte_completion,host_steady,1,35,1565416
d2h_8byte_completion,host_steady,1,36,1560292
d2h_8byte_completion,host_steady,1,37,1553667
d2h_8byte_completion,host_steady,1,38,1216583
d2h_8byte_completion,host_steady,1,39,1424083
d2h_8byte_completion,host_steady,1,40,1551416
d2h_8byte_completion,host_steady,1,41,1564708
d2h_8byte_completion,host_steady,1,42,1623000
d2h_8byte_completion,host_steady,1,43,1582708
d2h_8byte_completion,host_steady,1,44,1599042
d2h_8byte_completion,host_steady,1,45,1607542
d2h_8byte_completion,host_steady,1,46,1563875
d2h_8byte_completion,host_steady,1,47,1685375
d2h_8byte_completion,host_steady,1,48,1652709
d2h_8byte_completion,host_steady,1,49,1291875
d2h_8byte_completion,host_steady,1,50,1643625
d2h_8byte_completion,host_steady,1,51,1325208
d2h_8byte_completion,host_steady,1,52,1597333
d2h_8byte_completion,host_steady,1,53,1603750
d2h_8byte_completion,host_steady,1,54,1299959
d2h_8byte_completion,host_steady,1,55,1686042
d2h_8byte_completion,host_steady,1,56,1443708
d2h_8byte_completion,host_steady,1,57,1253083
d2h_8byte_completion,host_steady,1,58,1664875
d2h_8byte_completion,host_steady,1,59,1374250
d2h_8byte_completion,host_steady,1,60,1516166
d2h_8byte_completion,host_steady,1,61,1206458
d2h_8byte_completion,host_steady,1,62,1576500
d2h_8byte_completion,host_steady,1,63,1454209
d2h_8byte_completion,host_steady,1,64,1518250
d2h_8byte_completion,host_steady,1,65,1592375
d2h_8byte_completion,host_steady,1,66,1570833
d2h_8byte_completion,host_steady,1,67,1121333
d2h_8byte_completion,host_steady,1,68,1572250
d2h_8byte_completion,host_steady,1,69,1532334
d2h_8byte_completion,host_steady,1,70,1574167
d2h_8byte_completion,host_steady,1,71,1579333
d2h_8byte_completion,host_steady,1,72,1562750
d2h_8byte_completion,host_steady,1,73,1353000
d2h_8byte_completion,host_steady,1,74,1355208
d2h_8byte_completion,host_steady,1,75,1596167
d2h_8byte_completion,host_steady,1,76,1595125
d2h_8byte_completion,host_steady,1,77,1261417
d2h_8byte_completion,host_steady,1,78,1642875
d2h_8byte_completion,host_steady,1,79,1573250
d2h_8byte_completion,host_steady,1,80,1586167
d2h_8byte_completion,host_steady,1,81,1941708
d2h_8byte_completion,host_steady,1,82,1696250
d2h_8byte_completion,host_steady,1,83,1687000
d2h_8byte_completion,host_steady,1,84,1483875
d2h_8byte_completion,host_steady,1,85,1662333
d2h_8byte_completion,host_steady,1,86,1569625
d2h_8byte_completion,host_steady,1,87,1579959
d2h_8byte_completion,host_steady,1,88,1583084
d2h_8byte_completion,host_steady,1,89,1625709
d2h_8byte_completion,host_steady,1,90,1588292
d2h_8byte_completion,host_steady,1,91,1574708
d2h_8byte_completion,host_steady,1,92,1583791
d2h_8byte_completion,host_steady,1,93,1417375
d2h_8byte_completion,host_steady,1,94,1572000
d2h_8byte_completion,host_steady,1,95,1623334
d2h_8byte_completion,host_steady,1,96,1625875
d2h_8byte_completion,host_steady,1,97,1604125
d2h_8byte_completion,host_steady,1,98,1525250
d2h_8byte_completion,host_steady,1,99,1512625
d2h_8byte_completion,host_steady,1,100,1513250
d2h_8byte_completion,host_steady,1,101,1466500
d2h_8byte_completion,host_steady,1,102,1519209
d2h_8byte_completion,host_steady,1,103,1588833
d2h_8byte_completion,host_steady,1,104,1582042
d2h_8byte_completion,host_steady,1,105,1685167
d2h_8byte_completion,host_steady,1,106,1248125
d2h_8byte_completion,host_steady,1,107,1681750
d2h_8byte_completion,host_steady,1,108,1675250
d2h_8byte_completion,host_steady,1,109,1521666
d2h_8byte_completion,host_steady,1,110,1657958
d2h_8byte_completion,host_steady,1,111,1570708
d2h_8byte_completion,host_steady,1,112,1578666
d2h_8byte_completion,host_steady,1,113,1575875
d2h_8byte_completion,host_steady,1,114,1571541
d2h_8byte_completion,host_steady,1,115,1576583
d2h_8byte_completion,host_steady,1,116,1574458
d2h_8byte_completion,host_steady,1,117,1586208
d2h_8byte_completion,host_steady,1,118,1572041
d2h_8byte_completion,host_steady,1,119,1581167
d2h_8byte_completion,host_steady,1,120,1250667
d2h_8byte_completion,host_steady,1,121,1571125
d2h_8byte_completion,host_steady,1,122,1584417
d2h_8byte_completion,host_steady,1,123,1573209
d2h_8byte_completion,host_steady,1,124,1589250
d2h_8byte_completion,host_steady,1,125,1672209
d2h_8byte_completion,host_steady,1,126,1533834
d2h_8byte_completion,host_steady,1,127,1592334
d2h_8byte_completion,host_steady,1,128,1388250
d2h_8byte_completion,host_steady,1,129,1687791
d2h_8byte_completion,host_steady,1,130,1656458
d2h_8byte_completion,host_steady,1,131,1245917
d2h_8byte_completion,host_steady,1,132,1332792
d2h_8byte_completion,host_steady,1,133,1753375
d2h_8byte_completion,host_steady,1,134,1576208
d2h_8byte_completion,host_steady,1,135,1384667
d2h_8byte_completion,host_steady,1,136,1657250
d2h_8byte_completion,host_steady,1,137,1197208
d2h_8byte_completion,host_steady,1,138,1568625
d2h_8byte_completion,host_steady,1,139,1579042
d2h_8byte_completion,host_steady,1,140,1595500
d2h_8byte_completion,host_steady,1,141,1698625
d2h_8byte_completion,host_steady,1,142,1584166
d2h_8byte_completion,host_steady,1,143,1639125
d2h_8byte_completion,host_steady,1,144,1569292
d2h_8byte_completion,host_steady,1,145,1521708
d2h_8byte_completion,host_steady,1,146,1460083
d2h_8byte_completion,host_steady,1,147,1750833
d2h_8byte_completion,host_steady,1,148,1336791
d2h_8byte_completion,host_steady,1,149,1581542
d2h_8byte_completion,host_steady,1,150,1684959
d2h_8byte_completion,host_steady,1,151,1588542
d2h_8byte_completion,host_steady,1,152,1207875
d2h_8byte_completion,host_steady,1,153,1524375
d2h_8byte_completion,host_steady,1,154,1505667
d2h_8byte_completion,host_steady,1,155,1513209
d2h_8byte_completion,host_steady,1,156,1526334
d2h_8byte_completion,host_steady,1,157,1518959
d2h_8byte_completion,host_steady,1,158,1582292
d2h_8byte_completion,host_steady,1,159,1583416
d2h_8byte_completion,host_steady,1,160,1599958
d2h_8byte_completion,host_steady,1,161,1593708
d2h_8byte_completion,host_steady,1,162,1673208
d2h_8byte_completion,host_steady,1,163,1508500
d2h_8byte_completion,host_steady,1,164,1589750
d2h_8byte_completion,host_steady,1,165,1587917
d2h_8byte_completion,host_steady,1,166,1629458
d2h_8byte_completion,host_steady,1,167,1737458
d2h_8byte_completion,host_steady,1,168,1601375
d2h_8byte_completion,host_steady,1,169,1264167
d2h_8byte_completion,host_steady,1,170,1346291
d2h_8byte_completion,host_steady,1,171,1336792
d2h_8byte_completion,host_steady,1,172,1672750
d2h_8byte_completion,host_steady,1,173,1682958
d2h_8byte_completion,host_steady,1,174,1391000
d2h_8byte_completion,host_steady,1,175,1419042
d2h_8byte_completion,host_steady,1,176,1586791
d2h_8byte_completion,host_steady,1,177,1227459
d2h_8byte_completion,host_steady,1,178,1447541
d2h_8byte_completion,host_steady,1,179,1595125
d2h_8byte_completion,host_steady,1,180,1557708
d2h_8byte_completion,host_steady,1,181,1572791
d2h_8byte_completion,host_steady,1,182,1608375
d2h_8byte_completion,host_steady,1,183,1591459
d2h_8byte_completion,host_steady,1,184,1580750
d2h_8byte_completion,host_steady,1,185,1474792
d2h_8byte_completion,host_steady,1,186,1665000
d2h_8byte_completion,host_steady,1,187,1578542
d2h_8byte_completion,host_steady,1,188,1569000
d2h_8byte_completion,host_steady,1,189,1157458
d2h_8byte_completion,host_steady,1,190,1668333
d2h_8byte_completion,host_steady,1,191,1548667
d2h_8byte_completion,host_steady,1,192,1407542
d2h_8byte_completion,host_steady,1,193,1153334
d2h_8byte_completion,host_steady,1,194,1312000
d2h_8byte_completion,host_steady,1,195,1519292
d2h_8byte_completion,host_steady,1,196,1526542
d2h_8byte_completion,host_steady,1,197,1611500
d2h_8byte_completion,host_steady,1,198,1630208
d2h_8byte_completion,host_steady,1,199,1482125
d2h_8byte_completion,host_steady,1,200,1684500
d2h_8byte_completion,host_steady,1,201,1566916
d2h_8byte_completion,host_steady,1,202,1424792
d2h_8byte_completion,host_steady,1,203,1174959
d2h_8byte_completion,host_steady,1,204,1583334
d2h_8byte_completion,host_steady,1,205,1650125
d2h_8byte_completion,host_steady,1,206,1395125
d2h_8byte_completion,host_steady,1,207,1661125
d2h_8byte_completion,host_steady,1,208,1511000
d2h_8byte_completion,host_steady,1,209,1257667
d2h_8byte_completion,host_steady,1,210,1509750
d2h_8byte_completion,host_steady,1,211,1644834
d2h_8byte_completion,host_steady,1,212,1380709
d2h_8byte_completion,host_steady,1,213,1519500
d2h_8byte_completion,host_steady,1,214,1663875
d2h_8byte_completion,host_steady,1,215,1584583
d2h_8byte_completion,host_steady,1,216,1297916
d2h_8byte_completion,host_steady,1,217,1658667
d2h_8byte_completion,host_steady,1,218,1365500
d2h_8byte_completion,host_steady,1,219,1668583
d2h_8byte_completion,host_steady,1,220,1532583
d2h_8byte_completion,host_steady,1,221,1645083
d2h_8byte_completion,host_steady,1,222,1519708
d2h_8byte_completion,host_steady,1,223,1671208
d2h_8byte_completion,host_steady,1,224,1600125
d2h_8byte_completion,host_steady,1,225,1432333
d2h_8byte_completion,host_steady,1,226,1650166
d2h_8byte_completion,host_steady,1,227,1583542
d2h_8byte_completion,host_steady,1,228,1585125
d2h_8byte_completion,host_steady,1,229,1406250
d2h_8byte_completion,host_steady,1,230,1556750
d2h_8byte_completion,host_steady,1,231,1266542
d2h_8byte_completion,host_steady,1,232,1611666
d2h_8byte_completion,host_steady,1,233,1133708
d2h_8byte_completion,host_steady,1,234,1618708
d2h_8byte_completion,host_steady,1,235,1147042
d2h_8byte_completion,host_steady,1,236,1513292
d2h_8byte_completion,host_steady,1,237,1568958
d2h_8byte_completion,host_steady,1,238,1453792
d2h_8byte_completion,host_steady,1,239,1590334
d2h_8byte_completion,host_steady,1,240,1495875
d2h_8byte_completion,host_steady,1,241,1665417
d2h_8byte_completion,host_steady,1,242,1657459
d2h_8byte_completion,host_steady,1,243,1594417
d2h_8byte_completion,host_steady,1,244,1570000
d2h_8byte_completion,host_steady,1,245,1599667
d2h_8byte_completion,host_steady,1,246,1586333
d2h_8byte_completion,host_steady,1,247,1445875
d2h_8byte_completion,host_steady,1,248,1462500
d2h_8byte_completion,host_steady,1,249,1577292
d2h_8byte_completion,host_steady,1,250,1519250
d2h_8byte_completion,host_steady,1,251,1174083
d2h_8byte_completion,host_steady,1,252,1659292
d2h_8byte_completion,host_steady,1,253,1599209
d2h_8byte_completion,host_steady,1,254,1511292
d2h_8byte_completion,host_steady,1,255,1587125
hrx_kernel_record,host_steady,1,0,1875
hrx_kernel_issue,host_steady,1,0,108875
hrx_kernel_completion,host_steady,1,0,1592375
hrx_kernel_post_issue_wait,host_steady,1,0,1483500
hrx_kernel_record,host_steady,1,1,3500
hrx_kernel_issue,host_steady,1,1,63416
hrx_kernel_completion,host_steady,1,1,1504083
hrx_kernel_post_issue_wait,host_steady,1,1,1440667
hrx_kernel_record,host_steady,1,2,2375
hrx_kernel_issue,host_steady,1,2,105333
hrx_kernel_completion,host_steady,1,2,1504167
hrx_kernel_post_issue_wait,host_steady,1,2,1398834
hrx_kernel_record,host_steady,1,3,1792
hrx_kernel_issue,host_steady,1,3,59709
hrx_kernel_completion,host_steady,1,3,1568125
hrx_kernel_post_issue_wait,host_steady,1,3,1508416
hrx_kernel_record,host_steady,1,4,2417
hrx_kernel_issue,host_steady,1,4,121917
hrx_kernel_completion,host_steady,1,4,1634375
hrx_kernel_post_issue_wait,host_steady,1,4,1512458
hrx_kernel_record,host_steady,1,5,2916
hrx_kernel_issue,host_steady,1,5,65291
hrx_kernel_completion,host_steady,1,5,1580916
hrx_kernel_post_issue_wait,host_steady,1,5,1515625
hrx_kernel_record,host_steady,1,6,2125
hrx_kernel_issue,host_steady,1,6,80459
hrx_kernel_completion,host_steady,1,6,1593167
hrx_kernel_post_issue_wait,host_steady,1,6,1512708
hrx_kernel_record,host_steady,1,7,3584
hrx_kernel_issue,host_steady,1,7,62625
hrx_kernel_completion,host_steady,1,7,1570750
hrx_kernel_post_issue_wait,host_steady,1,7,1508125
hrx_kernel_record,host_steady,1,8,1958
hrx_kernel_issue,host_steady,1,8,55500
hrx_kernel_completion,host_steady,1,8,1567541
hrx_kernel_post_issue_wait,host_steady,1,8,1512041
hrx_kernel_record,host_steady,1,9,2625
hrx_kernel_issue,host_steady,1,9,69167
hrx_kernel_completion,host_steady,1,9,1581167
hrx_kernel_post_issue_wait,host_steady,1,9,1512000
hrx_kernel_record,host_steady,1,10,3208
hrx_kernel_issue,host_steady,1,10,69458
hrx_kernel_completion,host_steady,1,10,1472291
hrx_kernel_post_issue_wait,host_steady,1,10,1402833
hrx_kernel_record,host_steady,1,11,3000
hrx_kernel_issue,host_steady,1,11,110291
hrx_kernel_completion,host_steady,1,11,1625083
hrx_kernel_post_issue_wait,host_steady,1,11,1514792
hrx_kernel_record,host_steady,1,12,4125
hrx_kernel_issue,host_steady,1,12,67667
hrx_kernel_completion,host_steady,1,12,1382917
hrx_kernel_post_issue_wait,host_steady,1,12,1315250
hrx_kernel_record,host_steady,1,13,5167
hrx_kernel_issue,host_steady,1,13,111334
hrx_kernel_completion,host_steady,1,13,1529459
hrx_kernel_post_issue_wait,host_steady,1,13,1418125
hrx_kernel_record,host_steady,1,14,5709
hrx_kernel_issue,host_steady,1,14,124709
hrx_kernel_completion,host_steady,1,14,1507834
hrx_kernel_post_issue_wait,host_steady,1,14,1383125
hrx_kernel_record,host_steady,1,15,3958
hrx_kernel_issue,host_steady,1,15,90875
hrx_kernel_completion,host_steady,1,15,1479750
hrx_kernel_post_issue_wait,host_steady,1,15,1388875
hrx_kernel_record,host_steady,1,16,4750
hrx_kernel_issue,host_steady,1,16,70667
hrx_kernel_completion,host_steady,1,16,1496375
hrx_kernel_post_issue_wait,host_steady,1,16,1425708
hrx_kernel_record,host_steady,1,17,2750
hrx_kernel_issue,host_steady,1,17,57833
hrx_kernel_completion,host_steady,1,17,1503916
hrx_kernel_post_issue_wait,host_steady,1,17,1446083
hrx_kernel_record,host_steady,1,18,3875
hrx_kernel_issue,host_steady,1,18,156750
hrx_kernel_completion,host_steady,1,18,1629833
hrx_kernel_post_issue_wait,host_steady,1,18,1473083
hrx_kernel_record,host_steady,1,19,5667
hrx_kernel_issue,host_steady,1,19,112000
hrx_kernel_completion,host_steady,1,19,1464208
hrx_kernel_post_issue_wait,host_steady,1,19,1352208
hrx_kernel_record,host_steady,1,20,3875
hrx_kernel_issue,host_steady,1,20,59583
hrx_kernel_completion,host_steady,1,20,1567083
hrx_kernel_post_issue_wait,host_steady,1,20,1507500
hrx_kernel_record,host_steady,1,21,3500
hrx_kernel_issue,host_steady,1,21,52000
hrx_kernel_completion,host_steady,1,21,1559083
hrx_kernel_post_issue_wait,host_steady,1,21,1507083
hrx_kernel_record,host_steady,1,22,1833
hrx_kernel_issue,host_steady,1,22,50166
hrx_kernel_completion,host_steady,1,22,1221708
hrx_kernel_post_issue_wait,host_steady,1,22,1171542
hrx_kernel_record,host_steady,1,23,2250
hrx_kernel_issue,host_steady,1,23,54125
hrx_kernel_completion,host_steady,1,23,1562708
hrx_kernel_post_issue_wait,host_steady,1,23,1508583
hrx_kernel_record,host_steady,1,24,3250
hrx_kernel_issue,host_steady,1,24,61375
hrx_kernel_completion,host_steady,1,24,1575542
hrx_kernel_post_issue_wait,host_steady,1,24,1514167
hrx_kernel_record,host_steady,1,25,2000
hrx_kernel_issue,host_steady,1,25,50542
hrx_kernel_completion,host_steady,1,25,1565292
hrx_kernel_post_issue_wait,host_steady,1,25,1514750
hrx_kernel_record,host_steady,1,26,4000
hrx_kernel_issue,host_steady,1,26,78875
hrx_kernel_completion,host_steady,1,26,1592417
hrx_kernel_post_issue_wait,host_steady,1,26,1513542
hrx_kernel_record,host_steady,1,27,3917
hrx_kernel_issue,host_steady,1,27,69375
hrx_kernel_completion,host_steady,1,27,1587000
hrx_kernel_post_issue_wait,host_steady,1,27,1517625
hrx_kernel_record,host_steady,1,28,4125
hrx_kernel_issue,host_steady,1,28,67542
hrx_kernel_completion,host_steady,1,28,1310750
hrx_kernel_post_issue_wait,host_steady,1,28,1243208
hrx_kernel_record,host_steady,1,29,2500
hrx_kernel_issue,host_steady,1,29,66542
hrx_kernel_completion,host_steady,1,29,1236584
hrx_kernel_post_issue_wait,host_steady,1,29,1170042
hrx_kernel_record,host_steady,1,30,2292
hrx_kernel_issue,host_steady,1,30,66708
hrx_kernel_completion,host_steady,1,30,1421500
hrx_kernel_post_issue_wait,host_steady,1,30,1354792
hrx_kernel_record,host_steady,1,31,1917
hrx_kernel_issue,host_steady,1,31,127625
hrx_kernel_completion,host_steady,1,31,1571208
hrx_kernel_post_issue_wait,host_steady,1,31,1443583
hrx_kernel_record,host_steady,1,32,1209
hrx_kernel_issue,host_steady,1,32,113750
hrx_kernel_completion,host_steady,1,32,1622542
hrx_kernel_post_issue_wait,host_steady,1,32,1508792
hrx_kernel_record,host_steady,1,33,2291
hrx_kernel_issue,host_steady,1,33,47125
hrx_kernel_completion,host_steady,1,33,1509875
hrx_kernel_post_issue_wait,host_steady,1,33,1462750
hrx_kernel_record,host_steady,1,34,4375
hrx_kernel_issue,host_steady,1,34,144542
hrx_kernel_completion,host_steady,1,34,1382209
hrx_kernel_post_issue_wait,host_steady,1,34,1237667
hrx_kernel_record,host_steady,1,35,4000
hrx_kernel_issue,host_steady,1,35,71709
hrx_kernel_completion,host_steady,1,35,1511000
hrx_kernel_post_issue_wait,host_steady,1,35,1439291
hrx_kernel_record,host_steady,1,36,6625
hrx_kernel_issue,host_steady,1,36,159416
hrx_kernel_completion,host_steady,1,36,1674583
hrx_kernel_post_issue_wait,host_steady,1,36,1515167
hrx_kernel_record,host_steady,1,37,6917
hrx_kernel_issue,host_steady,1,37,73959
hrx_kernel_completion,host_steady,1,37,1160459
hrx_kernel_post_issue_wait,host_steady,1,37,1086500
hrx_kernel_record,host_steady,1,38,3583
hrx_kernel_issue,host_steady,1,38,115000
hrx_kernel_completion,host_steady,1,38,1630583
hrx_kernel_post_issue_wait,host_steady,1,38,1515583
hrx_kernel_record,host_steady,1,39,5375
hrx_kernel_issue,host_steady,1,39,57167
hrx_kernel_completion,host_steady,1,39,1608125
hrx_kernel_post_issue_wait,host_steady,1,39,1550958
hrx_kernel_record,host_steady,1,40,4417
hrx_kernel_issue,host_steady,1,40,107667
hrx_kernel_completion,host_steady,1,40,1225167
hrx_kernel_post_issue_wait,host_steady,1,40,1117500
hrx_kernel_record,host_steady,1,41,5166
hrx_kernel_issue,host_steady,1,41,92083
hrx_kernel_completion,host_steady,1,41,1604250
hrx_kernel_post_issue_wait,host_steady,1,41,1512167
hrx_kernel_record,host_steady,1,42,2750
hrx_kernel_issue,host_steady,1,42,75250
hrx_kernel_completion,host_steady,1,42,1593875
hrx_kernel_post_issue_wait,host_steady,1,42,1518625
hrx_kernel_record,host_steady,1,43,1875
hrx_kernel_issue,host_steady,1,43,49917
hrx_kernel_completion,host_steady,1,43,1221167
hrx_kernel_post_issue_wait,host_steady,1,43,1171250
hrx_kernel_record,host_steady,1,44,1750
hrx_kernel_issue,host_steady,1,44,138875
hrx_kernel_completion,host_steady,1,44,1508458
hrx_kernel_post_issue_wait,host_steady,1,44,1369583
hrx_kernel_record,host_steady,1,45,2500
hrx_kernel_issue,host_steady,1,45,126166
hrx_kernel_completion,host_steady,1,45,1635333
hrx_kernel_post_issue_wait,host_steady,1,45,1509167
hrx_kernel_record,host_steady,1,46,3833
hrx_kernel_issue,host_steady,1,46,60875
hrx_kernel_completion,host_steady,1,46,1364791
hrx_kernel_post_issue_wait,host_steady,1,46,1303916
hrx_kernel_record,host_steady,1,47,2667
hrx_kernel_issue,host_steady,1,47,132584
hrx_kernel_completion,host_steady,1,47,1645375
hrx_kernel_post_issue_wait,host_steady,1,47,1512791
hrx_kernel_record,host_steady,1,48,3042
hrx_kernel_issue,host_steady,1,48,62792
hrx_kernel_completion,host_steady,1,48,1309250
hrx_kernel_post_issue_wait,host_steady,1,48,1246458
hrx_kernel_record,host_steady,1,49,3292
hrx_kernel_issue,host_steady,1,49,61417
hrx_kernel_completion,host_steady,1,49,1577042
hrx_kernel_post_issue_wait,host_steady,1,49,1515625
hrx_kernel_record,host_steady,1,50,2792
hrx_kernel_issue,host_steady,1,50,133042
hrx_kernel_completion,host_steady,1,50,1583334
hrx_kernel_post_issue_wait,host_steady,1,50,1450292
hrx_kernel_record,host_steady,1,51,2708
hrx_kernel_issue,host_steady,1,51,140875
hrx_kernel_completion,host_steady,1,51,1306708
hrx_kernel_post_issue_wait,host_steady,1,51,1165833
hrx_kernel_record,host_steady,1,52,2500
hrx_kernel_issue,host_steady,1,52,62542
hrx_kernel_completion,host_steady,1,52,1500625
hrx_kernel_post_issue_wait,host_steady,1,52,1438083
hrx_kernel_record,host_steady,1,53,2042
hrx_kernel_issue,host_steady,1,53,134042
hrx_kernel_completion,host_steady,1,53,1641875
hrx_kernel_post_issue_wait,host_steady,1,53,1507833
hrx_kernel_record,host_steady,1,54,2083
hrx_kernel_issue,host_steady,1,54,61500
hrx_kernel_completion,host_steady,1,54,1366417
hrx_kernel_post_issue_wait,host_steady,1,54,1304917
hrx_kernel_record,host_steady,1,55,1708
hrx_kernel_issue,host_steady,1,55,57375
hrx_kernel_completion,host_steady,1,55,1505000
hrx_kernel_post_issue_wait,host_steady,1,55,1447625
hrx_kernel_record,host_steady,1,56,1875
hrx_kernel_issue,host_steady,1,56,163375
hrx_kernel_completion,host_steady,1,56,1672959
hrx_kernel_post_issue_wait,host_steady,1,56,1509584
hrx_kernel_record,host_steady,1,57,1458
hrx_kernel_issue,host_steady,1,57,46625
hrx_kernel_completion,host_steady,1,57,1331208
hrx_kernel_post_issue_wait,host_steady,1,57,1284583
hrx_kernel_record,host_steady,1,58,4417
hrx_kernel_issue,host_steady,1,58,110458
hrx_kernel_completion,host_steady,1,58,1619000
hrx_kernel_post_issue_wait,host_steady,1,58,1508542
hrx_kernel_record,host_steady,1,59,2083
hrx_kernel_issue,host_steady,1,59,65583
hrx_kernel_completion,host_steady,1,59,1584083
hrx_kernel_post_issue_wait,host_steady,1,59,1518500
hrx_kernel_record,host_steady,1,60,2958
hrx_kernel_issue,host_steady,1,60,60958
hrx_kernel_completion,host_steady,1,60,1570166
hrx_kernel_post_issue_wait,host_steady,1,60,1509208
hrx_kernel_record,host_steady,1,61,4250
hrx_kernel_issue,host_steady,1,61,64375
hrx_kernel_completion,host_steady,1,61,1572709
hrx_kernel_post_issue_wait,host_steady,1,61,1508334
hrx_kernel_record,host_steady,1,62,1750
hrx_kernel_issue,host_steady,1,62,69375
hrx_kernel_completion,host_steady,1,62,1373458
hrx_kernel_post_issue_wait,host_steady,1,62,1304083
hrx_kernel_record,host_steady,1,63,2125
hrx_kernel_issue,host_steady,1,63,136375
hrx_kernel_completion,host_steady,1,63,1648042
hrx_kernel_post_issue_wait,host_steady,1,63,1511667
hrx_kernel_record,host_steady,1,64,3500
hrx_kernel_issue,host_steady,1,64,69375
hrx_kernel_completion,host_steady,1,64,1580667
hrx_kernel_post_issue_wait,host_steady,1,64,1511292
hrx_kernel_record,host_steady,1,65,2625
hrx_kernel_issue,host_steady,1,65,60708
hrx_kernel_completion,host_steady,1,65,1501958
hrx_kernel_post_issue_wait,host_steady,1,65,1441250
hrx_kernel_record,host_steady,1,66,1709
hrx_kernel_issue,host_steady,1,66,132584
hrx_kernel_completion,host_steady,1,66,1647500
hrx_kernel_post_issue_wait,host_steady,1,66,1514916
hrx_kernel_record,host_steady,1,67,2209
hrx_kernel_issue,host_steady,1,67,70125
hrx_kernel_completion,host_steady,1,67,1279917
hrx_kernel_post_issue_wait,host_steady,1,67,1209792
hrx_kernel_record,host_steady,1,68,4000
hrx_kernel_issue,host_steady,1,68,106250
hrx_kernel_completion,host_steady,1,68,1501458
hrx_kernel_post_issue_wait,host_steady,1,68,1395208
hrx_kernel_record,host_steady,1,69,1541
hrx_kernel_issue,host_steady,1,69,65875
hrx_kernel_completion,host_steady,1,69,1578875
hrx_kernel_post_issue_wait,host_steady,1,69,1513000
hrx_kernel_record,host_steady,1,70,3291
hrx_kernel_issue,host_steady,1,70,71791
hrx_kernel_completion,host_steady,1,70,1581958
hrx_kernel_post_issue_wait,host_steady,1,70,1510167
hrx_kernel_record,host_steady,1,71,2458
hrx_kernel_issue,host_steady,1,71,67708
hrx_kernel_completion,host_steady,1,71,1346792
hrx_kernel_post_issue_wait,host_steady,1,71,1279084
hrx_kernel_record,host_steady,1,72,2375
hrx_kernel_issue,host_steady,1,72,61667
hrx_kernel_completion,host_steady,1,72,1084834
hrx_kernel_post_issue_wait,host_steady,1,72,1023167
hrx_kernel_record,host_steady,1,73,2334
hrx_kernel_issue,host_steady,1,73,86875
hrx_kernel_completion,host_steady,1,73,1601375
hrx_kernel_post_issue_wait,host_steady,1,73,1514500
hrx_kernel_record,host_steady,1,74,2375
hrx_kernel_issue,host_steady,1,74,60000
hrx_kernel_completion,host_steady,1,74,1148542
hrx_kernel_post_issue_wait,host_steady,1,74,1088542
hrx_kernel_record,host_steady,1,75,3291
hrx_kernel_issue,host_steady,1,75,146250
hrx_kernel_completion,host_steady,1,75,1599791
hrx_kernel_post_issue_wait,host_steady,1,75,1453541
hrx_kernel_record,host_steady,1,76,1875
hrx_kernel_issue,host_steady,1,76,156042
hrx_kernel_completion,host_steady,1,76,1596583
hrx_kernel_post_issue_wait,host_steady,1,76,1440541
hrx_kernel_record,host_steady,1,77,1625
hrx_kernel_issue,host_steady,1,77,216584
hrx_kernel_completion,host_steady,1,77,1586334
hrx_kernel_post_issue_wait,host_steady,1,77,1369750
hrx_kernel_record,host_steady,1,78,2042
hrx_kernel_issue,host_steady,1,78,227375
hrx_kernel_completion,host_steady,1,78,1343917
hrx_kernel_post_issue_wait,host_steady,1,78,1116542
hrx_kernel_record,host_steady,1,79,1791
hrx_kernel_issue,host_steady,1,79,62000
hrx_kernel_completion,host_steady,1,79,1502958
hrx_kernel_post_issue_wait,host_steady,1,79,1440958
hrx_kernel_record,host_steady,1,80,2625
hrx_kernel_issue,host_steady,1,80,71292
hrx_kernel_completion,host_steady,1,80,1386958
hrx_kernel_post_issue_wait,host_steady,1,80,1315666
hrx_kernel_record,host_steady,1,81,4041
hrx_kernel_issue,host_steady,1,81,179083
hrx_kernel_completion,host_steady,1,81,1490958
hrx_kernel_post_issue_wait,host_steady,1,81,1311875
hrx_kernel_record,host_steady,1,82,1709
hrx_kernel_issue,host_steady,1,82,56792
hrx_kernel_completion,host_steady,1,82,1505750
hrx_kernel_post_issue_wait,host_steady,1,82,1448958
hrx_kernel_record,host_steady,1,83,1542
hrx_kernel_issue,host_steady,1,83,65167
hrx_kernel_completion,host_steady,1,83,1492333
hrx_kernel_post_issue_wait,host_steady,1,83,1427166
hrx_kernel_record,host_steady,1,84,3209
hrx_kernel_issue,host_steady,1,84,68792
hrx_kernel_completion,host_steady,1,84,1497959
hrx_kernel_post_issue_wait,host_steady,1,84,1429167
hrx_kernel_record,host_steady,1,85,2875
hrx_kernel_issue,host_steady,1,85,95458
hrx_kernel_completion,host_steady,1,85,1468458
hrx_kernel_post_issue_wait,host_steady,1,85,1373000
hrx_kernel_record,host_steady,1,86,3667
hrx_kernel_issue,host_steady,1,86,129625
hrx_kernel_completion,host_steady,1,86,1583917
hrx_kernel_post_issue_wait,host_steady,1,86,1454292
hrx_kernel_record,host_steady,1,87,2750
hrx_kernel_issue,host_steady,1,87,119959
hrx_kernel_completion,host_steady,1,87,1630250
hrx_kernel_post_issue_wait,host_steady,1,87,1510291
hrx_kernel_record,host_steady,1,88,3209
hrx_kernel_issue,host_steady,1,88,62459
hrx_kernel_completion,host_steady,1,88,1575292
hrx_kernel_post_issue_wait,host_steady,1,88,1512833
hrx_kernel_record,host_steady,1,89,2500
hrx_kernel_issue,host_steady,1,89,67958
hrx_kernel_completion,host_steady,1,89,1158583
hrx_kernel_post_issue_wait,host_steady,1,89,1090625
hrx_kernel_record,host_steady,1,90,2917
hrx_kernel_issue,host_steady,1,90,69625
hrx_kernel_completion,host_steady,1,90,1581000
hrx_kernel_post_issue_wait,host_steady,1,90,1511375
hrx_kernel_record,host_steady,1,91,2875
hrx_kernel_issue,host_steady,1,91,65708
hrx_kernel_completion,host_steady,1,91,1380791
hrx_kernel_post_issue_wait,host_steady,1,91,1315083
hrx_kernel_record,host_steady,1,92,2375
hrx_kernel_issue,host_steady,1,92,149542
hrx_kernel_completion,host_steady,1,92,1687000
hrx_kernel_post_issue_wait,host_steady,1,92,1537458
hrx_kernel_record,host_steady,1,93,2667
hrx_kernel_issue,host_steady,1,93,61458
hrx_kernel_completion,host_steady,1,93,1554250
hrx_kernel_post_issue_wait,host_steady,1,93,1492792
hrx_kernel_record,host_steady,1,94,2416
hrx_kernel_issue,host_steady,1,94,74583
hrx_kernel_completion,host_steady,1,94,1530125
hrx_kernel_post_issue_wait,host_steady,1,94,1455542
hrx_kernel_record,host_steady,1,95,2834
hrx_kernel_issue,host_steady,1,95,127917
hrx_kernel_completion,host_steady,1,95,1642167
hrx_kernel_post_issue_wait,host_steady,1,95,1514250
hrx_kernel_record,host_steady,1,96,4625
hrx_kernel_issue,host_steady,1,96,77500
hrx_kernel_completion,host_steady,1,96,1591542
hrx_kernel_post_issue_wait,host_steady,1,96,1514042
hrx_kernel_record,host_steady,1,97,2500
hrx_kernel_issue,host_steady,1,97,71084
hrx_kernel_completion,host_steady,1,97,1429375
hrx_kernel_post_issue_wait,host_steady,1,97,1358291
hrx_kernel_record,host_steady,1,98,3334
hrx_kernel_issue,host_steady,1,98,130750
hrx_kernel_completion,host_steady,1,98,1492584
hrx_kernel_post_issue_wait,host_steady,1,98,1361834
hrx_kernel_record,host_steady,1,99,2750
hrx_kernel_issue,host_steady,1,99,60500
hrx_kernel_completion,host_steady,1,99,1572875
hrx_kernel_post_issue_wait,host_steady,1,99,1512375
hrx_kernel_record,host_steady,1,100,2125
hrx_kernel_issue,host_steady,1,100,139875
hrx_kernel_completion,host_steady,1,100,1671542
hrx_kernel_post_issue_wait,host_steady,1,100,1531667
hrx_kernel_record,host_steady,1,101,2000
hrx_kernel_issue,host_steady,1,101,58334
hrx_kernel_completion,host_steady,1,101,1574709
hrx_kernel_post_issue_wait,host_steady,1,101,1516375
hrx_kernel_record,host_steady,1,102,1750
hrx_kernel_issue,host_steady,1,102,56333
hrx_kernel_completion,host_steady,1,102,1501292
hrx_kernel_post_issue_wait,host_steady,1,102,1444959
hrx_kernel_record,host_steady,1,103,2459
hrx_kernel_issue,host_steady,1,103,118250
hrx_kernel_completion,host_steady,1,103,1648459
hrx_kernel_post_issue_wait,host_steady,1,103,1530209
hrx_kernel_record,host_steady,1,104,1917
hrx_kernel_issue,host_steady,1,104,70834
hrx_kernel_completion,host_steady,1,104,1578542
hrx_kernel_post_issue_wait,host_steady,1,104,1507708
hrx_kernel_record,host_steady,1,105,2000
hrx_kernel_issue,host_steady,1,105,60625
hrx_kernel_completion,host_steady,1,105,1567792
hrx_kernel_post_issue_wait,host_steady,1,105,1507167
hrx_kernel_record,host_steady,1,106,3084
hrx_kernel_issue,host_steady,1,106,59042
hrx_kernel_completion,host_steady,1,106,1568792
hrx_kernel_post_issue_wait,host_steady,1,106,1509750
hrx_kernel_record,host_steady,1,107,3333
hrx_kernel_issue,host_steady,1,107,62167
hrx_kernel_completion,host_steady,1,107,1572292
hrx_kernel_post_issue_wait,host_steady,1,107,1510125
hrx_kernel_record,host_steady,1,108,2041
hrx_kernel_issue,host_steady,1,108,58000
hrx_kernel_completion,host_steady,1,108,1568500
hrx_kernel_post_issue_wait,host_steady,1,108,1510500
hrx_kernel_record,host_steady,1,109,3500
hrx_kernel_issue,host_steady,1,109,69625
hrx_kernel_completion,host_steady,1,109,1588959
hrx_kernel_post_issue_wait,host_steady,1,109,1519334
hrx_kernel_record,host_steady,1,110,2042
hrx_kernel_issue,host_steady,1,110,61334
hrx_kernel_completion,host_steady,1,110,1500959
hrx_kernel_post_issue_wait,host_steady,1,110,1439625
hrx_kernel_record,host_steady,1,111,2042
hrx_kernel_issue,host_steady,1,111,56625
hrx_kernel_completion,host_steady,1,111,1121375
hrx_kernel_post_issue_wait,host_steady,1,111,1064750
hrx_kernel_record,host_steady,1,112,2333
hrx_kernel_issue,host_steady,1,112,119625
hrx_kernel_completion,host_steady,1,112,1627875
hrx_kernel_post_issue_wait,host_steady,1,112,1508250
hrx_kernel_record,host_steady,1,113,1834
hrx_kernel_issue,host_steady,1,113,57584
hrx_kernel_completion,host_steady,1,113,1451084
hrx_kernel_post_issue_wait,host_steady,1,113,1393500
hrx_kernel_record,host_steady,1,114,2292
hrx_kernel_issue,host_steady,1,114,115834
hrx_kernel_completion,host_steady,1,114,1628750
hrx_kernel_post_issue_wait,host_steady,1,114,1512916
hrx_kernel_record,host_steady,1,115,2666
hrx_kernel_issue,host_steady,1,115,56625
hrx_kernel_completion,host_steady,1,115,1566750
hrx_kernel_post_issue_wait,host_steady,1,115,1510125
hrx_kernel_record,host_steady,1,116,1959
hrx_kernel_issue,host_steady,1,116,63375
hrx_kernel_completion,host_steady,1,116,1308292
hrx_kernel_post_issue_wait,host_steady,1,116,1244917
hrx_kernel_record,host_steady,1,117,3625
hrx_kernel_issue,host_steady,1,117,105334
hrx_kernel_completion,host_steady,1,117,1618250
hrx_kernel_post_issue_wait,host_steady,1,117,1512916
hrx_kernel_record,host_steady,1,118,2667
hrx_kernel_issue,host_steady,1,118,69917
hrx_kernel_completion,host_steady,1,118,1579500
hrx_kernel_post_issue_wait,host_steady,1,118,1509583
hrx_kernel_record,host_steady,1,119,1917
hrx_kernel_issue,host_steady,1,119,62334
hrx_kernel_completion,host_steady,1,119,1181459
hrx_kernel_post_issue_wait,host_steady,1,119,1119125
hrx_kernel_record,host_steady,1,120,3375
hrx_kernel_issue,host_steady,1,120,117417
hrx_kernel_completion,host_steady,1,120,1631875
hrx_kernel_post_issue_wait,host_steady,1,120,1514458
hrx_kernel_record,host_steady,1,121,8458
hrx_kernel_issue,host_steady,1,121,74625
hrx_kernel_completion,host_steady,1,121,1373792
hrx_kernel_post_issue_wait,host_steady,1,121,1299167
hrx_kernel_record,host_steady,1,122,2416
hrx_kernel_issue,host_steady,1,122,64333
hrx_kernel_completion,host_steady,1,122,1574291
hrx_kernel_post_issue_wait,host_steady,1,122,1509958
hrx_kernel_record,host_steady,1,123,2459
hrx_kernel_issue,host_steady,1,123,57417
hrx_kernel_completion,host_steady,1,123,1564875
hrx_kernel_post_issue_wait,host_steady,1,123,1507458
hrx_kernel_record,host_steady,1,124,2209
hrx_kernel_issue,host_steady,1,124,61709
hrx_kernel_completion,host_steady,1,124,1572042
hrx_kernel_post_issue_wait,host_steady,1,124,1510333
hrx_kernel_record,host_steady,1,125,3291
hrx_kernel_issue,host_steady,1,125,122958
hrx_kernel_completion,host_steady,1,125,1577666
hrx_kernel_post_issue_wait,host_steady,1,125,1454708
hrx_kernel_record,host_steady,1,126,2000
hrx_kernel_issue,host_steady,1,126,121542
hrx_kernel_completion,host_steady,1,126,1664250
hrx_kernel_post_issue_wait,host_steady,1,126,1542708
hrx_kernel_record,host_steady,1,127,2708
hrx_kernel_issue,host_steady,1,127,54833
hrx_kernel_completion,host_steady,1,127,1576125
hrx_kernel_post_issue_wait,host_steady,1,127,1521292
hrx_kernel_record,host_steady,1,128,3834
hrx_kernel_issue,host_steady,1,128,65584
hrx_kernel_completion,host_steady,1,128,1578959
hrx_kernel_post_issue_wait,host_steady,1,128,1513375
hrx_kernel_record,host_steady,1,129,2667
hrx_kernel_issue,host_steady,1,129,86959
hrx_kernel_completion,host_steady,1,129,1133500
hrx_kernel_post_issue_wait,host_steady,1,129,1046541
hrx_kernel_record,host_steady,1,130,1916
hrx_kernel_issue,host_steady,1,130,61166
hrx_kernel_completion,host_steady,1,130,1572541
hrx_kernel_post_issue_wait,host_steady,1,130,1511375
hrx_kernel_record,host_steady,1,131,2500
hrx_kernel_issue,host_steady,1,131,133333
hrx_kernel_completion,host_steady,1,131,1645250
hrx_kernel_post_issue_wait,host_steady,1,131,1511917
hrx_kernel_record,host_steady,1,132,2708
hrx_kernel_issue,host_steady,1,132,63375
hrx_kernel_completion,host_steady,1,132,1572625
hrx_kernel_post_issue_wait,host_steady,1,132,1509250
hrx_kernel_record,host_steady,1,133,1583
hrx_kernel_issue,host_steady,1,133,58458
hrx_kernel_completion,host_steady,1,133,1523416
hrx_kernel_post_issue_wait,host_steady,1,133,1464958
hrx_kernel_record,host_steady,1,134,1667
hrx_kernel_issue,host_steady,1,134,53833
hrx_kernel_completion,host_steady,1,134,1392000
hrx_kernel_post_issue_wait,host_steady,1,134,1338167
hrx_kernel_record,host_steady,1,135,2084
hrx_kernel_issue,host_steady,1,135,60709
hrx_kernel_completion,host_steady,1,135,1577250
hrx_kernel_post_issue_wait,host_steady,1,135,1516541
hrx_kernel_record,host_steady,1,136,2625
hrx_kernel_issue,host_steady,1,136,57500
hrx_kernel_completion,host_steady,1,136,1156625
hrx_kernel_post_issue_wait,host_steady,1,136,1099125
hrx_kernel_record,host_steady,1,137,1792
hrx_kernel_issue,host_steady,1,137,62250
hrx_kernel_completion,host_steady,1,137,1581083
hrx_kernel_post_issue_wait,host_steady,1,137,1518833
hrx_kernel_record,host_steady,1,138,5208
hrx_kernel_issue,host_steady,1,138,92458
hrx_kernel_completion,host_steady,1,138,1609833
hrx_kernel_post_issue_wait,host_steady,1,138,1517375
hrx_kernel_record,host_steady,1,139,3583
hrx_kernel_issue,host_steady,1,139,77750
hrx_kernel_completion,host_steady,1,139,1586291
hrx_kernel_post_issue_wait,host_steady,1,139,1508541
hrx_kernel_record,host_steady,1,140,1916
hrx_kernel_issue,host_steady,1,140,54958
hrx_kernel_completion,host_steady,1,140,1560625
hrx_kernel_post_issue_wait,host_steady,1,140,1505667
hrx_kernel_record,host_steady,1,141,2625
hrx_kernel_issue,host_steady,1,141,67542
hrx_kernel_completion,host_steady,1,141,1576500
hrx_kernel_post_issue_wait,host_steady,1,141,1508958
hrx_kernel_record,host_steady,1,142,1667
hrx_kernel_issue,host_steady,1,142,63250
hrx_kernel_completion,host_steady,1,142,1343250
hrx_kernel_post_issue_wait,host_steady,1,142,1280000
hrx_kernel_record,host_steady,1,143,1833
hrx_kernel_issue,host_steady,1,143,68042
hrx_kernel_completion,host_steady,1,143,1496833
hrx_kernel_post_issue_wait,host_steady,1,143,1428791
hrx_kernel_record,host_steady,1,144,1792
hrx_kernel_issue,host_steady,1,144,60459
hrx_kernel_completion,host_steady,1,144,1496792
hrx_kernel_post_issue_wait,host_steady,1,144,1436333
hrx_kernel_record,host_steady,1,145,2958
hrx_kernel_issue,host_steady,1,145,65417
hrx_kernel_completion,host_steady,1,145,1573542
hrx_kernel_post_issue_wait,host_steady,1,145,1508125
hrx_kernel_record,host_steady,1,146,1667
hrx_kernel_issue,host_steady,1,146,56875
hrx_kernel_completion,host_steady,1,146,1566292
hrx_kernel_post_issue_wait,host_steady,1,146,1509417
hrx_kernel_record,host_steady,1,147,2375
hrx_kernel_issue,host_steady,1,147,67584
hrx_kernel_completion,host_steady,1,147,1577834
hrx_kernel_post_issue_wait,host_steady,1,147,1510250
hrx_kernel_record,host_steady,1,148,1750
hrx_kernel_issue,host_steady,1,148,58167
hrx_kernel_completion,host_steady,1,148,1574375
hrx_kernel_post_issue_wait,host_steady,1,148,1516208
hrx_kernel_record,host_steady,1,149,2250
hrx_kernel_issue,host_steady,1,149,61583
hrx_kernel_completion,host_steady,1,149,1506166
hrx_kernel_post_issue_wait,host_steady,1,149,1444583
hrx_kernel_record,host_steady,1,150,1791
hrx_kernel_issue,host_steady,1,150,65458
hrx_kernel_completion,host_steady,1,150,1193250
hrx_kernel_post_issue_wait,host_steady,1,150,1127792
hrx_kernel_record,host_steady,1,151,2417
hrx_kernel_issue,host_steady,1,151,66667
hrx_kernel_completion,host_steady,1,151,1576000
hrx_kernel_post_issue_wait,host_steady,1,151,1509333
hrx_kernel_record,host_steady,1,152,2083
hrx_kernel_issue,host_steady,1,152,65792
hrx_kernel_completion,host_steady,1,152,1135083
hrx_kernel_post_issue_wait,host_steady,1,152,1069291
hrx_kernel_record,host_steady,1,153,1667
hrx_kernel_issue,host_steady,1,153,118542
hrx_kernel_completion,host_steady,1,153,1636250
hrx_kernel_post_issue_wait,host_steady,1,153,1517708
hrx_kernel_record,host_steady,1,154,3208
hrx_kernel_issue,host_steady,1,154,69250
hrx_kernel_completion,host_steady,1,154,1596916
hrx_kernel_post_issue_wait,host_steady,1,154,1527666
hrx_kernel_record,host_steady,1,155,2375
hrx_kernel_issue,host_steady,1,155,64959
hrx_kernel_completion,host_steady,1,155,1579625
hrx_kernel_post_issue_wait,host_steady,1,155,1514666
hrx_kernel_record,host_steady,1,156,2000
hrx_kernel_issue,host_steady,1,156,66375
hrx_kernel_completion,host_steady,1,156,1581542
hrx_kernel_post_issue_wait,host_steady,1,156,1515167
hrx_kernel_record,host_steady,1,157,2042
hrx_kernel_issue,host_steady,1,157,58459
hrx_kernel_completion,host_steady,1,157,1568500
hrx_kernel_post_issue_wait,host_steady,1,157,1510041
hrx_kernel_record,host_steady,1,158,2417
hrx_kernel_issue,host_steady,1,158,70792
hrx_kernel_completion,host_steady,1,158,1535167
hrx_kernel_post_issue_wait,host_steady,1,158,1464375
hrx_kernel_record,host_steady,1,159,4417
hrx_kernel_issue,host_steady,1,159,65625
hrx_kernel_completion,host_steady,1,159,1575792
hrx_kernel_post_issue_wait,host_steady,1,159,1510167
hrx_kernel_record,host_steady,1,160,2500
hrx_kernel_issue,host_steady,1,160,67834
hrx_kernel_completion,host_steady,1,160,1575625
hrx_kernel_post_issue_wait,host_steady,1,160,1507791
hrx_kernel_record,host_steady,1,161,2333
hrx_kernel_issue,host_steady,1,161,56166
hrx_kernel_completion,host_steady,1,161,1565916
hrx_kernel_post_issue_wait,host_steady,1,161,1509750
hrx_kernel_record,host_steady,1,162,2042
hrx_kernel_issue,host_steady,1,162,62708
hrx_kernel_completion,host_steady,1,162,1570708
hrx_kernel_post_issue_wait,host_steady,1,162,1508000
hrx_kernel_record,host_steady,1,163,1791
hrx_kernel_issue,host_steady,1,163,61500
hrx_kernel_completion,host_steady,1,163,1570291
hrx_kernel_post_issue_wait,host_steady,1,163,1508791
hrx_kernel_record,host_steady,1,164,2709
hrx_kernel_issue,host_steady,1,164,66125
hrx_kernel_completion,host_steady,1,164,1578042
hrx_kernel_post_issue_wait,host_steady,1,164,1511917
hrx_kernel_record,host_steady,1,165,1917
hrx_kernel_issue,host_steady,1,165,63334
hrx_kernel_completion,host_steady,1,165,1589917
hrx_kernel_post_issue_wait,host_steady,1,165,1526583
hrx_kernel_record,host_steady,1,166,2417
hrx_kernel_issue,host_steady,1,166,66250
hrx_kernel_completion,host_steady,1,166,1580209
hrx_kernel_post_issue_wait,host_steady,1,166,1513959
hrx_kernel_record,host_steady,1,167,2791
hrx_kernel_issue,host_steady,1,167,124958
hrx_kernel_completion,host_steady,1,167,1634458
hrx_kernel_post_issue_wait,host_steady,1,167,1509500
hrx_kernel_record,host_steady,1,168,2250
hrx_kernel_issue,host_steady,1,168,55042
hrx_kernel_completion,host_steady,1,168,1367667
hrx_kernel_post_issue_wait,host_steady,1,168,1312625
hrx_kernel_record,host_steady,1,169,2916
hrx_kernel_issue,host_steady,1,169,123583
hrx_kernel_completion,host_steady,1,169,1640833
hrx_kernel_post_issue_wait,host_steady,1,169,1517250
hrx_kernel_record,host_steady,1,170,4042
hrx_kernel_issue,host_steady,1,170,72000
hrx_kernel_completion,host_steady,1,170,1358208
hrx_kernel_post_issue_wait,host_steady,1,170,1286208
hrx_kernel_record,host_steady,1,171,3583
hrx_kernel_issue,host_steady,1,171,137000
hrx_kernel_completion,host_steady,1,171,1654000
hrx_kernel_post_issue_wait,host_steady,1,171,1517000
hrx_kernel_record,host_steady,1,172,2500
hrx_kernel_issue,host_steady,1,172,62750
hrx_kernel_completion,host_steady,1,172,1171042
hrx_kernel_post_issue_wait,host_steady,1,172,1108292
hrx_kernel_record,host_steady,1,173,1875
hrx_kernel_issue,host_steady,1,173,59875
hrx_kernel_completion,host_steady,1,173,1572458
hrx_kernel_post_issue_wait,host_steady,1,173,1512583
hrx_kernel_record,host_steady,1,174,3209
hrx_kernel_issue,host_steady,1,174,78125
hrx_kernel_completion,host_steady,1,174,1157417
hrx_kernel_post_issue_wait,host_steady,1,174,1079292
hrx_kernel_record,host_steady,1,175,3417
hrx_kernel_issue,host_steady,1,175,131750
hrx_kernel_completion,host_steady,1,175,1572458
hrx_kernel_post_issue_wait,host_steady,1,175,1440708
hrx_kernel_record,host_steady,1,176,2041
hrx_kernel_issue,host_steady,1,176,127833
hrx_kernel_completion,host_steady,1,176,1636875
hrx_kernel_post_issue_wait,host_steady,1,176,1509042
hrx_kernel_record,host_steady,1,177,2125
hrx_kernel_issue,host_steady,1,177,58375
hrx_kernel_completion,host_steady,1,177,1291292
hrx_kernel_post_issue_wait,host_steady,1,177,1232917
hrx_kernel_record,host_steady,1,178,2208
hrx_kernel_issue,host_steady,1,178,113583
hrx_kernel_completion,host_steady,1,178,1492875
hrx_kernel_post_issue_wait,host_steady,1,178,1379292
hrx_kernel_record,host_steady,1,179,3500
hrx_kernel_issue,host_steady,1,179,70709
hrx_kernel_completion,host_steady,1,179,1500417
hrx_kernel_post_issue_wait,host_steady,1,179,1429708
hrx_kernel_record,host_steady,1,180,2042
hrx_kernel_issue,host_steady,1,180,87792
hrx_kernel_completion,host_steady,1,180,1602417
hrx_kernel_post_issue_wait,host_steady,1,180,1514625
hrx_kernel_record,host_steady,1,181,2917
hrx_kernel_issue,host_steady,1,181,60292
hrx_kernel_completion,host_steady,1,181,1574583
hrx_kernel_post_issue_wait,host_steady,1,181,1514291
hrx_kernel_record,host_steady,1,182,2166
hrx_kernel_issue,host_steady,1,182,58000
hrx_kernel_completion,host_steady,1,182,1578416
hrx_kernel_post_issue_wait,host_steady,1,182,1520416
hrx_kernel_record,host_steady,1,183,2334
hrx_kernel_issue,host_steady,1,183,68334
hrx_kernel_completion,host_steady,1,183,1584042
hrx_kernel_post_issue_wait,host_steady,1,183,1515708
hrx_kernel_record,host_steady,1,184,2125
hrx_kernel_issue,host_steady,1,184,61833
hrx_kernel_completion,host_steady,1,184,1577458
hrx_kernel_post_issue_wait,host_steady,1,184,1515625
hrx_kernel_record,host_steady,1,185,1875
hrx_kernel_issue,host_steady,1,185,58500
hrx_kernel_completion,host_steady,1,185,1075500
hrx_kernel_post_issue_wait,host_steady,1,185,1017000
hrx_kernel_record,host_steady,1,186,1875
hrx_kernel_issue,host_steady,1,186,102583
hrx_kernel_completion,host_steady,1,186,1610875
hrx_kernel_post_issue_wait,host_steady,1,186,1508292
hrx_kernel_record,host_steady,1,187,2250
hrx_kernel_issue,host_steady,1,187,65167
hrx_kernel_completion,host_steady,1,187,1575042
hrx_kernel_post_issue_wait,host_steady,1,187,1509875
hrx_kernel_record,host_steady,1,188,1625
hrx_kernel_issue,host_steady,1,188,58084
hrx_kernel_completion,host_steady,1,188,1296459
hrx_kernel_post_issue_wait,host_steady,1,188,1238375
hrx_kernel_record,host_steady,1,189,1542
hrx_kernel_issue,host_steady,1,189,122584
hrx_kernel_completion,host_steady,1,189,1640917
hrx_kernel_post_issue_wait,host_steady,1,189,1518333
hrx_kernel_record,host_steady,1,190,1875
hrx_kernel_issue,host_steady,1,190,54958
hrx_kernel_completion,host_steady,1,190,1567833
hrx_kernel_post_issue_wait,host_steady,1,190,1512875
hrx_kernel_record,host_steady,1,191,2375
hrx_kernel_issue,host_steady,1,191,60083
hrx_kernel_completion,host_steady,1,191,1518083
hrx_kernel_post_issue_wait,host_steady,1,191,1458000
hrx_kernel_record,host_steady,1,192,2417
hrx_kernel_issue,host_steady,1,192,122625
hrx_kernel_completion,host_steady,1,192,1668084
hrx_kernel_post_issue_wait,host_steady,1,192,1545459
hrx_kernel_record,host_steady,1,193,4625
hrx_kernel_issue,host_steady,1,193,177708
hrx_kernel_completion,host_steady,1,193,1452708
hrx_kernel_post_issue_wait,host_steady,1,193,1275000
hrx_kernel_record,host_steady,1,194,2792
hrx_kernel_issue,host_steady,1,194,78834
hrx_kernel_completion,host_steady,1,194,1591209
hrx_kernel_post_issue_wait,host_steady,1,194,1512375
hrx_kernel_record,host_steady,1,195,2209
hrx_kernel_issue,host_steady,1,195,144667
hrx_kernel_completion,host_steady,1,195,1508084
hrx_kernel_post_issue_wait,host_steady,1,195,1363417
hrx_kernel_record,host_steady,1,196,1542
hrx_kernel_issue,host_steady,1,196,77000
hrx_kernel_completion,host_steady,1,196,1589917
hrx_kernel_post_issue_wait,host_steady,1,196,1512917
hrx_kernel_record,host_steady,1,197,3042
hrx_kernel_issue,host_steady,1,197,132625
hrx_kernel_completion,host_steady,1,197,1589833
hrx_kernel_post_issue_wait,host_steady,1,197,1457208
hrx_kernel_record,host_steady,1,198,1500
hrx_kernel_issue,host_steady,1,198,217958
hrx_kernel_completion,host_steady,1,198,1581000
hrx_kernel_post_issue_wait,host_steady,1,198,1363042
hrx_kernel_record,host_steady,1,199,1541
hrx_kernel_issue,host_steady,1,199,138333
hrx_kernel_completion,host_steady,1,199,1645875
hrx_kernel_post_issue_wait,host_steady,1,199,1507542
hsa_kernel_issue,host_steady,1,0,67791
hsa_kernel_completion,host_steady,1,0,183541
hsa_kernel_cp_duration,gpu_agent,1,0,5640
hsa_kernel_issue,host_steady,1,1,271084
hsa_kernel_completion,host_steady,1,1,375167
hsa_kernel_cp_duration,gpu_agent,1,1,5600
hsa_kernel_issue,host_steady,1,2,78792
hsa_kernel_completion,host_steady,1,2,193750
hsa_kernel_cp_duration,gpu_agent,1,2,5640
hsa_kernel_issue,host_steady,1,3,60584
hsa_kernel_completion,host_steady,1,3,177500
hsa_kernel_cp_duration,gpu_agent,1,3,5000
hsa_kernel_issue,host_steady,1,4,160750
hsa_kernel_completion,host_steady,1,4,262291
hsa_kernel_cp_duration,gpu_agent,1,4,5640
hsa_kernel_issue,host_steady,1,5,71083
hsa_kernel_completion,host_steady,1,5,183083
hsa_kernel_cp_duration,gpu_agent,1,5,5080
hsa_kernel_issue,host_steady,1,6,67833
hsa_kernel_completion,host_steady,1,6,184167
hsa_kernel_cp_duration,gpu_agent,1,6,5680
hsa_kernel_issue,host_steady,1,7,163000
hsa_kernel_completion,host_steady,1,7,276291
hsa_kernel_cp_duration,gpu_agent,1,7,5040
hsa_kernel_issue,host_steady,1,8,62500
hsa_kernel_completion,host_steady,1,8,181750
hsa_kernel_cp_duration,gpu_agent,1,8,6040
hsa_kernel_issue,host_steady,1,9,73750
hsa_kernel_completion,host_steady,1,9,185958
hsa_kernel_cp_duration,gpu_agent,1,9,4800
hsa_kernel_issue,host_steady,1,10,79958
hsa_kernel_completion,host_steady,1,10,194458
hsa_kernel_cp_duration,gpu_agent,1,10,5280
hsa_kernel_issue,host_steady,1,11,56625
hsa_kernel_completion,host_steady,1,11,175666
hsa_kernel_cp_duration,gpu_agent,1,11,5280
hsa_kernel_issue,host_steady,1,12,76000
hsa_kernel_completion,host_steady,1,12,192458
hsa_kernel_cp_duration,gpu_agent,1,12,6560
hsa_kernel_issue,host_steady,1,13,66792
hsa_kernel_completion,host_steady,1,13,178667
hsa_kernel_cp_duration,gpu_agent,1,13,4880
hsa_kernel_issue,host_steady,1,14,123583
hsa_kernel_completion,host_steady,1,14,237125
hsa_kernel_cp_duration,gpu_agent,1,14,5040
hsa_kernel_issue,host_steady,1,15,68792
hsa_kernel_completion,host_steady,1,15,184334
hsa_kernel_cp_duration,gpu_agent,1,15,5720
hsa_kernel_issue,host_steady,1,16,1959541
hsa_kernel_completion,host_steady,1,16,2052083
hsa_kernel_cp_duration,gpu_agent,1,16,5120
hsa_kernel_issue,host_steady,1,17,68459
hsa_kernel_completion,host_steady,1,17,179834
hsa_kernel_cp_duration,gpu_agent,1,17,4760
hsa_kernel_issue,host_steady,1,18,275042
hsa_kernel_completion,host_steady,1,18,376375
hsa_kernel_cp_duration,gpu_agent,1,18,5080
hsa_kernel_issue,host_steady,1,19,73125
hsa_kernel_completion,host_steady,1,19,189834
hsa_kernel_cp_duration,gpu_agent,1,19,5680
hsa_kernel_issue,host_steady,1,20,63333
hsa_kernel_completion,host_steady,1,20,178625
hsa_kernel_cp_duration,gpu_agent,1,20,5480
hsa_kernel_issue,host_steady,1,21,65666
hsa_kernel_completion,host_steady,1,21,180583
hsa_kernel_cp_duration,gpu_agent,1,21,4960
hsa_kernel_issue,host_steady,1,22,141167
hsa_kernel_completion,host_steady,1,22,245125
hsa_kernel_cp_duration,gpu_agent,1,22,5680
hsa_kernel_issue,host_steady,1,23,135958
hsa_kernel_completion,host_steady,1,23,239083
hsa_kernel_cp_duration,gpu_agent,1,23,5680
hsa_kernel_issue,host_steady,1,24,76000
hsa_kernel_completion,host_steady,1,24,191916
hsa_kernel_cp_duration,gpu_agent,1,24,5760
hsa_kernel_issue,host_steady,1,25,64792
hsa_kernel_completion,host_steady,1,25,178542
hsa_kernel_cp_duration,gpu_agent,1,25,5240
hsa_kernel_issue,host_steady,1,26,72583
hsa_kernel_completion,host_steady,1,26,186375
hsa_kernel_cp_duration,gpu_agent,1,26,5080
hsa_kernel_issue,host_steady,1,27,62292
hsa_kernel_completion,host_steady,1,27,177750
hsa_kernel_cp_duration,gpu_agent,1,27,5240
hsa_kernel_issue,host_steady,1,28,212000
hsa_kernel_completion,host_steady,1,28,314625
hsa_kernel_cp_duration,gpu_agent,1,28,4920
hsa_kernel_issue,host_steady,1,29,246542
hsa_kernel_completion,host_steady,1,29,349667
hsa_kernel_cp_duration,gpu_agent,1,29,5120
hsa_kernel_issue,host_steady,1,30,65542
hsa_kernel_completion,host_steady,1,30,179959
hsa_kernel_cp_duration,gpu_agent,1,30,5280
hsa_kernel_issue,host_steady,1,31,67417
hsa_kernel_completion,host_steady,1,31,182417
hsa_kernel_cp_duration,gpu_agent,1,31,5280
hsa_kernel_issue,host_steady,1,32,65042
hsa_kernel_completion,host_steady,1,32,180500
hsa_kernel_cp_duration,gpu_agent,1,32,5680
hsa_kernel_issue,host_steady,1,33,57625
hsa_kernel_completion,host_steady,1,33,173542
hsa_kernel_cp_duration,gpu_agent,1,33,5640
hsa_kernel_issue,host_steady,1,34,236542
hsa_kernel_completion,host_steady,1,34,339167
hsa_kernel_cp_duration,gpu_agent,1,34,5640
hsa_kernel_issue,host_steady,1,35,77666
hsa_kernel_completion,host_steady,1,35,195625
hsa_kernel_cp_duration,gpu_agent,1,35,6480
hsa_kernel_issue,host_steady,1,36,65416
hsa_kernel_completion,host_steady,1,36,179125
hsa_kernel_cp_duration,gpu_agent,1,36,4880
hsa_kernel_issue,host_steady,1,37,67542
hsa_kernel_completion,host_steady,1,37,185833
hsa_kernel_cp_duration,gpu_agent,1,37,5640
hsa_kernel_issue,host_steady,1,38,67750
hsa_kernel_completion,host_steady,1,38,183250
hsa_kernel_cp_duration,gpu_agent,1,38,5600
hsa_kernel_issue,host_steady,1,39,63917
hsa_kernel_completion,host_steady,1,39,178792
hsa_kernel_cp_duration,gpu_agent,1,39,4880
hsa_kernel_issue,host_steady,1,40,179333
hsa_kernel_completion,host_steady,1,40,282958
hsa_kernel_cp_duration,gpu_agent,1,40,5280
hsa_kernel_issue,host_steady,1,41,72833
hsa_kernel_completion,host_steady,1,41,184583
hsa_kernel_cp_duration,gpu_agent,1,41,5080
hsa_kernel_issue,host_steady,1,42,70417
hsa_kernel_completion,host_steady,1,42,183750
hsa_kernel_cp_duration,gpu_agent,1,42,5680
hsa_kernel_issue,host_steady,1,43,68875
hsa_kernel_completion,host_steady,1,43,184000
hsa_kernel_cp_duration,gpu_agent,1,43,5680
hsa_kernel_issue,host_steady,1,44,66708
hsa_kernel_completion,host_steady,1,44,182916
hsa_kernel_cp_duration,gpu_agent,1,44,5240
hsa_kernel_issue,host_steady,1,45,61292
hsa_kernel_completion,host_steady,1,45,178334
hsa_kernel_cp_duration,gpu_agent,1,45,5720
hsa_kernel_issue,host_steady,1,46,325250
hsa_kernel_completion,host_steady,1,46,429958
hsa_kernel_cp_duration,gpu_agent,1,46,5640
hsa_kernel_issue,host_steady,1,47,119666
hsa_kernel_completion,host_steady,1,47,234875
hsa_kernel_cp_duration,gpu_agent,1,47,5640
hsa_kernel_issue,host_steady,1,48,69750
hsa_kernel_completion,host_steady,1,48,187417
hsa_kernel_cp_duration,gpu_agent,1,48,5720
hsa_kernel_issue,host_steady,1,49,66792
hsa_kernel_completion,host_steady,1,49,184625
hsa_kernel_cp_duration,gpu_agent,1,49,5360
hsa_kernel_issue,host_steady,1,50,83166
hsa_kernel_completion,host_steady,1,50,192000
hsa_kernel_cp_duration,gpu_agent,1,50,5680
hsa_kernel_issue,host_steady,1,51,62583
hsa_kernel_completion,host_steady,1,51,181708
hsa_kernel_cp_duration,gpu_agent,1,51,5360
hsa_kernel_issue,host_steady,1,52,90958
hsa_kernel_completion,host_steady,1,52,202125
hsa_kernel_cp_duration,gpu_agent,1,52,5120
hsa_kernel_issue,host_steady,1,53,59417
hsa_kernel_completion,host_steady,1,53,173042
hsa_kernel_cp_duration,gpu_agent,1,53,5280
hsa_kernel_issue,host_steady,1,54,61916
hsa_kernel_completion,host_steady,1,54,176125
hsa_kernel_cp_duration,gpu_agent,1,54,5240
hsa_kernel_issue,host_steady,1,55,59875
hsa_kernel_completion,host_steady,1,55,175125
hsa_kernel_cp_duration,gpu_agent,1,55,5080
hsa_kernel_issue,host_steady,1,56,63541
hsa_kernel_completion,host_steady,1,56,177333
hsa_kernel_cp_duration,gpu_agent,1,56,5080
hsa_kernel_issue,host_steady,1,57,83584
hsa_kernel_completion,host_steady,1,57,196167
hsa_kernel_cp_duration,gpu_agent,1,57,5080
hsa_kernel_issue,host_steady,1,58,58959
hsa_kernel_completion,host_steady,1,58,173834
hsa_kernel_cp_duration,gpu_agent,1,58,5080
hsa_kernel_issue,host_steady,1,59,68375
hsa_kernel_completion,host_steady,1,59,183542
hsa_kernel_cp_duration,gpu_agent,1,59,5080
hsa_kernel_issue,host_steady,1,60,65792
hsa_kernel_completion,host_steady,1,60,179709
hsa_kernel_cp_duration,gpu_agent,1,60,5120
hsa_kernel_issue,host_steady,1,61,65458
hsa_kernel_completion,host_steady,1,61,180250
hsa_kernel_cp_duration,gpu_agent,1,61,5000
hsa_kernel_issue,host_steady,1,62,60000
hsa_kernel_completion,host_steady,1,62,175041
hsa_kernel_cp_duration,gpu_agent,1,62,5120
hsa_kernel_issue,host_steady,1,63,209833
hsa_kernel_completion,host_steady,1,63,313917
hsa_kernel_cp_duration,gpu_agent,1,63,5080
hsa_kernel_issue,host_steady,1,64,63000
hsa_kernel_completion,host_steady,1,64,177875
hsa_kernel_cp_duration,gpu_agent,1,64,5120
hsa_kernel_issue,host_steady,1,65,62375
hsa_kernel_completion,host_steady,1,65,178542
hsa_kernel_cp_duration,gpu_agent,1,65,5080
hsa_kernel_issue,host_steady,1,66,63875
hsa_kernel_completion,host_steady,1,66,178708
hsa_kernel_cp_duration,gpu_agent,1,66,5120
hsa_kernel_issue,host_steady,1,67,66458
hsa_kernel_completion,host_steady,1,67,175667
hsa_kernel_cp_duration,gpu_agent,1,67,4800
hsa_kernel_issue,host_steady,1,68,65500
hsa_kernel_completion,host_steady,1,68,170417
hsa_kernel_cp_duration,gpu_agent,1,68,5680
hsa_kernel_issue,host_steady,1,69,199791
hsa_kernel_completion,host_steady,1,69,303333
hsa_kernel_cp_duration,gpu_agent,1,69,5680
hsa_kernel_issue,host_steady,1,70,61833
hsa_kernel_completion,host_steady,1,70,177125
hsa_kernel_cp_duration,gpu_agent,1,70,5720
hsa_kernel_issue,host_steady,1,71,89833
hsa_kernel_completion,host_steady,1,71,202208
hsa_kernel_cp_duration,gpu_agent,1,71,5680
hsa_kernel_issue,host_steady,1,72,64125
hsa_kernel_completion,host_steady,1,72,180791
hsa_kernel_cp_duration,gpu_agent,1,72,5760
hsa_kernel_issue,host_steady,1,73,65333
hsa_kernel_completion,host_steady,1,73,180125
hsa_kernel_cp_duration,gpu_agent,1,73,5160
hsa_kernel_issue,host_steady,1,74,3209666
hsa_kernel_completion,host_steady,1,74,3290166
hsa_kernel_cp_duration,gpu_agent,1,74,5720
hsa_kernel_issue,host_steady,1,75,67500
hsa_kernel_completion,host_steady,1,75,182500
hsa_kernel_cp_duration,gpu_agent,1,75,5680
hsa_kernel_issue,host_steady,1,76,70875
hsa_kernel_completion,host_steady,1,76,184834
hsa_kernel_cp_duration,gpu_agent,1,76,5680
hsa_kernel_issue,host_steady,1,77,55750
hsa_kernel_completion,host_steady,1,77,172083
hsa_kernel_cp_duration,gpu_agent,1,77,5920
hsa_kernel_issue,host_steady,1,78,62125
hsa_kernel_completion,host_steady,1,78,176042
hsa_kernel_cp_duration,gpu_agent,1,78,5160
hsa_kernel_issue,host_steady,1,79,59875
hsa_kernel_completion,host_steady,1,79,174792
hsa_kernel_cp_duration,gpu_agent,1,79,5120
hsa_kernel_issue,host_steady,1,80,164250
hsa_kernel_completion,host_steady,1,80,270667
hsa_kernel_cp_duration,gpu_agent,1,80,5160
hsa_kernel_issue,host_steady,1,81,162709
hsa_kernel_completion,host_steady,1,81,269459
hsa_kernel_cp_duration,gpu_agent,1,81,4960
hsa_kernel_issue,host_steady,1,82,56667
hsa_kernel_completion,host_steady,1,82,170042
hsa_kernel_cp_duration,gpu_agent,1,82,4800
hsa_kernel_issue,host_steady,1,83,57625
hsa_kernel_completion,host_steady,1,83,173333
hsa_kernel_cp_duration,gpu_agent,1,83,5200
hsa_kernel_issue,host_steady,1,84,66792
hsa_kernel_completion,host_steady,1,84,172875
hsa_kernel_cp_duration,gpu_agent,1,84,5160
hsa_kernel_issue,host_steady,1,85,58834
hsa_kernel_completion,host_steady,1,85,173500
hsa_kernel_cp_duration,gpu_agent,1,85,5160
hsa_kernel_issue,host_steady,1,86,66000
hsa_kernel_completion,host_steady,1,86,179875
hsa_kernel_cp_duration,gpu_agent,1,86,5160
hsa_kernel_issue,host_steady,1,87,71416
hsa_kernel_completion,host_steady,1,87,186458
hsa_kernel_cp_duration,gpu_agent,1,87,5200
hsa_kernel_issue,host_steady,1,88,71042
hsa_kernel_completion,host_steady,1,88,182458
hsa_kernel_cp_duration,gpu_agent,1,88,5120
hsa_kernel_issue,host_steady,1,89,64292
hsa_kernel_completion,host_steady,1,89,178042
hsa_kernel_cp_duration,gpu_agent,1,89,5160
hsa_kernel_issue,host_steady,1,90,53084
hsa_kernel_completion,host_steady,1,90,168542
hsa_kernel_cp_duration,gpu_agent,1,90,5160
hsa_kernel_issue,host_steady,1,91,77792
hsa_kernel_completion,host_steady,1,91,189458
hsa_kernel_cp_duration,gpu_agent,1,91,4920
hsa_kernel_issue,host_steady,1,92,67208
hsa_kernel_completion,host_steady,1,92,179708
hsa_kernel_cp_duration,gpu_agent,1,92,5200
hsa_kernel_issue,host_steady,1,93,96584
hsa_kernel_completion,host_steady,1,93,205792
hsa_kernel_cp_duration,gpu_agent,1,93,5040
hsa_kernel_issue,host_steady,1,94,69250
hsa_kernel_completion,host_steady,1,94,183542
hsa_kernel_cp_duration,gpu_agent,1,94,5800
hsa_kernel_issue,host_steady,1,95,63500
hsa_kernel_completion,host_steady,1,95,177208
hsa_kernel_cp_duration,gpu_agent,1,95,5000
hsa_kernel_issue,host_steady,1,96,65583
hsa_kernel_completion,host_steady,1,96,181583
hsa_kernel_cp_duration,gpu_agent,1,96,5440
hsa_kernel_issue,host_steady,1,97,71333
hsa_kernel_completion,host_steady,1,97,179208
hsa_kernel_cp_duration,gpu_agent,1,97,4200
hsa_kernel_issue,host_steady,1,98,59959
hsa_kernel_completion,host_steady,1,98,173917
hsa_kernel_cp_duration,gpu_agent,1,98,4280
hsa_kernel_issue,host_steady,1,99,73125
hsa_kernel_completion,host_steady,1,99,181167
hsa_kernel_cp_duration,gpu_agent,1,99,4520
hsa_kernel_issue,host_steady,1,100,59084
hsa_kernel_completion,host_steady,1,100,170667
hsa_kernel_cp_duration,gpu_agent,1,100,4120
hsa_kernel_issue,host_steady,1,101,65125
hsa_kernel_completion,host_steady,1,101,176667
hsa_kernel_cp_duration,gpu_agent,1,101,4200
hsa_kernel_issue,host_steady,1,102,60833
hsa_kernel_completion,host_steady,1,102,172625
hsa_kernel_cp_duration,gpu_agent,1,102,4400
hsa_kernel_issue,host_steady,1,103,71167
hsa_kernel_completion,host_steady,1,103,183208
hsa_kernel_cp_duration,gpu_agent,1,103,4680
hsa_kernel_issue,host_steady,1,104,64500
hsa_kernel_completion,host_steady,1,104,182041
hsa_kernel_cp_duration,gpu_agent,1,104,5120
hsa_kernel_issue,host_steady,1,105,80959
hsa_kernel_completion,host_steady,1,105,189959
hsa_kernel_cp_duration,gpu_agent,1,105,4320
hsa_kernel_issue,host_steady,1,106,64042
hsa_kernel_completion,host_steady,1,106,176333
hsa_kernel_cp_duration,gpu_agent,1,106,5120
hsa_kernel_issue,host_steady,1,107,74167
hsa_kernel_completion,host_steady,1,107,185959
hsa_kernel_cp_duration,gpu_agent,1,107,5120
hsa_kernel_issue,host_steady,1,108,64334
hsa_kernel_completion,host_steady,1,108,175875
hsa_kernel_cp_duration,gpu_agent,1,108,4560
hsa_kernel_issue,host_steady,1,109,63750
hsa_kernel_completion,host_steady,1,109,177875
hsa_kernel_cp_duration,gpu_agent,1,109,5080
hsa_kernel_issue,host_steady,1,110,67125
hsa_kernel_completion,host_steady,1,110,181250
hsa_kernel_cp_duration,gpu_agent,1,110,4920
hsa_kernel_issue,host_steady,1,111,71916
hsa_kernel_completion,host_steady,1,111,178166
hsa_kernel_cp_duration,gpu_agent,1,111,4200
hsa_kernel_issue,host_steady,1,112,70250
hsa_kernel_completion,host_steady,1,112,183042
hsa_kernel_cp_duration,gpu_agent,1,112,4680
hsa_kernel_issue,host_steady,1,113,63208
hsa_kernel_completion,host_steady,1,113,176833
hsa_kernel_cp_duration,gpu_agent,1,113,4640
hsa_kernel_issue,host_steady,1,114,183917
hsa_kernel_completion,host_steady,1,114,287167
hsa_kernel_cp_duration,gpu_agent,1,114,4680
hsa_kernel_issue,host_steady,1,115,66625
hsa_kernel_completion,host_steady,1,115,177792
hsa_kernel_cp_duration,gpu_agent,1,115,4720
hsa_kernel_issue,host_steady,1,116,65917
hsa_kernel_completion,host_steady,1,116,178334
hsa_kernel_cp_duration,gpu_agent,1,116,4720
hsa_kernel_issue,host_steady,1,117,64792
hsa_kernel_completion,host_steady,1,117,179250
hsa_kernel_cp_duration,gpu_agent,1,117,5040
hsa_kernel_issue,host_steady,1,118,62125
hsa_kernel_completion,host_steady,1,118,171750
hsa_kernel_cp_duration,gpu_agent,1,118,4240
hsa_kernel_issue,host_steady,1,119,63750
hsa_kernel_completion,host_steady,1,119,178500
hsa_kernel_cp_duration,gpu_agent,1,119,5040
hsa_kernel_issue,host_steady,1,120,79458
hsa_kernel_completion,host_steady,1,120,189541
hsa_kernel_cp_duration,gpu_agent,1,120,5080
hsa_kernel_issue,host_steady,1,121,75042
hsa_kernel_completion,host_steady,1,121,189125
hsa_kernel_cp_duration,gpu_agent,1,121,5040
hsa_kernel_issue,host_steady,1,122,56709
hsa_kernel_completion,host_steady,1,122,171959
hsa_kernel_cp_duration,gpu_agent,1,122,5080
hsa_kernel_issue,host_steady,1,123,59375
hsa_kernel_completion,host_steady,1,123,174917
hsa_kernel_cp_duration,gpu_agent,1,123,5080
hsa_kernel_issue,host_steady,1,124,69334
hsa_kernel_completion,host_steady,1,124,182209
hsa_kernel_cp_duration,gpu_agent,1,124,4480
hsa_kernel_issue,host_steady,1,125,73417
hsa_kernel_completion,host_steady,1,125,185417
hsa_kernel_cp_duration,gpu_agent,1,125,5040
hsa_kernel_issue,host_steady,1,126,80125
hsa_kernel_completion,host_steady,1,126,192583
hsa_kernel_cp_duration,gpu_agent,1,126,4560
hsa_kernel_issue,host_steady,1,127,67625
hsa_kernel_completion,host_steady,1,127,180958
hsa_kernel_cp_duration,gpu_agent,1,127,5080
hsa_kernel_issue,host_steady,1,128,70125
hsa_kernel_completion,host_steady,1,128,184000
hsa_kernel_cp_duration,gpu_agent,1,128,5000
hsa_kernel_issue,host_steady,1,129,113666
hsa_kernel_completion,host_steady,1,129,216916
hsa_kernel_cp_duration,gpu_agent,1,129,5040
hsa_kernel_issue,host_steady,1,130,73167
hsa_kernel_completion,host_steady,1,130,186500
hsa_kernel_cp_duration,gpu_agent,1,130,5040
hsa_kernel_issue,host_steady,1,131,211542
hsa_kernel_completion,host_steady,1,131,310375
hsa_kernel_cp_duration,gpu_agent,1,131,4200
hsa_kernel_issue,host_steady,1,132,68833
hsa_kernel_completion,host_steady,1,132,180708
hsa_kernel_cp_duration,gpu_agent,1,132,4320
hsa_kernel_issue,host_steady,1,133,65583
hsa_kernel_completion,host_steady,1,133,180083
hsa_kernel_cp_duration,gpu_agent,1,133,5040
hsa_kernel_issue,host_steady,1,134,66792
hsa_kernel_completion,host_steady,1,134,183375
hsa_kernel_cp_duration,gpu_agent,1,134,5080
hsa_kernel_issue,host_steady,1,135,74750
hsa_kernel_completion,host_steady,1,135,186625
hsa_kernel_cp_duration,gpu_agent,1,135,5040
hsa_kernel_issue,host_steady,1,136,65125
hsa_kernel_completion,host_steady,1,136,180125
hsa_kernel_cp_duration,gpu_agent,1,136,5160
hsa_kernel_issue,host_steady,1,137,79375
hsa_kernel_completion,host_steady,1,137,190833
hsa_kernel_cp_duration,gpu_agent,1,137,4640
hsa_kernel_issue,host_steady,1,138,64833
hsa_kernel_completion,host_steady,1,138,177125
hsa_kernel_cp_duration,gpu_agent,1,138,5040
hsa_kernel_issue,host_steady,1,139,64334
hsa_kernel_completion,host_steady,1,139,178750
hsa_kernel_cp_duration,gpu_agent,1,139,5080
hsa_kernel_issue,host_steady,1,140,103583
hsa_kernel_completion,host_steady,1,140,215667
hsa_kernel_cp_duration,gpu_agent,1,140,4360
hsa_kernel_issue,host_steady,1,141,183833
hsa_kernel_completion,host_steady,1,141,298333
hsa_kernel_cp_duration,gpu_agent,1,141,4520
hsa_kernel_issue,host_steady,1,142,79875
hsa_kernel_completion,host_steady,1,142,191208
hsa_kernel_cp_duration,gpu_agent,1,142,5080
hsa_kernel_issue,host_steady,1,143,70000
hsa_kernel_completion,host_steady,1,143,183541
hsa_kernel_cp_duration,gpu_agent,1,143,5080
hsa_kernel_issue,host_steady,1,144,68041
hsa_kernel_completion,host_steady,1,144,181333
hsa_kernel_cp_duration,gpu_agent,1,144,4520
hsa_kernel_issue,host_steady,1,145,67625
hsa_kernel_completion,host_steady,1,145,180417
hsa_kernel_cp_duration,gpu_agent,1,145,4440
hsa_kernel_issue,host_steady,1,146,64667
hsa_kernel_completion,host_steady,1,146,179708
hsa_kernel_cp_duration,gpu_agent,1,146,5080
hsa_kernel_issue,host_steady,1,147,81875
hsa_kernel_completion,host_steady,1,147,193542
hsa_kernel_cp_duration,gpu_agent,1,147,5040
hsa_kernel_issue,host_steady,1,148,207625
hsa_kernel_completion,host_steady,1,148,302042
hsa_kernel_cp_duration,gpu_agent,1,148,5080
hsa_kernel_issue,host_steady,1,149,67916
hsa_kernel_completion,host_steady,1,149,148791
hsa_kernel_cp_duration,gpu_agent,1,149,5080
hsa_kernel_issue,host_steady,1,150,69083
hsa_kernel_completion,host_steady,1,150,183667
hsa_kernel_cp_duration,gpu_agent,1,150,4360
hsa_kernel_issue,host_steady,1,151,74500
hsa_kernel_completion,host_steady,1,151,186459
hsa_kernel_cp_duration,gpu_agent,1,151,4440
hsa_kernel_issue,host_steady,1,152,69666
hsa_kernel_completion,host_steady,1,152,187083
hsa_kernel_cp_duration,gpu_agent,1,152,5160
hsa_kernel_issue,host_steady,1,153,68750
hsa_kernel_completion,host_steady,1,153,186208
hsa_kernel_cp_duration,gpu_agent,1,153,5160
hsa_kernel_issue,host_steady,1,154,105875
hsa_kernel_completion,host_steady,1,154,208000
hsa_kernel_cp_duration,gpu_agent,1,154,5080
hsa_kernel_issue,host_steady,1,155,65583
hsa_kernel_completion,host_steady,1,155,184917
hsa_kernel_cp_duration,gpu_agent,1,155,5960
hsa_kernel_issue,host_steady,1,156,64833
hsa_kernel_completion,host_steady,1,156,185666
hsa_kernel_cp_duration,gpu_agent,1,156,5920
hsa_kernel_issue,host_steady,1,157,71333
hsa_kernel_completion,host_steady,1,157,180708
hsa_kernel_cp_duration,gpu_agent,1,157,4280
hsa_kernel_issue,host_steady,1,158,220333
hsa_kernel_completion,host_steady,1,158,319041
hsa_kernel_cp_duration,gpu_agent,1,158,5080
hsa_kernel_issue,host_steady,1,159,79958
hsa_kernel_completion,host_steady,1,159,194708
hsa_kernel_cp_duration,gpu_agent,1,159,5920
hsa_kernel_issue,host_steady,1,160,61084
hsa_kernel_completion,host_steady,1,160,173750
hsa_kernel_cp_duration,gpu_agent,1,160,4440
hsa_kernel_issue,host_steady,1,161,68917
hsa_kernel_completion,host_steady,1,161,183583
hsa_kernel_cp_duration,gpu_agent,1,161,4760
hsa_kernel_issue,host_steady,1,162,60208
hsa_kernel_completion,host_steady,1,162,172958
hsa_kernel_cp_duration,gpu_agent,1,162,4440
hsa_kernel_issue,host_steady,1,163,60958
hsa_kernel_completion,host_steady,1,163,179917
hsa_kernel_cp_duration,gpu_agent,1,163,5880
hsa_kernel_issue,host_steady,1,164,290916
hsa_kernel_completion,host_steady,1,164,394500
hsa_kernel_cp_duration,gpu_agent,1,164,5880
hsa_kernel_issue,host_steady,1,165,181583
hsa_kernel_completion,host_steady,1,165,284583
hsa_kernel_cp_duration,gpu_agent,1,165,4240
hsa_kernel_issue,host_steady,1,166,58166
hsa_kernel_completion,host_steady,1,166,169375
hsa_kernel_cp_duration,gpu_agent,1,166,5080
hsa_kernel_issue,host_steady,1,167,75250
hsa_kernel_completion,host_steady,1,167,183375
hsa_kernel_cp_duration,gpu_agent,1,167,4280
hsa_kernel_issue,host_steady,1,168,61459
hsa_kernel_completion,host_steady,1,168,175584
hsa_kernel_cp_duration,gpu_agent,1,168,4280
hsa_kernel_issue,host_steady,1,169,53584
hsa_kernel_completion,host_steady,1,169,166834
hsa_kernel_cp_duration,gpu_agent,1,169,4480
hsa_kernel_issue,host_steady,1,170,177125
hsa_kernel_completion,host_steady,1,170,282584
hsa_kernel_cp_duration,gpu_agent,1,170,4080
hsa_kernel_issue,host_steady,1,171,54833
hsa_kernel_completion,host_steady,1,171,169458
hsa_kernel_cp_duration,gpu_agent,1,171,4480
hsa_kernel_issue,host_steady,1,172,64250
hsa_kernel_completion,host_steady,1,172,176791
hsa_kernel_cp_duration,gpu_agent,1,172,4320
hsa_kernel_issue,host_steady,1,173,58666
hsa_kernel_completion,host_steady,1,173,173250
hsa_kernel_cp_duration,gpu_agent,1,173,4480
hsa_kernel_issue,host_steady,1,174,63292
hsa_kernel_completion,host_steady,1,174,178500
hsa_kernel_cp_duration,gpu_agent,1,174,4520
hsa_kernel_issue,host_steady,1,175,63000
hsa_kernel_completion,host_steady,1,175,177667
hsa_kernel_cp_duration,gpu_agent,1,175,4480
hsa_kernel_issue,host_steady,1,176,98542
hsa_kernel_completion,host_steady,1,176,206167
hsa_kernel_cp_duration,gpu_agent,1,176,4520
hsa_kernel_issue,host_steady,1,177,108583
hsa_kernel_completion,host_steady,1,177,221625
hsa_kernel_cp_duration,gpu_agent,1,177,5080
hsa_kernel_issue,host_steady,1,178,81250
hsa_kernel_completion,host_steady,1,178,193000
hsa_kernel_cp_duration,gpu_agent,1,178,5080
hsa_kernel_issue,host_steady,1,179,61250
hsa_kernel_completion,host_steady,1,179,177667
hsa_kernel_cp_duration,gpu_agent,1,179,4520
hsa_kernel_issue,host_steady,1,180,67166
hsa_kernel_completion,host_steady,1,180,178916
hsa_kernel_cp_duration,gpu_agent,1,180,4880
hsa_kernel_issue,host_steady,1,181,68041
hsa_kernel_completion,host_steady,1,181,182291
hsa_kernel_cp_duration,gpu_agent,1,181,5080
hsa_kernel_issue,host_steady,1,182,252291
hsa_kernel_completion,host_steady,1,182,354875
hsa_kernel_cp_duration,gpu_agent,1,182,4320
hsa_kernel_issue,host_steady,1,183,68625
hsa_kernel_completion,host_steady,1,183,182791
hsa_kernel_cp_duration,gpu_agent,1,183,5080
hsa_kernel_issue,host_steady,1,184,66625
hsa_kernel_completion,host_steady,1,184,182584
hsa_kernel_cp_duration,gpu_agent,1,184,5120
hsa_kernel_issue,host_steady,1,185,59708
hsa_kernel_completion,host_steady,1,185,175916
hsa_kernel_cp_duration,gpu_agent,1,185,5080
hsa_kernel_issue,host_steady,1,186,73292
hsa_kernel_completion,host_steady,1,186,187792
hsa_kernel_cp_duration,gpu_agent,1,186,5080
hsa_kernel_issue,host_steady,1,187,69416
hsa_kernel_completion,host_steady,1,187,184125
hsa_kernel_cp_duration,gpu_agent,1,187,5080
hsa_kernel_issue,host_steady,1,188,84334
hsa_kernel_completion,host_steady,1,188,195292
hsa_kernel_cp_duration,gpu_agent,1,188,5040
hsa_kernel_issue,host_steady,1,189,79583
hsa_kernel_completion,host_steady,1,189,192083
hsa_kernel_cp_duration,gpu_agent,1,189,5080
hsa_kernel_issue,host_steady,1,190,74042
hsa_kernel_completion,host_steady,1,190,187334
hsa_kernel_cp_duration,gpu_agent,1,190,5080
hsa_kernel_issue,host_steady,1,191,126750
hsa_kernel_completion,host_steady,1,191,239375
hsa_kernel_cp_duration,gpu_agent,1,191,5040
hsa_kernel_issue,host_steady,1,192,81875
hsa_kernel_completion,host_steady,1,192,196333
hsa_kernel_cp_duration,gpu_agent,1,192,5160
hsa_kernel_issue,host_steady,1,193,81541
hsa_kernel_completion,host_steady,1,193,194458
hsa_kernel_cp_duration,gpu_agent,1,193,4760
hsa_kernel_issue,host_steady,1,194,159709
hsa_kernel_completion,host_steady,1,194,271459
hsa_kernel_cp_duration,gpu_agent,1,194,5000
hsa_kernel_issue,host_steady,1,195,58250
hsa_kernel_completion,host_steady,1,195,171958
hsa_kernel_cp_duration,gpu_agent,1,195,4680
hsa_kernel_issue,host_steady,1,196,73709
hsa_kernel_completion,host_steady,1,196,185084
hsa_kernel_cp_duration,gpu_agent,1,196,4440
hsa_kernel_issue,host_steady,1,197,59084
hsa_kernel_completion,host_steady,1,197,171709
hsa_kernel_cp_duration,gpu_agent,1,197,4720
hsa_kernel_issue,host_steady,1,198,62875
hsa_kernel_completion,host_steady,1,198,175833
hsa_kernel_cp_duration,gpu_agent,1,198,4440
hsa_kernel_issue,host_steady,1,199,81625
hsa_kernel_completion,host_steady,1,199,193958
hsa_kernel_cp_duration,gpu_agent,1,199,5080
cpu_gpu_cpu_mailbox_rtt,host_steady,1,0,14417
cpu_gpu_cpu_mailbox_rtt,host_steady,1,1,14292
cpu_gpu_cpu_mailbox_rtt,host_steady,1,2,14375
cpu_gpu_cpu_mailbox_rtt,host_steady,1,3,13792
cpu_gpu_cpu_mailbox_rtt,host_steady,1,4,14375
cpu_gpu_cpu_mailbox_rtt,host_steady,1,5,14125
cpu_gpu_cpu_mailbox_rtt,host_steady,1,6,14084
cpu_gpu_cpu_mailbox_rtt,host_steady,1,7,14000
cpu_gpu_cpu_mailbox_rtt,host_steady,1,8,13958
cpu_gpu_cpu_mailbox_rtt,host_steady,1,9,14125
cpu_gpu_cpu_mailbox_rtt,host_steady,1,10,14500
cpu_gpu_cpu_mailbox_rtt,host_steady,1,11,14375
cpu_gpu_cpu_mailbox_rtt,host_steady,1,12,14334
cpu_gpu_cpu_mailbox_rtt,host_steady,1,13,13542
cpu_gpu_cpu_mailbox_rtt,host_steady,1,14,13000
cpu_gpu_cpu_mailbox_rtt,host_steady,1,15,12167
cpu_gpu_cpu_mailbox_rtt,host_steady,1,16,12166
cpu_gpu_cpu_mailbox_rtt,host_steady,1,17,12542
cpu_gpu_cpu_mailbox_rtt,host_steady,1,18,12458
cpu_gpu_cpu_mailbox_rtt,host_steady,1,19,12500
cpu_gpu_cpu_mailbox_rtt,host_steady,1,20,12542
cpu_gpu_cpu_mailbox_rtt,host_steady,1,21,12875
cpu_gpu_cpu_mailbox_rtt,host_steady,1,22,12583
cpu_gpu_cpu_mailbox_rtt,host_steady,1,23,12250
cpu_gpu_cpu_mailbox_rtt,host_steady,1,24,12625
cpu_gpu_cpu_mailbox_rtt,host_steady,1,25,12542
cpu_gpu_cpu_mailbox_rtt,host_steady,1,26,12167
cpu_gpu_cpu_mailbox_rtt,host_steady,1,27,12542
cpu_gpu_cpu_mailbox_rtt,host_steady,1,28,12583
cpu_gpu_cpu_mailbox_rtt,host_steady,1,29,12541
cpu_gpu_cpu_mailbox_rtt,host_steady,1,30,12958
cpu_gpu_cpu_mailbox_rtt,host_steady,1,31,12917
cpu_gpu_cpu_mailbox_rtt,host_steady,1,32,12542
cpu_gpu_cpu_mailbox_rtt,host_steady,1,33,12083
cpu_gpu_cpu_mailbox_rtt,host_steady,1,34,12958
cpu_gpu_cpu_mailbox_rtt,host_steady,1,35,12500
cpu_gpu_cpu_mailbox_rtt,host_steady,1,36,12417
cpu_gpu_cpu_mailbox_rtt,host_steady,1,37,12459
cpu_gpu_cpu_mailbox_rtt,host_steady,1,38,12375
cpu_gpu_cpu_mailbox_rtt,host_steady,1,39,13083
cpu_gpu_cpu_mailbox_rtt,host_steady,1,40,13208
cpu_gpu_cpu_mailbox_rtt,host_steady,1,41,12250
cpu_gpu_cpu_mailbox_rtt,host_steady,1,42,12500
cpu_gpu_cpu_mailbox_rtt,host_steady,1,43,12541
cpu_gpu_cpu_mailbox_rtt,host_steady,1,44,12292
cpu_gpu_cpu_mailbox_rtt,host_steady,1,45,12875
cpu_gpu_cpu_mailbox_rtt,host_steady,1,46,12542
cpu_gpu_cpu_mailbox_rtt,host_steady,1,47,12917
cpu_gpu_cpu_mailbox_rtt,host_steady,1,48,12958
cpu_gpu_cpu_mailbox_rtt,host_steady,1,49,12541
cpu_gpu_cpu_mailbox_rtt,host_steady,1,50,12583
cpu_gpu_cpu_mailbox_rtt,host_steady,1,51,12542
cpu_gpu_cpu_mailbox_rtt,host_steady,1,52,12542
cpu_gpu_cpu_mailbox_rtt,host_steady,1,53,12458
cpu_gpu_cpu_mailbox_rtt,host_steady,1,54,12541
cpu_gpu_cpu_mailbox_rtt,host_steady,1,55,13000
cpu_gpu_cpu_mailbox_rtt,host_steady,1,56,13625
cpu_gpu_cpu_mailbox_rtt,host_steady,1,57,12750
cpu_gpu_cpu_mailbox_rtt,host_steady,1,58,13917
cpu_gpu_cpu_mailbox_rtt,host_steady,1,59,14000
cpu_gpu_cpu_mailbox_rtt,host_steady,1,60,13625
cpu_gpu_cpu_mailbox_rtt,host_steady,1,61,13500
cpu_gpu_cpu_mailbox_rtt,host_steady,1,62,12500
cpu_gpu_cpu_mailbox_rtt,host_steady,1,63,12792
cpu_gpu_cpu_mailbox_rtt,host_steady,1,64,12625
cpu_gpu_cpu_mailbox_rtt,host_steady,1,65,12417
cpu_gpu_cpu_mailbox_rtt,host_steady,1,66,12584
cpu_gpu_cpu_mailbox_rtt,host_steady,1,67,13250
cpu_gpu_cpu_mailbox_rtt,host_steady,1,68,14083
cpu_gpu_cpu_mailbox_rtt,host_steady,1,69,12542
cpu_gpu_cpu_mailbox_rtt,host_steady,1,70,14000
cpu_gpu_cpu_mailbox_rtt,host_steady,1,71,13625
cpu_gpu_cpu_mailbox_rtt,host_steady,1,72,12084
cpu_gpu_cpu_mailbox_rtt,host_steady,1,73,12792
cpu_gpu_cpu_mailbox_rtt,host_steady,1,74,12541
cpu_gpu_cpu_mailbox_rtt,host_steady,1,75,12250
cpu_gpu_cpu_mailbox_rtt,host_steady,1,76,12916
cpu_gpu_cpu_mailbox_rtt,host_steady,1,77,12792
cpu_gpu_cpu_mailbox_rtt,host_steady,1,78,13584
cpu_gpu_cpu_mailbox_rtt,host_steady,1,79,14042
cpu_gpu_cpu_mailbox_rtt,host_steady,1,80,14375
cpu_gpu_cpu_mailbox_rtt,host_steady,1,81,14417
cpu_gpu_cpu_mailbox_rtt,host_steady,1,82,14416
cpu_gpu_cpu_mailbox_rtt,host_steady,1,83,14000
cpu_gpu_cpu_mailbox_rtt,host_steady,1,84,13750
cpu_gpu_cpu_mailbox_rtt,host_steady,1,85,13875
cpu_gpu_cpu_mailbox_rtt,host_steady,1,86,14375
cpu_gpu_cpu_mailbox_rtt,host_steady,1,87,14458
cpu_gpu_cpu_mailbox_rtt,host_steady,1,88,13375
cpu_gpu_cpu_mailbox_rtt,host_steady,1,89,12125
cpu_gpu_cpu_mailbox_rtt,host_steady,1,90,12000
cpu_gpu_cpu_mailbox_rtt,host_steady,1,91,14250
cpu_gpu_cpu_mailbox_rtt,host_steady,1,92,14000
cpu_gpu_cpu_mailbox_rtt,host_steady,1,93,14458
cpu_gpu_cpu_mailbox_rtt,host_steady,1,94,14375
cpu_gpu_cpu_mailbox_rtt,host_steady,1,95,14375
cpu_gpu_cpu_mailbox_rtt,host_steady,1,96,14375
cpu_gpu_cpu_mailbox_rtt,host_steady,1,97,14416
cpu_gpu_cpu_mailbox_rtt,host_steady,1,98,14042
cpu_gpu_cpu_mailbox_rtt,host_steady,1,99,14417
cpu_gpu_cpu_mailbox_rtt,host_steady,1,100,14375
cpu_gpu_cpu_mailbox_rtt,host_steady,1,101,13958
cpu_gpu_cpu_mailbox_rtt,host_steady,1,102,14416
cpu_gpu_cpu_mailbox_rtt,host_steady,1,103,14417
cpu_gpu_cpu_mailbox_rtt,host_steady,1,104,14000
cpu_gpu_cpu_mailbox_rtt,host_steady,1,105,14042
cpu_gpu_cpu_mailbox_rtt,host_steady,1,106,14375
cpu_gpu_cpu_mailbox_rtt,host_steady,1,107,14375
cpu_gpu_cpu_mailbox_rtt,host_steady,1,108,14250
cpu_gpu_cpu_mailbox_rtt,host_steady,1,109,14042
cpu_gpu_cpu_mailbox_rtt,host_steady,1,110,13916
cpu_gpu_cpu_mailbox_rtt,host_steady,1,111,14417
cpu_gpu_cpu_mailbox_rtt,host_steady,1,112,14459
cpu_gpu_cpu_mailbox_rtt,host_steady,1,113,14375
cpu_gpu_cpu_mailbox_rtt,host_steady,1,114,14375
cpu_gpu_cpu_mailbox_rtt,host_steady,1,115,14375
cpu_gpu_cpu_mailbox_rtt,host_steady,1,116,14000
cpu_gpu_cpu_mailbox_rtt,host_steady,1,117,14416
cpu_gpu_cpu_mailbox_rtt,host_steady,1,118,14417
cpu_gpu_cpu_mailbox_rtt,host_steady,1,119,14375
cpu_gpu_cpu_mailbox_rtt,host_steady,1,120,14375
cpu_gpu_cpu_mailbox_rtt,host_steady,1,121,14292
cpu_gpu_cpu_mailbox_rtt,host_steady,1,122,14000
cpu_gpu_cpu_mailbox_rtt,host_steady,1,123,14042
cpu_gpu_cpu_mailbox_rtt,host_steady,1,124,14167
cpu_gpu_cpu_mailbox_rtt,host_steady,1,125,15167
cpu_gpu_cpu_mailbox_rtt,host_steady,1,126,14416
cpu_gpu_cpu_mailbox_rtt,host_steady,1,127,14416
cpu_gpu_cpu_mailbox_rtt,host_steady,1,128,14417
cpu_gpu_cpu_mailbox_rtt,host_steady,1,129,13584
cpu_gpu_cpu_mailbox_rtt,host_steady,1,130,14000
cpu_gpu_cpu_mailbox_rtt,host_steady,1,131,13833
cpu_gpu_cpu_mailbox_rtt,host_steady,1,132,12458
cpu_gpu_cpu_mailbox_rtt,host_steady,1,133,12417
cpu_gpu_cpu_mailbox_rtt,host_steady,1,134,12542
cpu_gpu_cpu_mailbox_rtt,host_steady,1,135,12416
cpu_gpu_cpu_mailbox_rtt,host_steady,1,136,12917
cpu_gpu_cpu_mailbox_rtt,host_steady,1,137,13584
cpu_gpu_cpu_mailbox_rtt,host_steady,1,138,14459
cpu_gpu_cpu_mailbox_rtt,host_steady,1,139,14375
cpu_gpu_cpu_mailbox_rtt,host_steady,1,140,14375
cpu_gpu_cpu_mailbox_rtt,host_steady,1,141,14458
cpu_gpu_cpu_mailbox_rtt,host_steady,1,142,14375
cpu_gpu_cpu_mailbox_rtt,host_steady,1,143,13667
cpu_gpu_cpu_mailbox_rtt,host_steady,1,144,14416
cpu_gpu_cpu_mailbox_rtt,host_steady,1,145,13958
cpu_gpu_cpu_mailbox_rtt,host_steady,1,146,14000
cpu_gpu_cpu_mailbox_rtt,host_steady,1,147,14375
cpu_gpu_cpu_mailbox_rtt,host_steady,1,148,14000
cpu_gpu_cpu_mailbox_rtt,host_steady,1,149,12667
cpu_gpu_cpu_mailbox_rtt,host_steady,1,150,13292
cpu_gpu_cpu_mailbox_rtt,host_steady,1,151,12458
cpu_gpu_cpu_mailbox_rtt,host_steady,1,152,12416
cpu_gpu_cpu_mailbox_rtt,host_steady,1,153,13292
cpu_gpu_cpu_mailbox_rtt,host_steady,1,154,14334
cpu_gpu_cpu_mailbox_rtt,host_steady,1,155,14000
cpu_gpu_cpu_mailbox_rtt,host_steady,1,156,13667
cpu_gpu_cpu_mailbox_rtt,host_steady,1,157,14375
cpu_gpu_cpu_mailbox_rtt,host_steady,1,158,14417
cpu_gpu_cpu_mailbox_rtt,host_steady,1,159,15209
cpu_gpu_cpu_mailbox_rtt,host_steady,1,160,14417
cpu_gpu_cpu_mailbox_rtt,host_steady,1,161,14375
cpu_gpu_cpu_mailbox_rtt,host_steady,1,162,14084
cpu_gpu_cpu_mailbox_rtt,host_steady,1,163,12709
cpu_gpu_cpu_mailbox_rtt,host_steady,1,164,12042
cpu_gpu_cpu_mailbox_rtt,host_steady,1,165,12042
cpu_gpu_cpu_mailbox_rtt,host_steady,1,166,11958
cpu_gpu_cpu_mailbox_rtt,host_steady,1,167,12042
cpu_gpu_cpu_mailbox_rtt,host_steady,1,168,12000
cpu_gpu_cpu_mailbox_rtt,host_steady,1,169,11583
cpu_gpu_cpu_mailbox_rtt,host_steady,1,170,12958
cpu_gpu_cpu_mailbox_rtt,host_steady,1,171,12917
cpu_gpu_cpu_mailbox_rtt,host_steady,1,172,12500
cpu_gpu_cpu_mailbox_rtt,host_steady,1,173,12958
cpu_gpu_cpu_mailbox_rtt,host_steady,1,174,13500
cpu_gpu_cpu_mailbox_rtt,host_steady,1,175,13958
cpu_gpu_cpu_mailbox_rtt,host_steady,1,176,14375
cpu_gpu_cpu_mailbox_rtt,host_steady,1,177,14417
cpu_gpu_cpu_mailbox_rtt,host_steady,1,178,14333
cpu_gpu_cpu_mailbox_rtt,host_steady,1,179,14375
cpu_gpu_cpu_mailbox_rtt,host_steady,1,180,14375
cpu_gpu_cpu_mailbox_rtt,host_steady,1,181,14042
cpu_gpu_cpu_mailbox_rtt,host_steady,1,182,14416
cpu_gpu_cpu_mailbox_rtt,host_steady,1,183,13916
cpu_gpu_cpu_mailbox_rtt,host_steady,1,184,14083
cpu_gpu_cpu_mailbox_rtt,host_steady,1,185,12500
cpu_gpu_cpu_mailbox_rtt,host_steady,1,186,12500
cpu_gpu_cpu_mailbox_rtt,host_steady,1,187,11500
cpu_gpu_cpu_mailbox_rtt,host_steady,1,188,11875
cpu_gpu_cpu_mailbox_rtt,host_steady,1,189,11417
cpu_gpu_cpu_mailbox_rtt,host_steady,1,190,12500
cpu_gpu_cpu_mailbox_rtt,host_steady,1,191,12833
cpu_gpu_cpu_mailbox_rtt,host_steady,1,192,12167
cpu_gpu_cpu_mailbox_rtt,host_steady,1,193,12375
cpu_gpu_cpu_mailbox_rtt,host_steady,1,194,14291
cpu_gpu_cpu_mailbox_rtt,host_steady,1,195,14417
cpu_gpu_cpu_mailbox_rtt,host_steady,1,196,12458
cpu_gpu_cpu_mailbox_rtt,host_steady,1,197,12542
cpu_gpu_cpu_mailbox_rtt,host_steady,1,198,12959
cpu_gpu_cpu_mailbox_rtt,host_steady,1,199,12417
cpu_gpu_cpu_mailbox_rtt,host_steady,1,200,12042
cpu_gpu_cpu_mailbox_rtt,host_steady,1,201,10875
cpu_gpu_cpu_mailbox_rtt,host_steady,1,202,13000
cpu_gpu_cpu_mailbox_rtt,host_steady,1,203,12917
cpu_gpu_cpu_mailbox_rtt,host_steady,1,204,12541
cpu_gpu_cpu_mailbox_rtt,host_steady,1,205,12500
cpu_gpu_cpu_mailbox_rtt,host_steady,1,206,12542
cpu_gpu_cpu_mailbox_rtt,host_steady,1,207,12750
cpu_gpu_cpu_mailbox_rtt,host_steady,1,208,13084
cpu_gpu_cpu_mailbox_rtt,host_steady,1,209,13000
cpu_gpu_cpu_mailbox_rtt,host_steady,1,210,12167
cpu_gpu_cpu_mailbox_rtt,host_steady,1,211,12959
cpu_gpu_cpu_mailbox_rtt,host_steady,1,212,12417
cpu_gpu_cpu_mailbox_rtt,host_steady,1,213,12458
cpu_gpu_cpu_mailbox_rtt,host_steady,1,214,12583
cpu_gpu_cpu_mailbox_rtt,host_steady,1,215,12084
cpu_gpu_cpu_mailbox_rtt,host_steady,1,216,12500
cpu_gpu_cpu_mailbox_rtt,host_steady,1,217,12958
cpu_gpu_cpu_mailbox_rtt,host_steady,1,218,12542
cpu_gpu_cpu_mailbox_rtt,host_steady,1,219,12542
cpu_gpu_cpu_mailbox_rtt,host_steady,1,220,12083
cpu_gpu_cpu_mailbox_rtt,host_steady,1,221,12541
cpu_gpu_cpu_mailbox_rtt,host_steady,1,222,12542
cpu_gpu_cpu_mailbox_rtt,host_steady,1,223,12084
cpu_gpu_cpu_mailbox_rtt,host_steady,1,224,12625
cpu_gpu_cpu_mailbox_rtt,host_steady,1,225,12875
cpu_gpu_cpu_mailbox_rtt,host_steady,1,226,13042
cpu_gpu_cpu_mailbox_rtt,host_steady,1,227,13958
cpu_gpu_cpu_mailbox_rtt,host_steady,1,228,13958
cpu_gpu_cpu_mailbox_rtt,host_steady,1,229,14416
cpu_gpu_cpu_mailbox_rtt,host_steady,1,230,14458
cpu_gpu_cpu_mailbox_rtt,host_steady,1,231,14375
cpu_gpu_cpu_mailbox_rtt,host_steady,1,232,14375
cpu_gpu_cpu_mailbox_rtt,host_steady,1,233,14375
cpu_gpu_cpu_mailbox_rtt,host_steady,1,234,14375
cpu_gpu_cpu_mailbox_rtt,host_steady,1,235,14417
cpu_gpu_cpu_mailbox_rtt,host_steady,1,236,14416
cpu_gpu_cpu_mailbox_rtt,host_steady,1,237,14417
cpu_gpu_cpu_mailbox_rtt,host_steady,1,238,14334
cpu_gpu_cpu_mailbox_rtt,host_steady,1,239,14375
cpu_gpu_cpu_mailbox_rtt,host_steady,1,240,14458
cpu_gpu_cpu_mailbox_rtt,host_steady,1,241,14000
cpu_gpu_cpu_mailbox_rtt,host_steady,1,242,14375
cpu_gpu_cpu_mailbox_rtt,host_steady,1,243,14334
cpu_gpu_cpu_mailbox_rtt,host_steady,1,244,14375
cpu_gpu_cpu_mailbox_rtt,host_steady,1,245,14417
cpu_gpu_cpu_mailbox_rtt,host_steady,1,246,14417
cpu_gpu_cpu_mailbox_rtt,host_steady,1,247,14333
cpu_gpu_cpu_mailbox_rtt,host_steady,1,248,14416
cpu_gpu_cpu_mailbox_rtt,host_steady,1,249,14000
cpu_gpu_cpu_mailbox_rtt,host_steady,1,250,14416
cpu_gpu_cpu_mailbox_rtt,host_steady,1,251,14417
cpu_gpu_cpu_mailbox_rtt,host_steady,1,252,14375
cpu_gpu_cpu_mailbox_rtt,host_steady,1,253,13958
cpu_gpu_cpu_mailbox_rtt,host_steady,1,254,14000
cpu_gpu_cpu_mailbox_rtt,host_steady,1,255,14416
cpu_gpu_cpu_mailbox_rtt,host_steady,1,256,13875
cpu_gpu_cpu_mailbox_rtt,host_steady,1,257,12083
cpu_gpu_cpu_mailbox_rtt,host_steady,1,258,12750
cpu_gpu_cpu_mailbox_rtt,host_steady,1,259,12250
cpu_gpu_cpu_mailbox_rtt,host_steady,1,260,12500
cpu_gpu_cpu_mailbox_rtt,host_steady,1,261,14125
cpu_gpu_cpu_mailbox_rtt,host_steady,1,262,12500
cpu_gpu_cpu_mailbox_rtt,host_steady,1,263,12500
cpu_gpu_cpu_mailbox_rtt,host_steady,1,264,13000
cpu_gpu_cpu_mailbox_rtt,host_steady,1,265,12292
cpu_gpu_cpu_mailbox_rtt,host_steady,1,266,12792
cpu_gpu_cpu_mailbox_rtt,host_steady,1,267,12209
cpu_gpu_cpu_mailbox_rtt,host_steady,1,268,12500
cpu_gpu_cpu_mailbox_rtt,host_steady,1,269,12542
cpu_gpu_cpu_mailbox_rtt,host_steady,1,270,12125
cpu_gpu_cpu_mailbox_rtt,host_steady,1,271,12541
cpu_gpu_cpu_mailbox_rtt,host_steady,1,272,12958
cpu_gpu_cpu_mailbox_rtt,host_steady,1,273,12333
cpu_gpu_cpu_mailbox_rtt,host_steady,1,274,12833
cpu_gpu_cpu_mailbox_rtt,host_steady,1,275,12916
cpu_gpu_cpu_mailbox_rtt,host_steady,1,276,12292
cpu_gpu_cpu_mailbox_rtt,host_steady,1,277,13292
cpu_gpu_cpu_mailbox_rtt,host_steady,1,278,12834
cpu_gpu_cpu_mailbox_rtt,host_steady,1,279,12333
cpu_gpu_cpu_mailbox_rtt,host_steady,1,280,13292
cpu_gpu_cpu_mailbox_rtt,host_steady,1,281,12500
cpu_gpu_cpu_mailbox_rtt,host_steady,1,282,12333
cpu_gpu_cpu_mailbox_rtt,host_steady,1,283,12833
cpu_gpu_cpu_mailbox_rtt,host_steady,1,284,12958
cpu_gpu_cpu_mailbox_rtt,host_steady,1,285,12333
cpu_gpu_cpu_mailbox_rtt,host_steady,1,286,12208
cpu_gpu_cpu_mailbox_rtt,host_steady,1,287,12958
cpu_gpu_cpu_mailbox_rtt,host_steady,1,288,12542
cpu_gpu_cpu_mailbox_rtt,host_steady,1,289,12167
cpu_gpu_cpu_mailbox_rtt,host_steady,1,290,12542
cpu_gpu_cpu_mailbox_rtt,host_steady,1,291,12541
cpu_gpu_cpu_mailbox_rtt,host_steady,1,292,12500
cpu_gpu_cpu_mailbox_rtt,host_steady,1,293,12167
cpu_gpu_cpu_mailbox_rtt,host_steady,1,294,13041
cpu_gpu_cpu_mailbox_rtt,host_steady,1,295,12750
cpu_gpu_cpu_mailbox_rtt,host_steady,1,296,13000
cpu_gpu_cpu_mailbox_rtt,host_steady,1,297,12917
cpu_gpu_cpu_mailbox_rtt,host_steady,1,298,12417
cpu_gpu_cpu_mailbox_rtt,host_steady,1,299,12166
cpu_gpu_cpu_mailbox_rtt,host_steady,1,300,13000
cpu_gpu_cpu_mailbox_rtt,host_steady,1,301,12916
cpu_gpu_cpu_mailbox_rtt,host_steady,1,302,12542
cpu_gpu_cpu_mailbox_rtt,host_steady,1,303,12834
cpu_gpu_cpu_mailbox_rtt,host_steady,1,304,12292
cpu_gpu_cpu_mailbox_rtt,host_steady,1,305,12291
cpu_gpu_cpu_mailbox_rtt,host_steady,1,306,12167
cpu_gpu_cpu_mailbox_rtt,host_steady,1,307,12500
cpu_gpu_cpu_mailbox_rtt,host_steady,1,308,12500
cpu_gpu_cpu_mailbox_rtt,host_steady,1,309,12333
cpu_gpu_cpu_mailbox_rtt,host_steady,1,310,12875
cpu_gpu_cpu_mailbox_rtt,host_steady,1,311,12709
cpu_gpu_cpu_mailbox_rtt,host_steady,1,312,12333
cpu_gpu_cpu_mailbox_rtt,host_steady,1,313,13292
cpu_gpu_cpu_mailbox_rtt,host_steady,1,314,12542
cpu_gpu_cpu_mailbox_rtt,host_steady,1,315,12667
cpu_gpu_cpu_mailbox_rtt,host_steady,1,316,12916
cpu_gpu_cpu_mailbox_rtt,host_steady,1,317,10542
cpu_gpu_cpu_mailbox_rtt,host_steady,1,318,13292
cpu_gpu_cpu_mailbox_rtt,host_steady,1,319,12500
cpu_gpu_cpu_mailbox_rtt,host_steady,1,320,12917
cpu_gpu_cpu_mailbox_rtt,host_steady,1,321,12500
cpu_gpu_cpu_mailbox_rtt,host_steady,1,322,12541
cpu_gpu_cpu_mailbox_rtt,host_steady,1,323,12500
cpu_gpu_cpu_mailbox_rtt,host_steady,1,324,13042
cpu_gpu_cpu_mailbox_rtt,host_steady,1,325,12375
cpu_gpu_cpu_mailbox_rtt,host_steady,1,326,12333
cpu_gpu_cpu_mailbox_rtt,host_steady,1,327,12833
cpu_gpu_cpu_mailbox_rtt,host_steady,1,328,12917
cpu_gpu_cpu_mailbox_rtt,host_steady,1,329,13625
cpu_gpu_cpu_mailbox_rtt,host_steady,1,330,12500
cpu_gpu_cpu_mailbox_rtt,host_steady,1,331,12917
cpu_gpu_cpu_mailbox_rtt,host_steady,1,332,12959
cpu_gpu_cpu_mailbox_rtt,host_steady,1,333,12542
cpu_gpu_cpu_mailbox_rtt,host_steady,1,334,13000
cpu_gpu_cpu_mailbox_rtt,host_steady,1,335,12500
cpu_gpu_cpu_mailbox_rtt,host_steady,1,336,12916
cpu_gpu_cpu_mailbox_rtt,host_steady,1,337,12958
cpu_gpu_cpu_mailbox_rtt,host_steady,1,338,12542
cpu_gpu_cpu_mailbox_rtt,host_steady,1,339,12500
cpu_gpu_cpu_mailbox_rtt,host_steady,1,340,11667
cpu_gpu_cpu_mailbox_rtt,host_steady,1,341,12375
cpu_gpu_cpu_mailbox_rtt,host_steady,1,342,13458
cpu_gpu_cpu_mailbox_rtt,host_steady,1,343,10458
cpu_gpu_cpu_mailbox_rtt,host_steady,1,344,12625
cpu_gpu_cpu_mailbox_rtt,host_steady,1,345,13125
cpu_gpu_cpu_mailbox_rtt,host_steady,1,346,12333
cpu_gpu_cpu_mailbox_rtt,host_steady,1,347,12417
cpu_gpu_cpu_mailbox_rtt,host_steady,1,348,12708
cpu_gpu_cpu_mailbox_rtt,host_steady,1,349,12833
cpu_gpu_cpu_mailbox_rtt,host_steady,1,350,12166
cpu_gpu_cpu_mailbox_rtt,host_steady,1,351,12542
cpu_gpu_cpu_mailbox_rtt,host_steady,1,352,12500
cpu_gpu_cpu_mailbox_rtt,host_steady,1,353,12708
cpu_gpu_cpu_mailbox_rtt,host_steady,1,354,13416
cpu_gpu_cpu_mailbox_rtt,host_steady,1,355,12208
cpu_gpu_cpu_mailbox_rtt,host_steady,1,356,13291
cpu_gpu_cpu_mailbox_rtt,host_steady,1,357,13500
cpu_gpu_cpu_mailbox_rtt,host_steady,1,358,24916
cpu_gpu_cpu_mailbox_rtt,host_steady,1,359,7958
cpu_gpu_cpu_mailbox_rtt,host_steady,1,360,12458
cpu_gpu_cpu_mailbox_rtt,host_steady,1,361,12417
cpu_gpu_cpu_mailbox_rtt,host_steady,1,362,13417
cpu_gpu_cpu_mailbox_rtt,host_steady,1,363,12209
cpu_gpu_cpu_mailbox_rtt,host_steady,1,364,12417
cpu_gpu_cpu_mailbox_rtt,host_steady,1,365,13333
cpu_gpu_cpu_mailbox_rtt,host_steady,1,366,12458
cpu_gpu_cpu_mailbox_rtt,host_steady,1,367,13125
cpu_gpu_cpu_mailbox_rtt,host_steady,1,368,13292
cpu_gpu_cpu_mailbox_rtt,host_steady,1,369,13833
cpu_gpu_cpu_mailbox_rtt,host_steady,1,370,14042
cpu_gpu_cpu_mailbox_rtt,host_steady,1,371,13875
cpu_gpu_cpu_mailbox_rtt,host_steady,1,372,13917
cpu_gpu_cpu_mailbox_rtt,host_steady,1,373,13000
cpu_gpu_cpu_mailbox_rtt,host_steady,1,374,13792
cpu_gpu_cpu_mailbox_rtt,host_steady,1,375,13000
cpu_gpu_cpu_mailbox_rtt,host_steady,1,376,13333
cpu_gpu_cpu_mailbox_rtt,host_steady,1,377,12458
cpu_gpu_cpu_mailbox_rtt,host_steady,1,378,12125
cpu_gpu_cpu_mailbox_rtt,host_steady,1,379,11792
cpu_gpu_cpu_mailbox_rtt,host_steady,1,380,11583
cpu_gpu_cpu_mailbox_rtt,host_steady,1,381,11916
cpu_gpu_cpu_mailbox_rtt,host_steady,1,382,13166
cpu_gpu_cpu_mailbox_rtt,host_steady,1,383,11833
cpu_gpu_cpu_mailbox_rtt,host_steady,1,384,12167
cpu_gpu_cpu_mailbox_rtt,host_steady,1,385,13584
cpu_gpu_cpu_mailbox_rtt,host_steady,1,386,12625
cpu_gpu_cpu_mailbox_rtt,host_steady,1,387,12666
cpu_gpu_cpu_mailbox_rtt,host_steady,1,388,13375
cpu_gpu_cpu_mailbox_rtt,host_steady,1,389,12375
cpu_gpu_cpu_mailbox_rtt,host_steady,1,390,13000
cpu_gpu_cpu_mailbox_rtt,host_steady,1,391,12833
cpu_gpu_cpu_mailbox_rtt,host_steady,1,392,12375
cpu_gpu_cpu_mailbox_rtt,host_steady,1,393,12459
cpu_gpu_cpu_mailbox_rtt,host_steady,1,394,12834
cpu_gpu_cpu_mailbox_rtt,host_steady,1,395,12542
cpu_gpu_cpu_mailbox_rtt,host_steady,1,396,12625
cpu_gpu_cpu_mailbox_rtt,host_steady,1,397,12416
cpu_gpu_cpu_mailbox_rtt,host_steady,1,398,12250
cpu_gpu_cpu_mailbox_rtt,host_steady,1,399,12584
cpu_gpu_cpu_mailbox_rtt,host_steady,1,400,12250
cpu_gpu_cpu_mailbox_rtt,host_steady,1,401,12875
cpu_gpu_cpu_mailbox_rtt,host_steady,1,402,12209
cpu_gpu_cpu_mailbox_rtt,host_steady,1,403,12625
cpu_gpu_cpu_mailbox_rtt,host_steady,1,404,12042
cpu_gpu_cpu_mailbox_rtt,host_steady,1,405,12125
cpu_gpu_cpu_mailbox_rtt,host_steady,1,406,12959
cpu_gpu_cpu_mailbox_rtt,host_steady,1,407,12250
cpu_gpu_cpu_mailbox_rtt,host_steady,1,408,12000
cpu_gpu_cpu_mailbox_rtt,host_steady,1,409,12750
cpu_gpu_cpu_mailbox_rtt,host_steady,1,410,11917
cpu_gpu_cpu_mailbox_rtt,host_steady,1,411,13333
cpu_gpu_cpu_mailbox_rtt,host_steady,1,412,13584
cpu_gpu_cpu_mailbox_rtt,host_steady,1,413,12000
cpu_gpu_cpu_mailbox_rtt,host_steady,1,414,12166
cpu_gpu_cpu_mailbox_rtt,host_steady,1,415,11917
cpu_gpu_cpu_mailbox_rtt,host_steady,1,416,13167
cpu_gpu_cpu_mailbox_rtt,host_steady,1,417,14458
cpu_gpu_cpu_mailbox_rtt,host_steady,1,418,13875
cpu_gpu_cpu_mailbox_rtt,host_steady,1,419,14125
cpu_gpu_cpu_mailbox_rtt,host_steady,1,420,13709
cpu_gpu_cpu_mailbox_rtt,host_steady,1,421,13125
cpu_gpu_cpu_mailbox_rtt,host_steady,1,422,14000
cpu_gpu_cpu_mailbox_rtt,host_steady,1,423,14250
cpu_gpu_cpu_mailbox_rtt,host_steady,1,424,14208
cpu_gpu_cpu_mailbox_rtt,host_steady,1,425,13791
cpu_gpu_cpu_mailbox_rtt,host_steady,1,426,14083
cpu_gpu_cpu_mailbox_rtt,host_steady,1,427,12042
cpu_gpu_cpu_mailbox_rtt,host_steady,1,428,12792
cpu_gpu_cpu_mailbox_rtt,host_steady,1,429,13333
cpu_gpu_cpu_mailbox_rtt,host_steady,1,430,12750
cpu_gpu_cpu_mailbox_rtt,host_steady,1,431,11875
cpu_gpu_cpu_mailbox_rtt,host_steady,1,432,12083
cpu_gpu_cpu_mailbox_rtt,host_steady,1,433,12708
cpu_gpu_cpu_mailbox_rtt,host_steady,1,434,12625
cpu_gpu_cpu_mailbox_rtt,host_steady,1,435,10667
cpu_gpu_cpu_mailbox_rtt,host_steady,1,436,12709
cpu_gpu_cpu_mailbox_rtt,host_steady,1,437,12500
cpu_gpu_cpu_mailbox_rtt,host_steady,1,438,12500
cpu_gpu_cpu_mailbox_rtt,host_steady,1,439,12542
cpu_gpu_cpu_mailbox_rtt,host_steady,1,440,12500
cpu_gpu_cpu_mailbox_rtt,host_steady,1,441,12250
cpu_gpu_cpu_mailbox_rtt,host_steady,1,442,12667
cpu_gpu_cpu_mailbox_rtt,host_steady,1,443,12458
cpu_gpu_cpu_mailbox_rtt,host_steady,1,444,12750
cpu_gpu_cpu_mailbox_rtt,host_steady,1,445,12875
cpu_gpu_cpu_mailbox_rtt,host_steady,1,446,13042
cpu_gpu_cpu_mailbox_rtt,host_steady,1,447,12458
cpu_gpu_cpu_mailbox_rtt,host_steady,1,448,12958
cpu_gpu_cpu_mailbox_rtt,host_steady,1,449,12542
cpu_gpu_cpu_mailbox_rtt,host_steady,1,450,12125
cpu_gpu_cpu_mailbox_rtt,host_steady,1,451,12500
cpu_gpu_cpu_mailbox_rtt,host_steady,1,452,13750
cpu_gpu_cpu_mailbox_rtt,host_steady,1,453,12500
cpu_gpu_cpu_mailbox_rtt,host_steady,1,454,12458
cpu_gpu_cpu_mailbox_rtt,host_steady,1,455,12458
cpu_gpu_cpu_mailbox_rtt,host_steady,1,456,12584
cpu_gpu_cpu_mailbox_rtt,host_steady,1,457,12959
cpu_gpu_cpu_mailbox_rtt,host_steady,1,458,12833
cpu_gpu_cpu_mailbox_rtt,host_steady,1,459,12500
cpu_gpu_cpu_mailbox_rtt,host_steady,1,460,12750
cpu_gpu_cpu_mailbox_rtt,host_steady,1,461,12375
cpu_gpu_cpu_mailbox_rtt,host_steady,1,462,12541
cpu_gpu_cpu_mailbox_rtt,host_steady,1,463,12500
cpu_gpu_cpu_mailbox_rtt,host_steady,1,464,12458
cpu_gpu_cpu_mailbox_rtt,host_steady,1,465,13667
cpu_gpu_cpu_mailbox_rtt,host_steady,1,466,12542
cpu_gpu_cpu_mailbox_rtt,host_steady,1,467,12917
cpu_gpu_cpu_mailbox_rtt,host_steady,1,468,13292
cpu_gpu_cpu_mailbox_rtt,host_steady,1,469,12417
cpu_gpu_cpu_mailbox_rtt,host_steady,1,470,12375
cpu_gpu_cpu_mailbox_rtt,host_steady,1,471,12542
cpu_gpu_cpu_mailbox_rtt,host_steady,1,472,12875
cpu_gpu_cpu_mailbox_rtt,host_steady,1,473,12500
cpu_gpu_cpu_mailbox_rtt,host_steady,1,474,12542
cpu_gpu_cpu_mailbox_rtt,host_steady,1,475,12833
cpu_gpu_cpu_mailbox_rtt,host_steady,1,476,12541
cpu_gpu_cpu_mailbox_rtt,host_steady,1,477,12541
cpu_gpu_cpu_mailbox_rtt,host_steady,1,478,12541
cpu_gpu_cpu_mailbox_rtt,host_steady,1,479,12500
cpu_gpu_cpu_mailbox_rtt,host_steady,1,480,12917
cpu_gpu_cpu_mailbox_rtt,host_steady,1,481,12750
cpu_gpu_cpu_mailbox_rtt,host_steady,1,482,13791
cpu_gpu_cpu_mailbox_rtt,host_steady,1,483,12458
cpu_gpu_cpu_mailbox_rtt,host_steady,1,484,12334
cpu_gpu_cpu_mailbox_rtt,host_steady,1,485,12667
cpu_gpu_cpu_mailbox_rtt,host_steady,1,486,12666
cpu_gpu_cpu_mailbox_rtt,host_steady,1,487,13208
cpu_gpu_cpu_mailbox_rtt,host_steady,1,488,12541
cpu_gpu_cpu_mailbox_rtt,host_steady,1,489,13000
cpu_gpu_cpu_mailbox_rtt,host_steady,1,490,12959
cpu_gpu_cpu_mailbox_rtt,host_steady,1,491,12542
cpu_gpu_cpu_mailbox_rtt,host_steady,1,492,12875
cpu_gpu_cpu_mailbox_rtt,host_steady,1,493,12500
cpu_gpu_cpu_mailbox_rtt,host_steady,1,494,13917
cpu_gpu_cpu_mailbox_rtt,host_steady,1,495,13834
cpu_gpu_cpu_mailbox_rtt,host_steady,1,496,12583
cpu_gpu_cpu_mailbox_rtt,host_steady,1,497,12541
cpu_gpu_cpu_mailbox_rtt,host_steady,1,498,12083
cpu_gpu_cpu_mailbox_rtt,host_steady,1,499,12917
cpu_gpu_cpu_mailbox_rtt,host_steady,1,500,12500
cpu_gpu_cpu_mailbox_rtt,host_steady,1,501,12541
cpu_gpu_cpu_mailbox_rtt,host_steady,1,502,12500
cpu_gpu_cpu_mailbox_rtt,host_steady,1,503,12292
cpu_gpu_cpu_mailbox_rtt,host_steady,1,504,12875
cpu_gpu_cpu_mailbox_rtt,host_steady,1,505,12791
cpu_gpu_cpu_mailbox_rtt,host_steady,1,506,12416
cpu_gpu_cpu_mailbox_rtt,host_steady,1,507,12958
cpu_gpu_cpu_mailbox_rtt,host_steady,1,508,12416
cpu_gpu_cpu_mailbox_rtt,host_steady,1,509,12208
cpu_gpu_cpu_mailbox_rtt,host_steady,1,510,12125
cpu_gpu_cpu_mailbox_rtt,host_steady,1,511,12250
cpu_gpu_cpu_mailbox_rtt,host_steady,1,512,12875
cpu_gpu_cpu_mailbox_rtt,host_steady,1,513,12291
cpu_gpu_cpu_mailbox_rtt,host_steady,1,514,12792
cpu_gpu_cpu_mailbox_rtt,host_steady,1,515,13334
cpu_gpu_cpu_mailbox_rtt,host_steady,1,516,12500
cpu_gpu_cpu_mailbox_rtt,host_steady,1,517,13000
cpu_gpu_cpu_mailbox_rtt,host_steady,1,518,12208
cpu_gpu_cpu_mailbox_rtt,host_steady,1,519,12875
cpu_gpu_cpu_mailbox_rtt,host_steady,1,520,12792
cpu_gpu_cpu_mailbox_rtt,host_steady,1,521,12500
cpu_gpu_cpu_mailbox_rtt,host_steady,1,522,12500
cpu_gpu_cpu_mailbox_rtt,host_steady,1,523,12458
cpu_gpu_cpu_mailbox_rtt,host_steady,1,524,12459
cpu_gpu_cpu_mailbox_rtt,host_steady,1,525,12958
cpu_gpu_cpu_mailbox_rtt,host_steady,1,526,12541
cpu_gpu_cpu_mailbox_rtt,host_steady,1,527,12458
cpu_gpu_cpu_mailbox_rtt,host_steady,1,528,12583
cpu_gpu_cpu_mailbox_rtt,host_steady,1,529,12541
cpu_gpu_cpu_mailbox_rtt,host_steady,1,530,12458
cpu_gpu_cpu_mailbox_rtt,host_steady,1,531,12542
cpu_gpu_cpu_mailbox_rtt,host_steady,1,532,12875
cpu_gpu_cpu_mailbox_rtt,host_steady,1,533,12167
cpu_gpu_cpu_mailbox_rtt,host_steady,1,534,12500
cpu_gpu_cpu_mailbox_rtt,host_steady,1,535,12708
cpu_gpu_cpu_mailbox_rtt,host_steady,1,536,12875
cpu_gpu_cpu_mailbox_rtt,host_steady,1,537,12500
cpu_gpu_cpu_mailbox_rtt,host_steady,1,538,12917
cpu_gpu_cpu_mailbox_rtt,host_steady,1,539,12583
cpu_gpu_cpu_mailbox_rtt,host_steady,1,540,13250
cpu_gpu_cpu_mailbox_rtt,host_steady,1,541,14000
cpu_gpu_cpu_mailbox_rtt,host_steady,1,542,14000
cpu_gpu_cpu_mailbox_rtt,host_steady,1,543,13958
cpu_gpu_cpu_mailbox_rtt,host_steady,1,544,14000
cpu_gpu_cpu_mailbox_rtt,host_steady,1,545,14083
cpu_gpu_cpu_mailbox_rtt,host_steady,1,546,14458
cpu_gpu_cpu_mailbox_rtt,host_steady,1,547,14375
cpu_gpu_cpu_mailbox_rtt,host_steady,1,548,14000
cpu_gpu_cpu_mailbox_rtt,host_steady,1,549,13958
cpu_gpu_cpu_mailbox_rtt,host_steady,1,550,14375
cpu_gpu_cpu_mailbox_rtt,host_steady,1,551,14375
cpu_gpu_cpu_mailbox_rtt,host_steady,1,552,13417
cpu_gpu_cpu_mailbox_rtt,host_steady,1,553,11458
cpu_gpu_cpu_mailbox_rtt,host_steady,1,554,12791
cpu_gpu_cpu_mailbox_rtt,host_steady,1,555,14458
cpu_gpu_cpu_mailbox_rtt,host_steady,1,556,12666
cpu_gpu_cpu_mailbox_rtt,host_steady,1,557,12917
cpu_gpu_cpu_mailbox_rtt,host_steady,1,558,14000
cpu_gpu_cpu_mailbox_rtt,host_steady,1,559,13542
cpu_gpu_cpu_mailbox_rtt,host_steady,1,560,14417
cpu_gpu_cpu_mailbox_rtt,host_steady,1,561,14458
cpu_gpu_cpu_mailbox_rtt,host_steady,1,562,14416
cpu_gpu_cpu_mailbox_rtt,host_steady,1,563,14333
cpu_gpu_cpu_mailbox_rtt,host_steady,1,564,14500
cpu_gpu_cpu_mailbox_rtt,host_steady,1,565,13542
cpu_gpu_cpu_mailbox_rtt,host_steady,1,566,14375
cpu_gpu_cpu_mailbox_rtt,host_steady,1,567,15208
cpu_gpu_cpu_mailbox_rtt,host_steady,1,568,14000
cpu_gpu_cpu_mailbox_rtt,host_steady,1,569,14375
cpu_gpu_cpu_mailbox_rtt,host_steady,1,570,14416
cpu_gpu_cpu_mailbox_rtt,host_steady,1,571,14042
cpu_gpu_cpu_mailbox_rtt,host_steady,1,572,13750
cpu_gpu_cpu_mailbox_rtt,host_steady,1,573,14416
cpu_gpu_cpu_mailbox_rtt,host_steady,1,574,14375
cpu_gpu_cpu_mailbox_rtt,host_steady,1,575,14458
cpu_gpu_cpu_mailbox_rtt,host_steady,1,576,13958
cpu_gpu_cpu_mailbox_rtt,host_steady,1,577,14375
cpu_gpu_cpu_mailbox_rtt,host_steady,1,578,14417
cpu_gpu_cpu_mailbox_rtt,host_steady,1,579,14417
cpu_gpu_cpu_mailbox_rtt,host_steady,1,580,14416
cpu_gpu_cpu_mailbox_rtt,host_steady,1,581,14375
cpu_gpu_cpu_mailbox_rtt,host_steady,1,582,14459
cpu_gpu_cpu_mailbox_rtt,host_steady,1,583,14375
cpu_gpu_cpu_mailbox_rtt,host_steady,1,584,14375
cpu_gpu_cpu_mailbox_rtt,host_steady,1,585,14417
cpu_gpu_cpu_mailbox_rtt,host_steady,1,586,14458
cpu_gpu_cpu_mailbox_rtt,host_steady,1,587,14416
cpu_gpu_cpu_mailbox_rtt,host_steady,1,588,14375
cpu_gpu_cpu_mailbox_rtt,host_steady,1,589,14375
cpu_gpu_cpu_mailbox_rtt,host_steady,1,590,14458
cpu_gpu_cpu_mailbox_rtt,host_steady,1,591,13958
cpu_gpu_cpu_mailbox_rtt,host_steady,1,592,14375
cpu_gpu_cpu_mailbox_rtt,host_steady,1,593,13958
cpu_gpu_cpu_mailbox_rtt,host_steady,1,594,14375
cpu_gpu_cpu_mailbox_rtt,host_steady,1,595,14417
cpu_gpu_cpu_mailbox_rtt,host_steady,1,596,14375
cpu_gpu_cpu_mailbox_rtt,host_steady,1,597,14458
cpu_gpu_cpu_mailbox_rtt,host_steady,1,598,14375
cpu_gpu_cpu_mailbox_rtt,host_steady,1,599,13917
cpu_gpu_cpu_mailbox_rtt,host_steady,1,600,14417
cpu_gpu_cpu_mailbox_rtt,host_steady,1,601,14000
cpu_gpu_cpu_mailbox_rtt,host_steady,1,602,14375
cpu_gpu_cpu_mailbox_rtt,host_steady,1,603,14375
cpu_gpu_cpu_mailbox_rtt,host_steady,1,604,14000
cpu_gpu_cpu_mailbox_rtt,host_steady,1,605,14416
cpu_gpu_cpu_mailbox_rtt,host_steady,1,606,14417
cpu_gpu_cpu_mailbox_rtt,host_steady,1,607,14000
cpu_gpu_cpu_mailbox_rtt,host_steady,1,608,14375
cpu_gpu_cpu_mailbox_rtt,host_steady,1,609,14000
cpu_gpu_cpu_mailbox_rtt,host_steady,1,610,14250
cpu_gpu_cpu_mailbox_rtt,host_steady,1,611,14458
cpu_gpu_cpu_mailbox_rtt,host_steady,1,612,14416
cpu_gpu_cpu_mailbox_rtt,host_steady,1,613,14375
cpu_gpu_cpu_mailbox_rtt,host_steady,1,614,14458
cpu_gpu_cpu_mailbox_rtt,host_steady,1,615,13958
cpu_gpu_cpu_mailbox_rtt,host_steady,1,616,14458
cpu_gpu_cpu_mailbox_rtt,host_steady,1,617,14083
cpu_gpu_cpu_mailbox_rtt,host_steady,1,618,13875
cpu_gpu_cpu_mailbox_rtt,host_steady,1,619,13958
cpu_gpu_cpu_mailbox_rtt,host_steady,1,620,14458
cpu_gpu_cpu_mailbox_rtt,host_steady,1,621,13625
cpu_gpu_cpu_mailbox_rtt,host_steady,1,622,13917
cpu_gpu_cpu_mailbox_rtt,host_steady,1,623,13584
cpu_gpu_cpu_mailbox_rtt,host_steady,1,624,13583
cpu_gpu_cpu_mailbox_rtt,host_steady,1,625,14000
cpu_gpu_cpu_mailbox_rtt,host_steady,1,626,14000
cpu_gpu_cpu_mailbox_rtt,host_steady,1,627,14000
cpu_gpu_cpu_mailbox_rtt,host_steady,1,628,14375
cpu_gpu_cpu_mailbox_rtt,host_steady,1,629,14375
cpu_gpu_cpu_mailbox_rtt,host_steady,1,630,14416
cpu_gpu_cpu_mailbox_rtt,host_steady,1,631,14417
cpu_gpu_cpu_mailbox_rtt,host_steady,1,632,14375
cpu_gpu_cpu_mailbox_rtt,host_steady,1,633,13959
cpu_gpu_cpu_mailbox_rtt,host_steady,1,634,13959
cpu_gpu_cpu_mailbox_rtt,host_steady,1,635,14375
cpu_gpu_cpu_mailbox_rtt,host_steady,1,636,12583
cpu_gpu_cpu_mailbox_rtt,host_steady,1,637,12250
cpu_gpu_cpu_mailbox_rtt,host_steady,1,638,12875
cpu_gpu_cpu_mailbox_rtt,host_steady,1,639,12500
cpu_gpu_cpu_mailbox_rtt,host_steady,1,640,12500
cpu_gpu_cpu_mailbox_rtt,host_steady,1,641,12917
cpu_gpu_cpu_mailbox_rtt,host_steady,1,642,12541
cpu_gpu_cpu_mailbox_rtt,host_steady,1,643,12792
cpu_gpu_cpu_mailbox_rtt,host_steady,1,644,12667
cpu_gpu_cpu_mailbox_rtt,host_steady,1,645,13917
cpu_gpu_cpu_mailbox_rtt,host_steady,1,646,14416
cpu_gpu_cpu_mailbox_rtt,host_steady,1,647,13958
cpu_gpu_cpu_mailbox_rtt,host_steady,1,648,14000
cpu_gpu_cpu_mailbox_rtt,host_steady,1,649,14416
cpu_gpu_cpu_mailbox_rtt,host_steady,1,650,14417
cpu_gpu_cpu_mailbox_rtt,host_steady,1,651,14417
cpu_gpu_cpu_mailbox_rtt,host_steady,1,652,14083
cpu_gpu_cpu_mailbox_rtt,host_steady,1,653,14458
cpu_gpu_cpu_mailbox_rtt,host_steady,1,654,13958
cpu_gpu_cpu_mailbox_rtt,host_steady,1,655,14416
cpu_gpu_cpu_mailbox_rtt,host_steady,1,656,14083
cpu_gpu_cpu_mailbox_rtt,host_steady,1,657,14000
cpu_gpu_cpu_mailbox_rtt,host_steady,1,658,14375
cpu_gpu_cpu_mailbox_rtt,host_steady,1,659,14333
cpu_gpu_cpu_mailbox_rtt,host_steady,1,660,12625
cpu_gpu_cpu_mailbox_rtt,host_steady,1,661,11375
cpu_gpu_cpu_mailbox_rtt,host_steady,1,662,13042
cpu_gpu_cpu_mailbox_rtt,host_steady,1,663,14375
cpu_gpu_cpu_mailbox_rtt,host_steady,1,664,14417
cpu_gpu_cpu_mailbox_rtt,host_steady,1,665,14000
cpu_gpu_cpu_mailbox_rtt,host_steady,1,666,14042
cpu_gpu_cpu_mailbox_rtt,host_steady,1,667,14417
cpu_gpu_cpu_mailbox_rtt,host_steady,1,668,14291
cpu_gpu_cpu_mailbox_rtt,host_steady,1,669,14416
cpu_gpu_cpu_mailbox_rtt,host_steady,1,670,14333
cpu_gpu_cpu_mailbox_rtt,host_steady,1,671,14417
cpu_gpu_cpu_mailbox_rtt,host_steady,1,672,14417
cpu_gpu_cpu_mailbox_rtt,host_steady,1,673,14416
cpu_gpu_cpu_mailbox_rtt,host_steady,1,674,14292
cpu_gpu_cpu_mailbox_rtt,host_steady,1,675,14417
cpu_gpu_cpu_mailbox_rtt,host_steady,1,676,14417
cpu_gpu_cpu_mailbox_rtt,host_steady,1,677,14375
cpu_gpu_cpu_mailbox_rtt,host_steady,1,678,13375
cpu_gpu_cpu_mailbox_rtt,host_steady,1,679,12833
cpu_gpu_cpu_mailbox_rtt,host_steady,1,680,12458
cpu_gpu_cpu_mailbox_rtt,host_steady,1,681,12291
cpu_gpu_cpu_mailbox_rtt,host_steady,1,682,12833
cpu_gpu_cpu_mailbox_rtt,host_steady,1,683,12958
cpu_gpu_cpu_mailbox_rtt,host_steady,1,684,12292
cpu_gpu_cpu_mailbox_rtt,host_steady,1,685,13208
cpu_gpu_cpu_mailbox_rtt,host_steady,1,686,12500
cpu_gpu_cpu_mailbox_rtt,host_steady,1,687,12875
cpu_gpu_cpu_mailbox_rtt,host_steady,1,688,13958
cpu_gpu_cpu_mailbox_rtt,host_steady,1,689,14000
cpu_gpu_cpu_mailbox_rtt,host_steady,1,690,14375
cpu_gpu_cpu_mailbox_rtt,host_steady,1,691,14416
cpu_gpu_cpu_mailbox_rtt,host_steady,1,692,14417
cpu_gpu_cpu_mailbox_rtt,host_steady,1,693,14000
cpu_gpu_cpu_mailbox_rtt,host_steady,1,694,14417
cpu_gpu_cpu_mailbox_rtt,host_steady,1,695,14416
cpu_gpu_cpu_mailbox_rtt,host_steady,1,696,14167
cpu_gpu_cpu_mailbox_rtt,host_steady,1,697,13959
cpu_gpu_cpu_mailbox_rtt,host_steady,1,698,13250
cpu_gpu_cpu_mailbox_rtt,host_steady,1,699,12458
cpu_gpu_cpu_mailbox_rtt,host_steady,1,700,12458
cpu_gpu_cpu_mailbox_rtt,host_steady,1,701,12458
cpu_gpu_cpu_mailbox_rtt,host_steady,1,702,12417
cpu_gpu_cpu_mailbox_rtt,host_steady,1,703,14125
cpu_gpu_cpu_mailbox_rtt,host_steady,1,704,13375
cpu_gpu_cpu_mailbox_rtt,host_steady,1,705,12458
cpu_gpu_cpu_mailbox_rtt,host_steady,1,706,12458
cpu_gpu_cpu_mailbox_rtt,host_steady,1,707,12458
cpu_gpu_cpu_mailbox_rtt,host_steady,1,708,12958
cpu_gpu_cpu_mailbox_rtt,host_steady,1,709,12416
cpu_gpu_cpu_mailbox_rtt,host_steady,1,710,12500
cpu_gpu_cpu_mailbox_rtt,host_steady,1,711,12500
cpu_gpu_cpu_mailbox_rtt,host_steady,1,712,12375
cpu_gpu_cpu_mailbox_rtt,host_steady,1,713,12458
cpu_gpu_cpu_mailbox_rtt,host_steady,1,714,14291
cpu_gpu_cpu_mailbox_rtt,host_steady,1,715,14375
cpu_gpu_cpu_mailbox_rtt,host_steady,1,716,14416
cpu_gpu_cpu_mailbox_rtt,host_steady,1,717,13875
cpu_gpu_cpu_mailbox_rtt,host_steady,1,718,14250
cpu_gpu_cpu_mailbox_rtt,host_steady,1,719,14417
cpu_gpu_cpu_mailbox_rtt,host_steady,1,720,14375
cpu_gpu_cpu_mailbox_rtt,host_steady,1,721,14416
cpu_gpu_cpu_mailbox_rtt,host_steady,1,722,13875
cpu_gpu_cpu_mailbox_rtt,host_steady,1,723,14416
cpu_gpu_cpu_mailbox_rtt,host_steady,1,724,14375
cpu_gpu_cpu_mailbox_rtt,host_steady,1,725,14375
cpu_gpu_cpu_mailbox_rtt,host_steady,1,726,14458
cpu_gpu_cpu_mailbox_rtt,host_steady,1,727,14291
cpu_gpu_cpu_mailbox_rtt,host_steady,1,728,14333
cpu_gpu_cpu_mailbox_rtt,host_steady,1,729,14416
cpu_gpu_cpu_mailbox_rtt,host_steady,1,730,14000
cpu_gpu_cpu_mailbox_rtt,host_steady,1,731,14416
cpu_gpu_cpu_mailbox_rtt,host_steady,1,732,14292
cpu_gpu_cpu_mailbox_rtt,host_steady,1,733,14125
cpu_gpu_cpu_mailbox_rtt,host_steady,1,734,14166
cpu_gpu_cpu_mailbox_rtt,host_steady,1,735,14375
cpu_gpu_cpu_mailbox_rtt,host_steady,1,736,14000
cpu_gpu_cpu_mailbox_rtt,host_steady,1,737,13875
cpu_gpu_cpu_mailbox_rtt,host_steady,1,738,14334
cpu_gpu_cpu_mailbox_rtt,host_steady,1,739,14417
cpu_gpu_cpu_mailbox_rtt,host_steady,1,740,14042
cpu_gpu_cpu_mailbox_rtt,host_steady,1,741,14417
cpu_gpu_cpu_mailbox_rtt,host_steady,1,742,14291
cpu_gpu_cpu_mailbox_rtt,host_steady,1,743,13958
cpu_gpu_cpu_mailbox_rtt,host_steady,1,744,14375
cpu_gpu_cpu_mailbox_rtt,host_steady,1,745,13958
cpu_gpu_cpu_mailbox_rtt,host_steady,1,746,14458
cpu_gpu_cpu_mailbox_rtt,host_steady,1,747,13958
cpu_gpu_cpu_mailbox_rtt,host_steady,1,748,14375
cpu_gpu_cpu_mailbox_rtt,host_steady,1,749,13958
cpu_gpu_cpu_mailbox_rtt,host_steady,1,750,14375
cpu_gpu_cpu_mailbox_rtt,host_steady,1,751,14417
cpu_gpu_cpu_mailbox_rtt,host_steady,1,752,14291
cpu_gpu_cpu_mailbox_rtt,host_steady,1,753,14375
cpu_gpu_cpu_mailbox_rtt,host_steady,1,754,14417
cpu_gpu_cpu_mailbox_rtt,host_steady,1,755,13583
cpu_gpu_cpu_mailbox_rtt,host_steady,1,756,12500
cpu_gpu_cpu_mailbox_rtt,host_steady,1,757,13292
cpu_gpu_cpu_mailbox_rtt,host_steady,1,758,13625
cpu_gpu_cpu_mailbox_rtt,host_steady,1,759,12666
cpu_gpu_cpu_mailbox_rtt,host_steady,1,760,12875
cpu_gpu_cpu_mailbox_rtt,host_steady,1,761,12500
cpu_gpu_cpu_mailbox_rtt,host_steady,1,762,12666
cpu_gpu_cpu_mailbox_rtt,host_steady,1,763,12875
cpu_gpu_cpu_mailbox_rtt,host_steady,1,764,12875
cpu_gpu_cpu_mailbox_rtt,host_steady,1,765,12208
cpu_gpu_cpu_mailbox_rtt,host_steady,1,766,12916
cpu_gpu_cpu_mailbox_rtt,host_steady,1,767,12542
cpu_gpu_cpu_mailbox_rtt,host_steady,1,768,12500
cpu_gpu_cpu_mailbox_rtt,host_steady,1,769,12042
cpu_gpu_cpu_mailbox_rtt,host_steady,1,770,12542
cpu_gpu_cpu_mailbox_rtt,host_steady,1,771,12500
cpu_gpu_cpu_mailbox_rtt,host_steady,1,772,11291
cpu_gpu_cpu_mailbox_rtt,host_steady,1,773,12500
cpu_gpu_cpu_mailbox_rtt,host_steady,1,774,12583
cpu_gpu_cpu_mailbox_rtt,host_steady,1,775,12625
cpu_gpu_cpu_mailbox_rtt,host_steady,1,776,12417
cpu_gpu_cpu_mailbox_rtt,host_steady,1,777,12500
cpu_gpu_cpu_mailbox_rtt,host_steady,1,778,12166
cpu_gpu_cpu_mailbox_rtt,host_steady,1,779,12166
cpu_gpu_cpu_mailbox_rtt,host_steady,1,780,12167
cpu_gpu_cpu_mailbox_rtt,host_steady,1,781,12000
cpu_gpu_cpu_mailbox_rtt,host_steady,1,782,11625
cpu_gpu_cpu_mailbox_rtt,host_steady,1,783,11916
cpu_gpu_cpu_mailbox_rtt,host_steady,1,784,12583
cpu_gpu_cpu_mailbox_rtt,host_steady,1,785,12125
cpu_gpu_cpu_mailbox_rtt,host_steady,1,786,11959
cpu_gpu_cpu_mailbox_rtt,host_steady,1,787,11958
cpu_gpu_cpu_mailbox_rtt,host_steady,1,788,12000
cpu_gpu_cpu_mailbox_rtt,host_steady,1,789,11875
cpu_gpu_cpu_mailbox_rtt,host_steady,1,790,12709
cpu_gpu_cpu_mailbox_rtt,host_steady,1,791,12500
cpu_gpu_cpu_mailbox_rtt,host_steady,1,792,12000
cpu_gpu_cpu_mailbox_rtt,host_steady,1,793,11625
cpu_gpu_cpu_mailbox_rtt,host_steady,1,794,12041
cpu_gpu_cpu_mailbox_rtt,host_steady,1,795,12042
cpu_gpu_cpu_mailbox_rtt,host_steady,1,796,12334
cpu_gpu_cpu_mailbox_rtt,host_steady,1,797,12917
cpu_gpu_cpu_mailbox_rtt,host_steady,1,798,13041
cpu_gpu_cpu_mailbox_rtt,host_steady,1,799,12833
cpu_gpu_cpu_mailbox_rtt,host_steady,1,800,12500
cpu_gpu_cpu_mailbox_rtt,host_steady,1,801,12500
cpu_gpu_cpu_mailbox_rtt,host_steady,1,802,12167
cpu_gpu_cpu_mailbox_rtt,host_steady,1,803,11125
cpu_gpu_cpu_mailbox_rtt,host_steady,1,804,11500
cpu_gpu_cpu_mailbox_rtt,host_steady,1,805,12000
cpu_gpu_cpu_mailbox_rtt,host_steady,1,806,11958
cpu_gpu_cpu_mailbox_rtt,host_steady,1,807,12834
cpu_gpu_cpu_mailbox_rtt,host_steady,1,808,12250
cpu_gpu_cpu_mailbox_rtt,host_steady,1,809,12708
cpu_gpu_cpu_mailbox_rtt,host_steady,1,810,12542
cpu_gpu_cpu_mailbox_rtt,host_steady,1,811,13000
cpu_gpu_cpu_mailbox_rtt,host_steady,1,812,12458
cpu_gpu_cpu_mailbox_rtt,host_steady,1,813,11708
cpu_gpu_cpu_mailbox_rtt,host_steady,1,814,11625
cpu_gpu_cpu_mailbox_rtt,host_steady,1,815,12000
cpu_gpu_cpu_mailbox_rtt,host_steady,1,816,12000
cpu_gpu_cpu_mailbox_rtt,host_steady,1,817,12042
cpu_gpu_cpu_mailbox_rtt,host_steady,1,818,12667
cpu_gpu_cpu_mailbox_rtt,host_steady,1,819,12709
cpu_gpu_cpu_mailbox_rtt,host_steady,1,820,13792
cpu_gpu_cpu_mailbox_rtt,host_steady,1,821,13042
cpu_gpu_cpu_mailbox_rtt,host_steady,1,822,12792
cpu_gpu_cpu_mailbox_rtt,host_steady,1,823,12500
cpu_gpu_cpu_mailbox_rtt,host_steady,1,824,12250
cpu_gpu_cpu_mailbox_rtt,host_steady,1,825,12875
cpu_gpu_cpu_mailbox_rtt,host_steady,1,826,12167
cpu_gpu_cpu_mailbox_rtt,host_steady,1,827,12541
cpu_gpu_cpu_mailbox_rtt,host_steady,1,828,12500
cpu_gpu_cpu_mailbox_rtt,host_steady,1,829,12125
cpu_gpu_cpu_mailbox_rtt,host_steady,1,830,12500
cpu_gpu_cpu_mailbox_rtt,host_steady,1,831,12542
cpu_gpu_cpu_mailbox_rtt,host_steady,1,832,12500
cpu_gpu_cpu_mailbox_rtt,host_steady,1,833,11541
cpu_gpu_cpu_mailbox_rtt,host_steady,1,834,12000
cpu_gpu_cpu_mailbox_rtt,host_steady,1,835,11625
cpu_gpu_cpu_mailbox_rtt,host_steady,1,836,12000
cpu_gpu_cpu_mailbox_rtt,host_steady,1,837,11583
cpu_gpu_cpu_mailbox_rtt,host_steady,1,838,12333
cpu_gpu_cpu_mailbox_rtt,host_steady,1,839,12958
cpu_gpu_cpu_mailbox_rtt,host_steady,1,840,12500
cpu_gpu_cpu_mailbox_rtt,host_steady,1,841,12458
cpu_gpu_cpu_mailbox_rtt,host_steady,1,842,12500
cpu_gpu_cpu_mailbox_rtt,host_steady,1,843,10958
cpu_gpu_cpu_mailbox_rtt,host_steady,1,844,11625
cpu_gpu_cpu_mailbox_rtt,host_steady,1,845,11958
cpu_gpu_cpu_mailbox_rtt,host_steady,1,846,11584
cpu_gpu_cpu_mailbox_rtt,host_steady,1,847,12167
cpu_gpu_cpu_mailbox_rtt,host_steady,1,848,12041
cpu_gpu_cpu_mailbox_rtt,host_steady,1,849,11625
cpu_gpu_cpu_mailbox_rtt,host_steady,1,850,11958
cpu_gpu_cpu_mailbox_rtt,host_steady,1,851,11584
cpu_gpu_cpu_mailbox_rtt,host_steady,1,852,11959
cpu_gpu_cpu_mailbox_rtt,host_steady,1,853,12000
cpu_gpu_cpu_mailbox_rtt,host_steady,1,854,12000
cpu_gpu_cpu_mailbox_rtt,host_steady,1,855,12000
cpu_gpu_cpu_mailbox_rtt,host_steady,1,856,11958
cpu_gpu_cpu_mailbox_rtt,host_steady,1,857,12000
cpu_gpu_cpu_mailbox_rtt,host_steady,1,858,11584
cpu_gpu_cpu_mailbox_rtt,host_steady,1,859,12000
cpu_gpu_cpu_mailbox_rtt,host_steady,1,860,11959
cpu_gpu_cpu_mailbox_rtt,host_steady,1,861,12000
cpu_gpu_cpu_mailbox_rtt,host_steady,1,862,12041
cpu_gpu_cpu_mailbox_rtt,host_steady,1,863,12458
cpu_gpu_cpu_mailbox_rtt,host_steady,1,864,12791
cpu_gpu_cpu_mailbox_rtt,host_steady,1,865,13333
cpu_gpu_cpu_mailbox_rtt,host_steady,1,866,12375
cpu_gpu_cpu_mailbox_rtt,host_steady,1,867,13375
cpu_gpu_cpu_mailbox_rtt,host_steady,1,868,12458
cpu_gpu_cpu_mailbox_rtt,host_steady,1,869,14333
cpu_gpu_cpu_mailbox_rtt,host_steady,1,870,9958
cpu_gpu_cpu_mailbox_rtt,host_steady,1,871,11583
cpu_gpu_cpu_mailbox_rtt,host_steady,1,872,12833
cpu_gpu_cpu_mailbox_rtt,host_steady,1,873,12416
cpu_gpu_cpu_mailbox_rtt,host_steady,1,874,12416
cpu_gpu_cpu_mailbox_rtt,host_steady,1,875,12458
cpu_gpu_cpu_mailbox_rtt,host_steady,1,876,12417
cpu_gpu_cpu_mailbox_rtt,host_steady,1,877,12459
cpu_gpu_cpu_mailbox_rtt,host_steady,1,878,13334
cpu_gpu_cpu_mailbox_rtt,host_steady,1,879,12459
cpu_gpu_cpu_mailbox_rtt,host_steady,1,880,12417
cpu_gpu_cpu_mailbox_rtt,host_steady,1,881,12459
cpu_gpu_cpu_mailbox_rtt,host_steady,1,882,14000
cpu_gpu_cpu_mailbox_rtt,host_steady,1,883,13958
cpu_gpu_cpu_mailbox_rtt,host_steady,1,884,14250
cpu_gpu_cpu_mailbox_rtt,host_steady,1,885,13375
cpu_gpu_cpu_mailbox_rtt,host_steady,1,886,12000
cpu_gpu_cpu_mailbox_rtt,host_steady,1,887,13250
cpu_gpu_cpu_mailbox_rtt,host_steady,1,888,12000
cpu_gpu_cpu_mailbox_rtt,host_steady,1,889,12750
cpu_gpu_cpu_mailbox_rtt,host_steady,1,890,12542
cpu_gpu_cpu_mailbox_rtt,host_steady,1,891,12000
cpu_gpu_cpu_mailbox_rtt,host_steady,1,892,11959
cpu_gpu_cpu_mailbox_rtt,host_steady,1,893,12000
cpu_gpu_cpu_mailbox_rtt,host_steady,1,894,12000
cpu_gpu_cpu_mailbox_rtt,host_steady,1,895,12000
cpu_gpu_cpu_mailbox_rtt,host_steady,1,896,10750
cpu_gpu_cpu_mailbox_rtt,host_steady,1,897,11000
cpu_gpu_cpu_mailbox_rtt,host_steady,1,898,12000
cpu_gpu_cpu_mailbox_rtt,host_steady,1,899,12000
cpu_gpu_cpu_mailbox_rtt,host_steady,1,900,12000
cpu_gpu_cpu_mailbox_rtt,host_steady,1,901,12000
cpu_gpu_cpu_mailbox_rtt,host_steady,1,902,12250
cpu_gpu_cpu_mailbox_rtt,host_steady,1,903,12542
cpu_gpu_cpu_mailbox_rtt,host_steady,1,904,12542
cpu_gpu_cpu_mailbox_rtt,host_steady,1,905,12459
cpu_gpu_cpu_mailbox_rtt,host_steady,1,906,12500
cpu_gpu_cpu_mailbox_rtt,host_steady,1,907,12459
cpu_gpu_cpu_mailbox_rtt,host_steady,1,908,12542
cpu_gpu_cpu_mailbox_rtt,host_steady,1,909,12500
cpu_gpu_cpu_mailbox_rtt,host_steady,1,910,12500
cpu_gpu_cpu_mailbox_rtt,host_steady,1,911,12333
cpu_gpu_cpu_mailbox_rtt,host_steady,1,912,12291
cpu_gpu_cpu_mailbox_rtt,host_steady,1,913,12500
cpu_gpu_cpu_mailbox_rtt,host_steady,1,914,12500
cpu_gpu_cpu_mailbox_rtt,host_steady,1,915,12125
cpu_gpu_cpu_mailbox_rtt,host_steady,1,916,11917
cpu_gpu_cpu_mailbox_rtt,host_steady,1,917,12209
cpu_gpu_cpu_mailbox_rtt,host_steady,1,918,12125
cpu_gpu_cpu_mailbox_rtt,host_steady,1,919,12459
cpu_gpu_cpu_mailbox_rtt,host_steady,1,920,11792
cpu_gpu_cpu_mailbox_rtt,host_steady,1,921,12000
cpu_gpu_cpu_mailbox_rtt,host_steady,1,922,12000
cpu_gpu_cpu_mailbox_rtt,host_steady,1,923,12000
cpu_gpu_cpu_mailbox_rtt,host_steady,1,924,12000
cpu_gpu_cpu_mailbox_rtt,host_steady,1,925,12333
cpu_gpu_cpu_mailbox_rtt,host_steady,1,926,11834
cpu_gpu_cpu_mailbox_rtt,host_steady,1,927,12000
cpu_gpu_cpu_mailbox_rtt,host_steady,1,928,11958
cpu_gpu_cpu_mailbox_rtt,host_steady,1,929,12500
cpu_gpu_cpu_mailbox_rtt,host_steady,1,930,12458
cpu_gpu_cpu_mailbox_rtt,host_steady,1,931,12625
cpu_gpu_cpu_mailbox_rtt,host_steady,1,932,14417
cpu_gpu_cpu_mailbox_rtt,host_steady,1,933,14041
cpu_gpu_cpu_mailbox_rtt,host_steady,1,934,13542
cpu_gpu_cpu_mailbox_rtt,host_steady,1,935,14000
cpu_gpu_cpu_mailbox_rtt,host_steady,1,936,14458
cpu_gpu_cpu_mailbox_rtt,host_steady,1,937,13292
cpu_gpu_cpu_mailbox_rtt,host_steady,1,938,12459
cpu_gpu_cpu_mailbox_rtt,host_steady,1,939,12459
cpu_gpu_cpu_mailbox_rtt,host_steady,1,940,12459
cpu_gpu_cpu_mailbox_rtt,host_steady,1,941,12417
cpu_gpu_cpu_mailbox_rtt,host_steady,1,942,14041
cpu_gpu_cpu_mailbox_rtt,host_steady,1,943,14417
cpu_gpu_cpu_mailbox_rtt,host_steady,1,944,14459
cpu_gpu_cpu_mailbox_rtt,host_steady,1,945,13667
cpu_gpu_cpu_mailbox_rtt,host_steady,1,946,13209
cpu_gpu_cpu_mailbox_rtt,host_steady,1,947,13958
cpu_gpu_cpu_mailbox_rtt,host_steady,1,948,14375
cpu_gpu_cpu_mailbox_rtt,host_steady,1,949,12542
cpu_gpu_cpu_mailbox_rtt,host_steady,1,950,13291
cpu_gpu_cpu_mailbox_rtt,host_steady,1,951,13958
cpu_gpu_cpu_mailbox_rtt,host_steady,1,952,14417
cpu_gpu_cpu_mailbox_rtt,host_steady,1,953,14000
cpu_gpu_cpu_mailbox_rtt,host_steady,1,954,14417
cpu_gpu_cpu_mailbox_rtt,host_steady,1,955,14375
cpu_gpu_cpu_mailbox_rtt,host_steady,1,956,14375
cpu_gpu_cpu_mailbox_rtt,host_steady,1,957,14417
cpu_gpu_cpu_mailbox_rtt,host_steady,1,958,14417
cpu_gpu_cpu_mailbox_rtt,host_steady,1,959,13917
cpu_gpu_cpu_mailbox_rtt,host_steady,1,960,13125
cpu_gpu_cpu_mailbox_rtt,host_steady,1,961,12416
cpu_gpu_cpu_mailbox_rtt,host_steady,1,962,12417
cpu_gpu_cpu_mailbox_rtt,host_steady,1,963,12834
cpu_gpu_cpu_mailbox_rtt,host_steady,1,964,12042
cpu_gpu_cpu_mailbox_rtt,host_steady,1,965,12000
cpu_gpu_cpu_mailbox_rtt,host_steady,1,966,12000
cpu_gpu_cpu_mailbox_rtt,host_steady,1,967,11542
cpu_gpu_cpu_mailbox_rtt,host_steady,1,968,12041
cpu_gpu_cpu_mailbox_rtt,host_steady,1,969,12000
cpu_gpu_cpu_mailbox_rtt,host_steady,1,970,12583
cpu_gpu_cpu_mailbox_rtt,host_steady,1,971,12875
cpu_gpu_cpu_mailbox_rtt,host_steady,1,972,11917
cpu_gpu_cpu_mailbox_rtt,host_steady,1,973,12000
cpu_gpu_cpu_mailbox_rtt,host_steady,1,974,12000
cpu_gpu_cpu_mailbox_rtt,host_steady,1,975,11959
cpu_gpu_cpu_mailbox_rtt,host_steady,1,976,11959
cpu_gpu_cpu_mailbox_rtt,host_steady,1,977,12333
cpu_gpu_cpu_mailbox_rtt,host_steady,1,978,12458
cpu_gpu_cpu_mailbox_rtt,host_steady,1,979,12500
cpu_gpu_cpu_mailbox_rtt,host_steady,1,980,12958
cpu_gpu_cpu_mailbox_rtt,host_steady,1,981,12500
cpu_gpu_cpu_mailbox_rtt,host_steady,1,982,12292
cpu_gpu_cpu_mailbox_rtt,host_steady,1,983,12500
cpu_gpu_cpu_mailbox_rtt,host_steady,1,984,12500
cpu_gpu_cpu_mailbox_rtt,host_steady,1,985,12875
cpu_gpu_cpu_mailbox_rtt,host_steady,1,986,12458
cpu_gpu_cpu_mailbox_rtt,host_steady,1,987,12458
cpu_gpu_cpu_mailbox_rtt,host_steady,1,988,12250
cpu_gpu_cpu_mailbox_rtt,host_steady,1,989,13292
cpu_gpu_cpu_mailbox_rtt,host_steady,1,990,12542
cpu_gpu_cpu_mailbox_rtt,host_steady,1,991,12292
cpu_gpu_cpu_mailbox_rtt,host_steady,1,992,12291
cpu_gpu_cpu_mailbox_rtt,host_steady,1,993,12875
cpu_gpu_cpu_mailbox_rtt,host_steady,1,994,12542
cpu_gpu_cpu_mailbox_rtt,host_steady,1,995,12542
cpu_gpu_cpu_mailbox_rtt,host_steady,1,996,12667
cpu_gpu_cpu_mailbox_rtt,host_steady,1,997,12459
cpu_gpu_cpu_mailbox_rtt,host_steady,1,998,12958
cpu_gpu_cpu_mailbox_rtt,host_steady,1,999,12542
cpu_gpu_cpu_mailbox_rtt,host_steady,1,1000,12542
cpu_gpu_cpu_mailbox_rtt,host_steady,1,1001,12500
cpu_gpu_cpu_mailbox_rtt,host_steady,1,1002,12833
cpu_gpu_cpu_mailbox_rtt,host_steady,1,1003,12459
cpu_gpu_cpu_mailbox_rtt,host_steady,1,1004,12458
cpu_gpu_cpu_mailbox_rtt,host_steady,1,1005,13750
cpu_gpu_cpu_mailbox_rtt,host_steady,1,1006,12875
cpu_gpu_cpu_mailbox_rtt,host_steady,1,1007,12833
cpu_gpu_cpu_mailbox_rtt,host_steady,1,1008,14000
cpu_gpu_cpu_mailbox_rtt,host_steady,1,1009,13500
cpu_gpu_cpu_mailbox_rtt,host_steady,1,1010,13959
cpu_gpu_cpu_mailbox_rtt,host_steady,1,1011,13959
cpu_gpu_cpu_mailbox_rtt,host_steady,1,1012,13625
cpu_gpu_cpu_mailbox_rtt,host_steady,1,1013,14167
cpu_gpu_cpu_mailbox_rtt,host_steady,1,1014,12166
cpu_gpu_cpu_mailbox_rtt,host_steady,1,1015,11958
cpu_gpu_cpu_mailbox_rtt,host_steady,1,1016,12875
cpu_gpu_cpu_mailbox_rtt,host_steady,1,1017,12292
cpu_gpu_cpu_mailbox_rtt,host_steady,1,1018,12500
cpu_gpu_cpu_mailbox_rtt,host_steady,1,1019,12292
cpu_gpu_cpu_mailbox_rtt,host_steady,1,1020,12000
cpu_gpu_cpu_mailbox_rtt,host_steady,1,1021,12000
cpu_gpu_cpu_mailbox_rtt,host_steady,1,1022,12792
cpu_gpu_cpu_mailbox_rtt,host_steady,1,1023,12459
cpu_gpu_cpu_mailbox_rtt,host_steady,2,0,6834
cpu_gpu_cpu_mailbox_rtt,host_steady,2,1,13834
cpu_gpu_cpu_mailbox_rtt,host_steady,2,2,6542
cpu_gpu_cpu_mailbox_rtt,host_steady,2,3,13583
cpu_gpu_cpu_mailbox_rtt,host_steady,2,4,7292
cpu_gpu_cpu_mailbox_rtt,host_steady,2,5,6542
cpu_gpu_cpu_mailbox_rtt,host_steady,2,6,12750
cpu_gpu_cpu_mailbox_rtt,host_steady,2,7,13042
cpu_gpu_cpu_mailbox_rtt,host_steady,2,8,13041
cpu_gpu_cpu_mailbox_rtt,host_steady,2,9,13042
cpu_gpu_cpu_mailbox_rtt,host_steady,2,10,12959
cpu_gpu_cpu_mailbox_rtt,host_steady,2,11,12583
cpu_gpu_cpu_mailbox_rtt,host_steady,2,12,12416
cpu_gpu_cpu_mailbox_rtt,host_steady,2,13,12625
cpu_gpu_cpu_mailbox_rtt,host_steady,2,14,12625
cpu_gpu_cpu_mailbox_rtt,host_steady,2,15,12625
cpu_gpu_cpu_mailbox_rtt,host_steady,2,16,13000
cpu_gpu_cpu_mailbox_rtt,host_steady,2,17,12708
cpu_gpu_cpu_mailbox_rtt,host_steady,2,18,12958
cpu_gpu_cpu_mailbox_rtt,host_steady,2,19,10958
cpu_gpu_cpu_mailbox_rtt,host_steady,2,20,12625
cpu_gpu_cpu_mailbox_rtt,host_steady,2,21,12625
cpu_gpu_cpu_mailbox_rtt,host_steady,2,22,13042
cpu_gpu_cpu_mailbox_rtt,host_steady,2,23,12625
cpu_gpu_cpu_mailbox_rtt,host_steady,2,24,13000
cpu_gpu_cpu_mailbox_rtt,host_steady,2,25,12625
cpu_gpu_cpu_mailbox_rtt,host_steady,2,26,12625
cpu_gpu_cpu_mailbox_rtt,host_steady,2,27,12625
cpu_gpu_cpu_mailbox_rtt,host_steady,2,28,13042
cpu_gpu_cpu_mailbox_rtt,host_steady,2,29,13042
cpu_gpu_cpu_mailbox_rtt,host_steady,2,30,12583
cpu_gpu_cpu_mailbox_rtt,host_steady,2,31,12625
cpu_gpu_cpu_mailbox_rtt,host_steady,2,32,13041
cpu_gpu_cpu_mailbox_rtt,host_steady,2,33,12625
cpu_gpu_cpu_mailbox_rtt,host_steady,2,34,12625
cpu_gpu_cpu_mailbox_rtt,host_steady,2,35,12625
cpu_gpu_cpu_mailbox_rtt,host_steady,2,36,12625
cpu_gpu_cpu_mailbox_rtt,host_steady,2,37,13042
cpu_gpu_cpu_mailbox_rtt,host_steady,2,38,12583
cpu_gpu_cpu_mailbox_rtt,host_steady,2,39,13250
cpu_gpu_cpu_mailbox_rtt,host_steady,2,40,7083
cpu_gpu_cpu_mailbox_rtt,host_steady,2,41,7083
cpu_gpu_cpu_mailbox_rtt,host_steady,2,42,13125
cpu_gpu_cpu_mailbox_rtt,host_steady,2,43,12666
cpu_gpu_cpu_mailbox_rtt,host_steady,2,44,12500
cpu_gpu_cpu_mailbox_rtt,host_steady,2,45,12875
cpu_gpu_cpu_mailbox_rtt,host_steady,2,46,12750
cpu_gpu_cpu_mailbox_rtt,host_steady,2,47,12583
cpu_gpu_cpu_mailbox_rtt,host_steady,2,48,12625
cpu_gpu_cpu_mailbox_rtt,host_steady,2,49,13125
cpu_gpu_cpu_mailbox_rtt,host_steady,2,50,12625
cpu_gpu_cpu_mailbox_rtt,host_steady,2,51,13042
cpu_gpu_cpu_mailbox_rtt,host_steady,2,52,13042
cpu_gpu_cpu_mailbox_rtt,host_steady,2,53,13041
cpu_gpu_cpu_mailbox_rtt,host_steady,2,54,13042
cpu_gpu_cpu_mailbox_rtt,host_steady,2,55,13042
cpu_gpu_cpu_mailbox_rtt,host_steady,2,56,12625
cpu_gpu_cpu_mailbox_rtt,host_steady,2,57,12625
cpu_gpu_cpu_mailbox_rtt,host_steady,2,58,13041
cpu_gpu_cpu_mailbox_rtt,host_steady,2,59,13042
cpu_gpu_cpu_mailbox_rtt,host_steady,2,60,12792
cpu_gpu_cpu_mailbox_rtt,host_steady,2,61,6250
cpu_gpu_cpu_mailbox_rtt,host_steady,2,62,12833
cpu_gpu_cpu_mailbox_rtt,host_steady,2,63,12625
cpu_gpu_cpu_mailbox_rtt,host_steady,2,64,13083
cpu_gpu_cpu_mailbox_rtt,host_steady,2,65,12250
cpu_gpu_cpu_mailbox_rtt,host_steady,2,66,7041
cpu_gpu_cpu_mailbox_rtt,host_steady,2,67,13834
cpu_gpu_cpu_mailbox_rtt,host_steady,2,68,6541
cpu_gpu_cpu_mailbox_rtt,host_steady,2,69,12917
cpu_gpu_cpu_mailbox_rtt,host_steady,2,70,13083
cpu_gpu_cpu_mailbox_rtt,host_steady,2,71,13084
cpu_gpu_cpu_mailbox_rtt,host_steady,2,72,12916
cpu_gpu_cpu_mailbox_rtt,host_steady,2,73,7292
cpu_gpu_cpu_mailbox_rtt,host_steady,2,74,6833
cpu_gpu_cpu_mailbox_rtt,host_steady,2,75,6833
cpu_gpu_cpu_mailbox_rtt,host_steady,2,76,6792
cpu_gpu_cpu_mailbox_rtt,host_steady,2,77,6833
cpu_gpu_cpu_mailbox_rtt,host_steady,2,78,6833
cpu_gpu_cpu_mailbox_rtt,host_steady,2,79,6834
cpu_gpu_cpu_mailbox_rtt,host_steady,2,80,6833
cpu_gpu_cpu_mailbox_rtt,host_steady,2,81,6875
cpu_gpu_cpu_mailbox_rtt,host_steady,2,82,6792
cpu_gpu_cpu_mailbox_rtt,host_steady,2,83,6791
cpu_gpu_cpu_mailbox_rtt,host_steady,2,84,6833
cpu_gpu_cpu_mailbox_rtt,host_steady,2,85,6875
cpu_gpu_cpu_mailbox_rtt,host_steady,2,86,12667
cpu_gpu_cpu_mailbox_rtt,host_steady,2,87,6500
cpu_gpu_cpu_mailbox_rtt,host_steady,2,88,6834
cpu_gpu_cpu_mailbox_rtt,host_steady,2,89,6833
cpu_gpu_cpu_mailbox_rtt,host_steady,2,90,6833
cpu_gpu_cpu_mailbox_rtt,host_steady,2,91,6834
cpu_gpu_cpu_mailbox_rtt,host_steady,2,92,6833
cpu_gpu_cpu_mailbox_rtt,host_steady,2,93,6875
cpu_gpu_cpu_mailbox_rtt,host_steady,2,94,7291
cpu_gpu_cpu_mailbox_rtt,host_steady,2,95,6834
cpu_gpu_cpu_mailbox_rtt,host_steady,2,96,6833
cpu_gpu_cpu_mailbox_rtt,host_steady,2,97,6792
cpu_gpu_cpu_mailbox_rtt,host_steady,2,98,6833
cpu_gpu_cpu_mailbox_rtt,host_steady,2,99,6833
cpu_gpu_cpu_mailbox_rtt,host_steady,2,100,6834
cpu_gpu_cpu_mailbox_rtt,host_steady,2,101,6833
cpu_gpu_cpu_mailbox_rtt,host_steady,2,102,6792
cpu_gpu_cpu_mailbox_rtt,host_steady,2,103,6833
cpu_gpu_cpu_mailbox_rtt,host_steady,2,104,6833
cpu_gpu_cpu_mailbox_rtt,host_steady,2,105,6834
cpu_gpu_cpu_mailbox_rtt,host_steady,2,106,6833
cpu_gpu_cpu_mailbox_rtt,host_steady,2,107,6875
cpu_gpu_cpu_mailbox_rtt,host_steady,2,108,6792
cpu_gpu_cpu_mailbox_rtt,host_steady,2,109,6875
cpu_gpu_cpu_mailbox_rtt,host_steady,2,110,6791
cpu_gpu_cpu_mailbox_rtt,host_steady,2,111,6834
cpu_gpu_cpu_mailbox_rtt,host_steady,2,112,6834
cpu_gpu_cpu_mailbox_rtt,host_steady,2,113,6834
cpu_gpu_cpu_mailbox_rtt,host_steady,2,114,6791
cpu_gpu_cpu_mailbox_rtt,host_steady,2,115,6834
cpu_gpu_cpu_mailbox_rtt,host_steady,2,116,6833
cpu_gpu_cpu_mailbox_rtt,host_steady,2,117,6833
cpu_gpu_cpu_mailbox_rtt,host_steady,2,118,6875
cpu_gpu_cpu_mailbox_rtt,host_steady,2,119,6792
cpu_gpu_cpu_mailbox_rtt,host_steady,2,120,6833
cpu_gpu_cpu_mailbox_rtt,host_steady,2,121,6834
cpu_gpu_cpu_mailbox_rtt,host_steady,2,122,6833
cpu_gpu_cpu_mailbox_rtt,host_steady,2,123,6833
cpu_gpu_cpu_mailbox_rtt,host_steady,2,124,6875
cpu_gpu_cpu_mailbox_rtt,host_steady,2,125,6834
cpu_gpu_cpu_mailbox_rtt,host_steady,2,126,6875
cpu_gpu_cpu_mailbox_rtt,host_steady,2,127,6541
cpu_gpu_cpu_mailbox_rtt,host_steady,2,128,6792
cpu_gpu_cpu_mailbox_rtt,host_steady,2,129,13000
cpu_gpu_cpu_mailbox_rtt,host_steady,2,130,6500
cpu_gpu_cpu_mailbox_rtt,host_steady,2,131,6833
cpu_gpu_cpu_mailbox_rtt,host_steady,2,132,6834
cpu_gpu_cpu_mailbox_rtt,host_steady,2,133,6833
cpu_gpu_cpu_mailbox_rtt,host_steady,2,134,6833
cpu_gpu_cpu_mailbox_rtt,host_steady,2,135,6834
cpu_gpu_cpu_mailbox_rtt,host_steady,2,136,6833
cpu_gpu_cpu_mailbox_rtt,host_steady,2,137,6833
cpu_gpu_cpu_mailbox_rtt,host_steady,2,138,6834
cpu_gpu_cpu_mailbox_rtt,host_steady,2,139,6833
cpu_gpu_cpu_mailbox_rtt,host_steady,2,140,6791
cpu_gpu_cpu_mailbox_rtt,host_steady,2,141,6834
cpu_gpu_cpu_mailbox_rtt,host_steady,2,142,6833
cpu_gpu_cpu_mailbox_rtt,host_steady,2,143,6833
cpu_gpu_cpu_mailbox_rtt,host_steady,2,144,6834
cpu_gpu_cpu_mailbox_rtt,host_steady,2,145,6833
cpu_gpu_cpu_mailbox_rtt,host_steady,2,146,6833
cpu_gpu_cpu_mailbox_rtt,host_steady,2,147,6792
cpu_gpu_cpu_mailbox_rtt,host_steady,2,148,6833
cpu_gpu_cpu_mailbox_rtt,host_steady,2,149,6833
cpu_gpu_cpu_mailbox_rtt,host_steady,2,150,6834
cpu_gpu_cpu_mailbox_rtt,host_steady,2,151,6833
cpu_gpu_cpu_mailbox_rtt,host_steady,2,152,6833
cpu_gpu_cpu_mailbox_rtt,host_steady,2,153,6834
cpu_gpu_cpu_mailbox_rtt,host_steady,2,154,6833
cpu_gpu_cpu_mailbox_rtt,host_steady,2,155,6875
cpu_gpu_cpu_mailbox_rtt,host_steady,2,156,6750
cpu_gpu_cpu_mailbox_rtt,host_steady,2,157,6833
cpu_gpu_cpu_mailbox_rtt,host_steady,2,158,6458
cpu_gpu_cpu_mailbox_rtt,host_steady,2,159,6750
cpu_gpu_cpu_mailbox_rtt,host_steady,2,160,6875
cpu_gpu_cpu_mailbox_rtt,host_steady,2,161,6792
cpu_gpu_cpu_mailbox_rtt,host_steady,2,162,6833
cpu_gpu_cpu_mailbox_rtt,host_steady,2,163,6792
cpu_gpu_cpu_mailbox_rtt,host_steady,2,164,6791
cpu_gpu_cpu_mailbox_rtt,host_steady,2,165,7250
cpu_gpu_cpu_mailbox_rtt,host_steady,2,166,7375
cpu_gpu_cpu_mailbox_rtt,host_steady,2,167,6875
cpu_gpu_cpu_mailbox_rtt,host_steady,2,168,6792
cpu_gpu_cpu_mailbox_rtt,host_steady,2,169,6833
cpu_gpu_cpu_mailbox_rtt,host_steady,2,170,6833
cpu_gpu_cpu_mailbox_rtt,host_steady,2,171,6834
cpu_gpu_cpu_mailbox_rtt,host_steady,2,172,6833
cpu_gpu_cpu_mailbox_rtt,host_steady,2,173,6833
cpu_gpu_cpu_mailbox_rtt,host_steady,2,174,6834
cpu_gpu_cpu_mailbox_rtt,host_steady,2,175,6833
cpu_gpu_cpu_mailbox_rtt,host_steady,2,176,6833
cpu_gpu_cpu_mailbox_rtt,host_steady,2,177,6792
cpu_gpu_cpu_mailbox_rtt,host_steady,2,178,6791
cpu_gpu_cpu_mailbox_rtt,host_steady,2,179,6834
cpu_gpu_cpu_mailbox_rtt,host_steady,2,180,6833
cpu_gpu_cpu_mailbox_rtt,host_steady,2,181,6833
cpu_gpu_cpu_mailbox_rtt,host_steady,2,182,6834
cpu_gpu_cpu_mailbox_rtt,host_steady,2,183,6833
cpu_gpu_cpu_mailbox_rtt,host_steady,2,184,6833
cpu_gpu_cpu_mailbox_rtt,host_steady,2,185,6625
cpu_gpu_cpu_mailbox_rtt,host_steady,2,186,13958
cpu_gpu_cpu_mailbox_rtt,host_steady,2,187,6500
cpu_gpu_cpu_mailbox_rtt,host_steady,2,188,6833
cpu_gpu_cpu_mailbox_rtt,host_steady,2,189,6875
cpu_gpu_cpu_mailbox_rtt,host_steady,2,190,6792
cpu_gpu_cpu_mailbox_rtt,host_steady,2,191,6583
cpu_gpu_cpu_mailbox_rtt,host_steady,2,192,12750
cpu_gpu_cpu_mailbox_rtt,host_steady,2,193,11750
cpu_gpu_cpu_mailbox_rtt,host_steady,2,194,11958
cpu_gpu_cpu_mailbox_rtt,host_steady,2,195,13042
cpu_gpu_cpu_mailbox_rtt,host_steady,2,196,6875
cpu_gpu_cpu_mailbox_rtt,host_steady,2,197,7334
cpu_gpu_cpu_mailbox_rtt,host_steady,2,198,6833
cpu_gpu_cpu_mailbox_rtt,host_steady,2,199,6833
cpu_gpu_cpu_mailbox_rtt,host_steady,2,200,6792
cpu_gpu_cpu_mailbox_rtt,host_steady,2,201,6833
cpu_gpu_cpu_mailbox_rtt,host_steady,2,202,6833
cpu_gpu_cpu_mailbox_rtt,host_steady,2,203,6834
cpu_gpu_cpu_mailbox_rtt,host_steady,2,204,6833
cpu_gpu_cpu_mailbox_rtt,host_steady,2,205,6833
cpu_gpu_cpu_mailbox_rtt,host_steady,2,206,6875
cpu_gpu_cpu_mailbox_rtt,host_steady,2,207,12667
cpu_gpu_cpu_mailbox_rtt,host_steady,2,208,6500
cpu_gpu_cpu_mailbox_rtt,host_steady,2,209,6792
cpu_gpu_cpu_mailbox_rtt,host_steady,2,210,6833
cpu_gpu_cpu_mailbox_rtt,host_steady,2,211,6834
cpu_gpu_cpu_mailbox_rtt,host_steady,2,212,6833
cpu_gpu_cpu_mailbox_rtt,host_steady,2,213,6833
cpu_gpu_cpu_mailbox_rtt,host_steady,2,214,12667
cpu_gpu_cpu_mailbox_rtt,host_steady,2,215,6500
cpu_gpu_cpu_mailbox_rtt,host_steady,2,216,6792
cpu_gpu_cpu_mailbox_rtt,host_steady,2,217,6833
cpu_gpu_cpu_mailbox_rtt,host_steady,2,218,7334
cpu_gpu_cpu_mailbox_rtt,host_steady,2,219,12625
cpu_gpu_cpu_mailbox_rtt,host_steady,2,220,6834
cpu_gpu_cpu_mailbox_rtt,host_steady,2,221,6833
cpu_gpu_cpu_mailbox_rtt,host_steady,2,222,6833
cpu_gpu_cpu_mailbox_rtt,host_steady,2,223,6917
cpu_gpu_cpu_mailbox_rtt,host_steady,2,224,6792
cpu_gpu_cpu_mailbox_rtt,host_steady,2,225,6833
cpu_gpu_cpu_mailbox_rtt,host_steady,2,226,6833
cpu_gpu_cpu_mailbox_rtt,host_steady,2,227,6834
cpu_gpu_cpu_mailbox_rtt,host_steady,2,228,6833
cpu_gpu_cpu_mailbox_rtt,host_steady,2,229,6875
cpu_gpu_cpu_mailbox_rtt,host_steady,2,230,6833
cpu_gpu_cpu_mailbox_rtt,host_steady,2,231,6834
cpu_gpu_cpu_mailbox_rtt,host_steady,2,232,6875
cpu_gpu_cpu_mailbox_rtt,host_steady,2,233,6791
cpu_gpu_cpu_mailbox_rtt,host_steady,2,234,6833
cpu_gpu_cpu_mailbox_rtt,host_steady,2,235,6833
cpu_gpu_cpu_mailbox_rtt,host_steady,2,236,6792
cpu_gpu_cpu_mailbox_rtt,host_steady,2,237,6833
cpu_gpu_cpu_mailbox_rtt,host_steady,2,238,6875
cpu_gpu_cpu_mailbox_rtt,host_steady,2,239,6792
cpu_gpu_cpu_mailbox_rtt,host_steady,2,240,6833
cpu_gpu_cpu_mailbox_rtt,host_steady,2,241,6833
cpu_gpu_cpu_mailbox_rtt,host_steady,2,242,6792
cpu_gpu_cpu_mailbox_rtt,host_steady,2,243,6833
cpu_gpu_cpu_mailbox_rtt,host_steady,2,244,6833
cpu_gpu_cpu_mailbox_rtt,host_steady,2,245,6875
cpu_gpu_cpu_mailbox_rtt,host_steady,2,246,6792
cpu_gpu_cpu_mailbox_rtt,host_steady,2,247,6833
cpu_gpu_cpu_mailbox_rtt,host_steady,2,248,6875
cpu_gpu_cpu_mailbox_rtt,host_steady,2,249,6792
cpu_gpu_cpu_mailbox_rtt,host_steady,2,250,6750
cpu_gpu_cpu_mailbox_rtt,host_steady,2,251,6834
cpu_gpu_cpu_mailbox_rtt,host_steady,2,252,6833
cpu_gpu_cpu_mailbox_rtt,host_steady,2,253,6833
cpu_gpu_cpu_mailbox_rtt,host_steady,2,254,6834
cpu_gpu_cpu_mailbox_rtt,host_steady,2,255,6833
cpu_gpu_cpu_mailbox_rtt,host_steady,2,256,13125
cpu_gpu_cpu_mailbox_rtt,host_steady,2,257,7167
cpu_gpu_cpu_mailbox_rtt,host_steady,2,258,12833
cpu_gpu_cpu_mailbox_rtt,host_steady,2,259,12666
cpu_gpu_cpu_mailbox_rtt,host_steady,2,260,6500
cpu_gpu_cpu_mailbox_rtt,host_steady,2,261,6833
cpu_gpu_cpu_mailbox_rtt,host_steady,2,262,6792
cpu_gpu_cpu_mailbox_rtt,host_steady,2,263,6791
cpu_gpu_cpu_mailbox_rtt,host_steady,2,264,6875
cpu_gpu_cpu_mailbox_rtt,host_steady,2,265,6834
cpu_gpu_cpu_mailbox_rtt,host_steady,2,266,13125
cpu_gpu_cpu_mailbox_rtt,host_steady,2,267,12750
cpu_gpu_cpu_mailbox_rtt,host_steady,2,268,6500
cpu_gpu_cpu_mailbox_rtt,host_steady,2,269,6833
cpu_gpu_cpu_mailbox_rtt,host_steady,2,270,6833
cpu_gpu_cpu_mailbox_rtt,host_steady,2,271,6834
cpu_gpu_cpu_mailbox_rtt,host_steady,2,272,6833
cpu_gpu_cpu_mailbox_rtt,host_steady,2,273,6833
cpu_gpu_cpu_mailbox_rtt,host_steady,2,274,6834
cpu_gpu_cpu_mailbox_rtt,host_steady,2,275,6833
cpu_gpu_cpu_mailbox_rtt,host_steady,2,276,6833
cpu_gpu_cpu_mailbox_rtt,host_steady,2,277,6459
cpu_gpu_cpu_mailbox_rtt,host_steady,2,278,6833
cpu_gpu_cpu_mailbox_rtt,host_steady,2,279,6875
cpu_gpu_cpu_mailbox_rtt,host_steady,2,280,6833
cpu_gpu_cpu_mailbox_rtt,host_steady,2,281,6875
cpu_gpu_cpu_mailbox_rtt,host_steady,2,282,6792
cpu_gpu_cpu_mailbox_rtt,host_steady,2,283,6791
cpu_gpu_cpu_mailbox_rtt,host_steady,2,284,6834
cpu_gpu_cpu_mailbox_rtt,host_steady,2,285,6833
cpu_gpu_cpu_mailbox_rtt,host_steady,2,286,6833
cpu_gpu_cpu_mailbox_rtt,host_steady,2,287,6834
cpu_gpu_cpu_mailbox_rtt,host_steady,2,288,6833
cpu_gpu_cpu_mailbox_rtt,host_steady,2,289,6875
cpu_gpu_cpu_mailbox_rtt,host_steady,2,290,6792
cpu_gpu_cpu_mailbox_rtt,host_steady,2,291,6833
cpu_gpu_cpu_mailbox_rtt,host_steady,2,292,6833
cpu_gpu_cpu_mailbox_rtt,host_steady,2,293,6792
cpu_gpu_cpu_mailbox_rtt,host_steady,2,294,6542
cpu_gpu_cpu_mailbox_rtt,host_steady,2,295,6833
cpu_gpu_cpu_mailbox_rtt,host_steady,2,296,6833
cpu_gpu_cpu_mailbox_rtt,host_steady,2,297,6834
cpu_gpu_cpu_mailbox_rtt,host_steady,2,298,6792
cpu_gpu_cpu_mailbox_rtt,host_steady,2,299,6791
cpu_gpu_cpu_mailbox_rtt,host_steady,2,300,6834
cpu_gpu_cpu_mailbox_rtt,host_steady,2,301,6833
cpu_gpu_cpu_mailbox_rtt,host_steady,2,302,6792
cpu_gpu_cpu_mailbox_rtt,host_steady,2,303,6834
cpu_gpu_cpu_mailbox_rtt,host_steady,2,304,6916
cpu_gpu_cpu_mailbox_rtt,host_steady,2,305,13667
cpu_gpu_cpu_mailbox_rtt,host_steady,2,306,6500
cpu_gpu_cpu_mailbox_rtt,host_steady,2,307,6833
cpu_gpu_cpu_mailbox_rtt,host_steady,2,308,6833
cpu_gpu_cpu_mailbox_rtt,host_steady,2,309,6834
cpu_gpu_cpu_mailbox_rtt,host_steady,2,310,6833
cpu_gpu_cpu_mailbox_rtt,host_steady,2,311,6875
cpu_gpu_cpu_mailbox_rtt,host_steady,2,312,12708
cpu_gpu_cpu_mailbox_rtt,host_steady,2,313,6500
cpu_gpu_cpu_mailbox_rtt,host_steady,2,314,6833
cpu_gpu_cpu_mailbox_rtt,host_steady,2,315,6792
cpu_gpu_cpu_mailbox_rtt,host_steady,2,316,6833
cpu_gpu_cpu_mailbox_rtt,host_steady,2,317,6833
cpu_gpu_cpu_mailbox_rtt,host_steady,2,318,6875
cpu_gpu_cpu_mailbox_rtt,host_steady,2,319,6834
cpu_gpu_cpu_mailbox_rtt,host_steady,2,320,6833
cpu_gpu_cpu_mailbox_rtt,host_steady,2,321,6792
cpu_gpu_cpu_mailbox_rtt,host_steady,2,322,6833
cpu_gpu_cpu_mailbox_rtt,host_steady,2,323,6875
cpu_gpu_cpu_mailbox_rtt,host_steady,2,324,6792
cpu_gpu_cpu_mailbox_rtt,host_steady,2,325,6833
cpu_gpu_cpu_mailbox_rtt,host_steady,2,326,6875
cpu_gpu_cpu_mailbox_rtt,host_steady,2,327,6833
cpu_gpu_cpu_mailbox_rtt,host_steady,2,328,6792
cpu_gpu_cpu_mailbox_rtt,host_steady,2,329,6833
cpu_gpu_cpu_mailbox_rtt,host_steady,2,330,6833
cpu_gpu_cpu_mailbox_rtt,host_steady,2,331,6834
cpu_gpu_cpu_mailbox_rtt,host_steady,2,332,6791
cpu_gpu_cpu_mailbox_rtt,host_steady,2,333,6833
cpu_gpu_cpu_mailbox_rtt,host_steady,2,334,6834
cpu_gpu_cpu_mailbox_rtt,host_steady,2,335,13125
cpu_gpu_cpu_mailbox_rtt,host_steady,2,336,12333
cpu_gpu_cpu_mailbox_rtt,host_steady,2,337,6500
cpu_gpu_cpu_mailbox_rtt,host_steady,2,338,6833
cpu_gpu_cpu_mailbox_rtt,host_steady,2,339,6500
cpu_gpu_cpu_mailbox_rtt,host_steady,2,340,7375
cpu_gpu_cpu_mailbox_rtt,host_steady,2,341,6833
cpu_gpu_cpu_mailbox_rtt,host_steady,2,342,6875
cpu_gpu_cpu_mailbox_rtt,host_steady,2,343,13000
cpu_gpu_cpu_mailbox_rtt,host_steady,2,344,7291
cpu_gpu_cpu_mailbox_rtt,host_steady,2,345,6834
cpu_gpu_cpu_mailbox_rtt,host_steady,2,346,6833
cpu_gpu_cpu_mailbox_rtt,host_steady,2,347,6833
cpu_gpu_cpu_mailbox_rtt,host_steady,2,348,6834
cpu_gpu_cpu_mailbox_rtt,host_steady,2,349,6833
cpu_gpu_cpu_mailbox_rtt,host_steady,2,350,6833
cpu_gpu_cpu_mailbox_rtt,host_steady,2,351,12708
cpu_gpu_cpu_mailbox_rtt,host_steady,2,352,6500
cpu_gpu_cpu_mailbox_rtt,host_steady,2,353,6833
cpu_gpu_cpu_mailbox_rtt,host_steady,2,354,6917
cpu_gpu_cpu_mailbox_rtt,host_steady,2,355,6750
cpu_gpu_cpu_mailbox_rtt,host_steady,2,356,6833
cpu_gpu_cpu_mailbox_rtt,host_steady,2,357,6833
cpu_gpu_cpu_mailbox_rtt,host_steady,2,358,6834
cpu_gpu_cpu_mailbox_rtt,host_steady,2,359,6833
cpu_gpu_cpu_mailbox_rtt,host_steady,2,360,6833
cpu_gpu_cpu_mailbox_rtt,host_steady,2,361,6834
cpu_gpu_cpu_mailbox_rtt,host_steady,2,362,6875
cpu_gpu_cpu_mailbox_rtt,host_steady,2,363,6833
cpu_gpu_cpu_mailbox_rtt,host_steady,2,364,6833
cpu_gpu_cpu_mailbox_rtt,host_steady,2,365,6834
cpu_gpu_cpu_mailbox_rtt,host_steady,2,366,6833
cpu_gpu_cpu_mailbox_rtt,host_steady,2,367,6875
cpu_gpu_cpu_mailbox_rtt,host_steady,2,368,6833
cpu_gpu_cpu_mailbox_rtt,host_steady,2,369,6834
cpu_gpu_cpu_mailbox_rtt,host_steady,2,370,6875
cpu_gpu_cpu_mailbox_rtt,host_steady,2,371,6791
cpu_gpu_cpu_mailbox_rtt,host_steady,2,372,6875
cpu_gpu_cpu_mailbox_rtt,host_steady,2,373,6792
cpu_gpu_cpu_mailbox_rtt,host_steady,2,374,6833
cpu_gpu_cpu_mailbox_rtt,host_steady,2,375,6834
cpu_gpu_cpu_mailbox_rtt,host_steady,2,376,6833
cpu_gpu_cpu_mailbox_rtt,host_steady,2,377,6833
cpu_gpu_cpu_mailbox_rtt,host_steady,2,378,6834
cpu_gpu_cpu_mailbox_rtt,host_steady,2,379,6875
cpu_gpu_cpu_mailbox_rtt,host_steady,2,380,6833
cpu_gpu_cpu_mailbox_rtt,host_steady,2,381,6791
cpu_gpu_cpu_mailbox_rtt,host_steady,2,382,6834
cpu_gpu_cpu_mailbox_rtt,host_steady,2,383,6833
cpu_gpu_cpu_mailbox_rtt,host_steady,2,384,6875
cpu_gpu_cpu_mailbox_rtt,host_steady,2,385,6792
cpu_gpu_cpu_mailbox_rtt,host_steady,2,386,6833
cpu_gpu_cpu_mailbox_rtt,host_steady,2,387,6833
cpu_gpu_cpu_mailbox_rtt,host_steady,2,388,6792
cpu_gpu_cpu_mailbox_rtt,host_steady,2,389,6875
cpu_gpu_cpu_mailbox_rtt,host_steady,2,390,6750
cpu_gpu_cpu_mailbox_rtt,host_steady,2,391,6834
cpu_gpu_cpu_mailbox_rtt,host_steady,2,392,6833
cpu_gpu_cpu_mailbox_rtt,host_steady,2,393,6833
cpu_gpu_cpu_mailbox_rtt,host_steady,2,394,6834
cpu_gpu_cpu_mailbox_rtt,host_steady,2,395,6833
cpu_gpu_cpu_mailbox_rtt,host_steady,2,396,6833
cpu_gpu_cpu_mailbox_rtt,host_steady,2,397,6542
cpu_gpu_cpu_mailbox_rtt,host_steady,2,398,13125
cpu_gpu_cpu_mailbox_rtt,host_steady,2,399,10958
cpu_gpu_cpu_mailbox_rtt,host_steady,2,400,13375
cpu_gpu_cpu_mailbox_rtt,host_steady,2,401,7375
cpu_gpu_cpu_mailbox_rtt,host_steady,2,402,6792
cpu_gpu_cpu_mailbox_rtt,host_steady,2,403,6833
cpu_gpu_cpu_mailbox_rtt,host_steady,2,404,6625
cpu_gpu_cpu_mailbox_rtt,host_steady,2,405,13084
cpu_gpu_cpu_mailbox_rtt,host_steady,2,406,12709
cpu_gpu_cpu_mailbox_rtt,host_steady,2,407,6500
cpu_gpu_cpu_mailbox_rtt,host_steady,2,408,6792
cpu_gpu_cpu_mailbox_rtt,host_steady,2,409,6833
cpu_gpu_cpu_mailbox_rtt,host_steady,2,410,6875
cpu_gpu_cpu_mailbox_rtt,host_steady,2,411,6750
cpu_gpu_cpu_mailbox_rtt,host_steady,2,412,6833
cpu_gpu_cpu_mailbox_rtt,host_steady,2,413,6792
cpu_gpu_cpu_mailbox_rtt,host_steady,2,414,6917
cpu_gpu_cpu_mailbox_rtt,host_steady,2,415,12625
cpu_gpu_cpu_mailbox_rtt,host_steady,2,416,6500
cpu_gpu_cpu_mailbox_rtt,host_steady,2,417,6833
cpu_gpu_cpu_mailbox_rtt,host_steady,2,418,6834
cpu_gpu_cpu_mailbox_rtt,host_steady,2,419,6833
cpu_gpu_cpu_mailbox_rtt,host_steady,2,420,6833
cpu_gpu_cpu_mailbox_rtt,host_steady,2,421,6875
cpu_gpu_cpu_mailbox_rtt,host_steady,2,422,6750
cpu_gpu_cpu_mailbox_rtt,host_steady,2,423,6791
cpu_gpu_cpu_mailbox_rtt,host_steady,2,424,6834
cpu_gpu_cpu_mailbox_rtt,host_steady,2,425,6791
cpu_gpu_cpu_mailbox_rtt,host_steady,2,426,6833
cpu_gpu_cpu_mailbox_rtt,host_steady,2,427,6834
cpu_gpu_cpu_mailbox_rtt,host_steady,2,428,6833
cpu_gpu_cpu_mailbox_rtt,host_steady,2,429,12625
cpu_gpu_cpu_mailbox_rtt,host_steady,2,430,7291
cpu_gpu_cpu_mailbox_rtt,host_steady,2,431,6834
cpu_gpu_cpu_mailbox_rtt,host_steady,2,432,6833
cpu_gpu_cpu_mailbox_rtt,host_steady,2,433,6833
cpu_gpu_cpu_mailbox_rtt,host_steady,2,434,6875
cpu_gpu_cpu_mailbox_rtt,host_steady,2,435,6792
cpu_gpu_cpu_mailbox_rtt,host_steady,2,436,6833
cpu_gpu_cpu_mailbox_rtt,host_steady,2,437,6792
cpu_gpu_cpu_mailbox_rtt,host_steady,2,438,6833
cpu_gpu_cpu_mailbox_rtt,host_steady,2,439,6833
cpu_gpu_cpu_mailbox_rtt,host_steady,2,440,6834
cpu_gpu_cpu_mailbox_rtt,host_steady,2,441,6833
cpu_gpu_cpu_mailbox_rtt,host_steady,2,442,6791
cpu_gpu_cpu_mailbox_rtt,host_steady,2,443,6792
cpu_gpu_cpu_mailbox_rtt,host_steady,2,444,6833
cpu_gpu_cpu_mailbox_rtt,host_steady,2,445,6875
cpu_gpu_cpu_mailbox_rtt,host_steady,2,446,6750
cpu_gpu_cpu_mailbox_rtt,host_steady,2,447,6833
cpu_gpu_cpu_mailbox_rtt,host_steady,2,448,6833
cpu_gpu_cpu_mailbox_rtt,host_steady,2,449,6834
cpu_gpu_cpu_mailbox_rtt,host_steady,2,450,6833
cpu_gpu_cpu_mailbox_rtt,host_steady,2,451,6792
cpu_gpu_cpu_mailbox_rtt,host_steady,2,452,6834
cpu_gpu_cpu_mailbox_rtt,host_steady,2,453,6833
cpu_gpu_cpu_mailbox_rtt,host_steady,2,454,6875
cpu_gpu_cpu_mailbox_rtt,host_steady,2,455,6792
cpu_gpu_cpu_mailbox_rtt,host_steady,2,456,6833
cpu_gpu_cpu_mailbox_rtt,host_steady,2,457,6833
cpu_gpu_cpu_mailbox_rtt,host_steady,2,458,6834
cpu_gpu_cpu_mailbox_rtt,host_steady,2,459,6791
cpu_gpu_cpu_mailbox_rtt,host_steady,2,460,6833
cpu_gpu_cpu_mailbox_rtt,host_steady,2,461,6834
cpu_gpu_cpu_mailbox_rtt,host_steady,2,462,6833
cpu_gpu_cpu_mailbox_rtt,host_steady,2,463,6792
cpu_gpu_cpu_mailbox_rtt,host_steady,2,464,6833
cpu_gpu_cpu_mailbox_rtt,host_steady,2,465,6833
cpu_gpu_cpu_mailbox_rtt,host_steady,2,466,6792
cpu_gpu_cpu_mailbox_rtt,host_steady,2,467,6833
cpu_gpu_cpu_mailbox_rtt,host_steady,2,468,6833
cpu_gpu_cpu_mailbox_rtt,host_steady,2,469,6584
cpu_gpu_cpu_mailbox_rtt,host_steady,2,470,7291
cpu_gpu_cpu_mailbox_rtt,host_steady,2,471,6834
cpu_gpu_cpu_mailbox_rtt,host_steady,2,472,13042
cpu_gpu_cpu_mailbox_rtt,host_steady,2,473,7333
cpu_gpu_cpu_mailbox_rtt,host_steady,2,474,7292
cpu_gpu_cpu_mailbox_rtt,host_steady,2,475,6500
cpu_gpu_cpu_mailbox_rtt,host_steady,2,476,13166
cpu_gpu_cpu_mailbox_rtt,host_steady,2,477,13042
cpu_gpu_cpu_mailbox_rtt,host_steady,2,478,12583
cpu_gpu_cpu_mailbox_rtt,host_steady,2,479,13000
cpu_gpu_cpu_mailbox_rtt,host_steady,2,480,13042
cpu_gpu_cpu_mailbox_rtt,host_steady,2,481,12625
cpu_gpu_cpu_mailbox_rtt,host_steady,2,482,12500
cpu_gpu_cpu_mailbox_rtt,host_steady,2,483,13000
cpu_gpu_cpu_mailbox_rtt,host_steady,2,484,12583
cpu_gpu_cpu_mailbox_rtt,host_steady,2,485,12833
cpu_gpu_cpu_mailbox_rtt,host_steady,2,486,7042
cpu_gpu_cpu_mailbox_rtt,host_steady,2,487,12750
cpu_gpu_cpu_mailbox_rtt,host_steady,2,488,13083
cpu_gpu_cpu_mailbox_rtt,host_steady,2,489,13042
cpu_gpu_cpu_mailbox_rtt,host_steady,2,490,13041
cpu_gpu_cpu_mailbox_rtt,host_steady,2,491,12584
cpu_gpu_cpu_mailbox_rtt,host_steady,2,492,12666
cpu_gpu_cpu_mailbox_rtt,host_steady,2,493,12584
cpu_gpu_cpu_mailbox_rtt,host_steady,2,494,12416
cpu_gpu_cpu_mailbox_rtt,host_steady,2,495,13209
cpu_gpu_cpu_mailbox_rtt,host_steady,2,496,6625
cpu_gpu_cpu_mailbox_rtt,host_steady,2,497,13708
cpu_gpu_cpu_mailbox_rtt,host_steady,2,498,13042
cpu_gpu_cpu_mailbox_rtt,host_steady,2,499,12583
cpu_gpu_cpu_mailbox_rtt,host_steady,2,500,12625
cpu_gpu_cpu_mailbox_rtt,host_steady,2,501,13083
cpu_gpu_cpu_mailbox_rtt,host_steady,2,502,12583
cpu_gpu_cpu_mailbox_rtt,host_steady,2,503,12542
cpu_gpu_cpu_mailbox_rtt,host_steady,2,504,11958
cpu_gpu_cpu_mailbox_rtt,host_steady,2,505,12709
cpu_gpu_cpu_mailbox_rtt,host_steady,2,506,12625
cpu_gpu_cpu_mailbox_rtt,host_steady,2,507,13166
cpu_gpu_cpu_mailbox_rtt,host_steady,2,508,13042
cpu_gpu_cpu_mailbox_rtt,host_steady,2,509,12583
cpu_gpu_cpu_mailbox_rtt,host_steady,2,510,13042
cpu_gpu_cpu_mailbox_rtt,host_steady,2,511,12625
cpu_gpu_cpu_mailbox_rtt,host_steady,2,512,13041
cpu_gpu_cpu_mailbox_rtt,host_steady,2,513,12125
cpu_gpu_cpu_mailbox_rtt,host_steady,2,514,7291
cpu_gpu_cpu_mailbox_rtt,host_steady,2,515,6542
cpu_gpu_cpu_mailbox_rtt,host_steady,2,516,13208
cpu_gpu_cpu_mailbox_rtt,host_steady,2,517,12834
cpu_gpu_cpu_mailbox_rtt,host_steady,2,518,6542
cpu_gpu_cpu_mailbox_rtt,host_steady,2,519,12708
cpu_gpu_cpu_mailbox_rtt,host_steady,2,520,12667
cpu_gpu_cpu_mailbox_rtt,host_steady,2,521,12625
cpu_gpu_cpu_mailbox_rtt,host_steady,2,522,12000
cpu_gpu_cpu_mailbox_rtt,host_steady,2,523,12458
cpu_gpu_cpu_mailbox_rtt,host_steady,2,524,12625
cpu_gpu_cpu_mailbox_rtt,host_steady,2,525,12000
cpu_gpu_cpu_mailbox_rtt,host_steady,2,526,12625
cpu_gpu_cpu_mailbox_rtt,host_steady,2,527,12958
cpu_gpu_cpu_mailbox_rtt,host_steady,2,528,12625
cpu_gpu_cpu_mailbox_rtt,host_steady,2,529,13000
cpu_gpu_cpu_mailbox_rtt,host_steady,2,530,13000
cpu_gpu_cpu_mailbox_rtt,host_steady,2,531,12625
cpu_gpu_cpu_mailbox_rtt,host_steady,2,532,13041
cpu_gpu_cpu_mailbox_rtt,host_steady,2,533,12584
cpu_gpu_cpu_mailbox_rtt,host_steady,2,534,13042
cpu_gpu_cpu_mailbox_rtt,host_steady,2,535,13000
cpu_gpu_cpu_mailbox_rtt,host_steady,2,536,12625
cpu_gpu_cpu_mailbox_rtt,host_steady,2,537,12541
cpu_gpu_cpu_mailbox_rtt,host_steady,2,538,12834
cpu_gpu_cpu_mailbox_rtt,host_steady,2,539,6500
cpu_gpu_cpu_mailbox_rtt,host_steady,2,540,12750
cpu_gpu_cpu_mailbox_rtt,host_steady,2,541,12084
cpu_gpu_cpu_mailbox_rtt,host_steady,2,542,12583
cpu_gpu_cpu_mailbox_rtt,host_steady,2,543,12625
cpu_gpu_cpu_mailbox_rtt,host_steady,2,544,13042
cpu_gpu_cpu_mailbox_rtt,host_steady,2,545,13041
cpu_gpu_cpu_mailbox_rtt,host_steady,2,546,12584
cpu_gpu_cpu_mailbox_rtt,host_steady,2,547,13042
cpu_gpu_cpu_mailbox_rtt,host_steady,2,548,12583
cpu_gpu_cpu_mailbox_rtt,host_steady,2,549,12625
cpu_gpu_cpu_mailbox_rtt,host_steady,2,550,12625
cpu_gpu_cpu_mailbox_rtt,host_steady,2,551,13042
cpu_gpu_cpu_mailbox_rtt,host_steady,2,552,12084
cpu_gpu_cpu_mailbox_rtt,host_steady,2,553,11125
cpu_gpu_cpu_mailbox_rtt,host_steady,2,554,13000
cpu_gpu_cpu_mailbox_rtt,host_steady,2,555,12667
cpu_gpu_cpu_mailbox_rtt,host_steady,2,556,12625
cpu_gpu_cpu_mailbox_rtt,host_steady,2,557,12625
cpu_gpu_cpu_mailbox_rtt,host_steady,2,558,12625
cpu_gpu_cpu_mailbox_rtt,host_steady,2,559,12500
cpu_gpu_cpu_mailbox_rtt,host_steady,2,560,13042
cpu_gpu_cpu_mailbox_rtt,host_steady,2,561,12625
cpu_gpu_cpu_mailbox_rtt,host_steady,2,562,12833
cpu_gpu_cpu_mailbox_rtt,host_steady,2,563,12542
cpu_gpu_cpu_mailbox_rtt,host_steady,2,564,12583
cpu_gpu_cpu_mailbox_rtt,host_steady,2,565,12792
cpu_gpu_cpu_mailbox_rtt,host_steady,2,566,6625
cpu_gpu_cpu_mailbox_rtt,host_steady,2,567,12709
cpu_gpu_cpu_mailbox_rtt,host_steady,2,568,12583
cpu_gpu_cpu_mailbox_rtt,host_steady,2,569,12417
cpu_gpu_cpu_mailbox_rtt,host_steady,2,570,12792
cpu_gpu_cpu_mailbox_rtt,host_steady,2,571,12375
cpu_gpu_cpu_mailbox_rtt,host_steady,2,572,13125
cpu_gpu_cpu_mailbox_rtt,host_steady,2,573,17042
cpu_gpu_cpu_mailbox_rtt,host_steady,2,574,8250
cpu_gpu_cpu_mailbox_rtt,host_steady,2,575,12625
cpu_gpu_cpu_mailbox_rtt,host_steady,2,576,12625
cpu_gpu_cpu_mailbox_rtt,host_steady,2,577,12625
cpu_gpu_cpu_mailbox_rtt,host_steady,2,578,13083
cpu_gpu_cpu_mailbox_rtt,host_steady,2,579,12458
cpu_gpu_cpu_mailbox_rtt,host_steady,2,580,12709
cpu_gpu_cpu_mailbox_rtt,host_steady,2,581,12459
cpu_gpu_cpu_mailbox_rtt,host_steady,2,582,12625
cpu_gpu_cpu_mailbox_rtt,host_steady,2,583,12667
cpu_gpu_cpu_mailbox_rtt,host_steady,2,584,12292
cpu_gpu_cpu_mailbox_rtt,host_steady,2,585,11583
cpu_gpu_cpu_mailbox_rtt,host_steady,2,586,6541
cpu_gpu_cpu_mailbox_rtt,host_steady,2,587,6834
cpu_gpu_cpu_mailbox_rtt,host_steady,2,588,7333
cpu_gpu_cpu_mailbox_rtt,host_steady,2,589,6833
cpu_gpu_cpu_mailbox_rtt,host_steady,2,590,13042
cpu_gpu_cpu_mailbox_rtt,host_steady,2,591,7208
cpu_gpu_cpu_mailbox_rtt,host_steady,2,592,9709
cpu_gpu_cpu_mailbox_rtt,host_steady,2,593,9625
cpu_gpu_cpu_mailbox_rtt,host_steady,2,594,12208
cpu_gpu_cpu_mailbox_rtt,host_steady,2,595,12167
cpu_gpu_cpu_mailbox_rtt,host_steady,2,596,12208
cpu_gpu_cpu_mailbox_rtt,host_steady,2,597,12458
cpu_gpu_cpu_mailbox_rtt,host_steady,2,598,11708
cpu_gpu_cpu_mailbox_rtt,host_steady,2,599,7042
cpu_gpu_cpu_mailbox_rtt,host_steady,2,600,12250
cpu_gpu_cpu_mailbox_rtt,host_steady,2,601,12959
cpu_gpu_cpu_mailbox_rtt,host_steady,2,602,12334
cpu_gpu_cpu_mailbox_rtt,host_steady,2,603,12333
cpu_gpu_cpu_mailbox_rtt,host_steady,2,604,12750
cpu_gpu_cpu_mailbox_rtt,host_steady,2,605,12791
cpu_gpu_cpu_mailbox_rtt,host_steady,2,606,12500
cpu_gpu_cpu_mailbox_rtt,host_steady,2,607,12666
cpu_gpu_cpu_mailbox_rtt,host_steady,2,608,13083
cpu_gpu_cpu_mailbox_rtt,host_steady,2,609,12917
cpu_gpu_cpu_mailbox_rtt,host_steady,2,610,12833
cpu_gpu_cpu_mailbox_rtt,host_steady,2,611,12375
cpu_gpu_cpu_mailbox_rtt,host_steady,2,612,12542
cpu_gpu_cpu_mailbox_rtt,host_steady,2,613,12042
cpu_gpu_cpu_mailbox_rtt,host_steady,2,614,12625
cpu_gpu_cpu_mailbox_rtt,host_steady,2,615,12000
cpu_gpu_cpu_mailbox_rtt,host_steady,2,616,12792
cpu_gpu_cpu_mailbox_rtt,host_steady,2,617,12875
cpu_gpu_cpu_mailbox_rtt,host_steady,2,618,12667
cpu_gpu_cpu_mailbox_rtt,host_steady,2,619,12375
cpu_gpu_cpu_mailbox_rtt,host_steady,2,620,12292
cpu_gpu_cpu_mailbox_rtt,host_steady,2,621,12208
cpu_gpu_cpu_mailbox_rtt,host_steady,2,622,12750
cpu_gpu_cpu_mailbox_rtt,host_steady,2,623,11875
cpu_gpu_cpu_mailbox_rtt,host_steady,2,624,12625
cpu_gpu_cpu_mailbox_rtt,host_steady,2,625,12417
cpu_gpu_cpu_mailbox_rtt,host_steady,2,626,12291
cpu_gpu_cpu_mailbox_rtt,host_steady,2,627,12709
cpu_gpu_cpu_mailbox_rtt,host_steady,2,628,12167
cpu_gpu_cpu_mailbox_rtt,host_steady,2,629,16333
cpu_gpu_cpu_mailbox_rtt,host_steady,2,630,8458
cpu_gpu_cpu_mailbox_rtt,host_steady,2,631,11917
cpu_gpu_cpu_mailbox_rtt,host_steady,2,632,12167
cpu_gpu_cpu_mailbox_rtt,host_steady,2,633,12958
cpu_gpu_cpu_mailbox_rtt,host_steady,2,634,7458
cpu_gpu_cpu_mailbox_rtt,host_steady,2,635,14000
cpu_gpu_cpu_mailbox_rtt,host_steady,2,636,13792
cpu_gpu_cpu_mailbox_rtt,host_steady,2,637,14167
cpu_gpu_cpu_mailbox_rtt,host_steady,2,638,13875
cpu_gpu_cpu_mailbox_rtt,host_steady,2,639,13708
cpu_gpu_cpu_mailbox_rtt,host_steady,2,640,13958
cpu_gpu_cpu_mailbox_rtt,host_steady,2,641,14084
cpu_gpu_cpu_mailbox_rtt,host_steady,2,642,14041
cpu_gpu_cpu_mailbox_rtt,host_steady,2,643,13917
cpu_gpu_cpu_mailbox_rtt,host_steady,2,644,13625
cpu_gpu_cpu_mailbox_rtt,host_steady,2,645,13791
cpu_gpu_cpu_mailbox_rtt,host_steady,2,646,13500
cpu_gpu_cpu_mailbox_rtt,host_steady,2,647,13459
cpu_gpu_cpu_mailbox_rtt,host_steady,2,648,13958
cpu_gpu_cpu_mailbox_rtt,host_steady,2,649,14083
cpu_gpu_cpu_mailbox_rtt,host_steady,2,650,13583
cpu_gpu_cpu_mailbox_rtt,host_steady,2,651,13042
cpu_gpu_cpu_mailbox_rtt,host_steady,2,652,14083
cpu_gpu_cpu_mailbox_rtt,host_steady,2,653,14292
cpu_gpu_cpu_mailbox_rtt,host_steady,2,654,14166
cpu_gpu_cpu_mailbox_rtt,host_steady,2,655,14167
cpu_gpu_cpu_mailbox_rtt,host_steady,2,656,14375
cpu_gpu_cpu_mailbox_rtt,host_steady,2,657,14291
cpu_gpu_cpu_mailbox_rtt,host_steady,2,658,14167
cpu_gpu_cpu_mailbox_rtt,host_steady,2,659,14292
cpu_gpu_cpu_mailbox_rtt,host_steady,2,660,13959
cpu_gpu_cpu_mailbox_rtt,host_steady,2,661,12334
cpu_gpu_cpu_mailbox_rtt,host_steady,2,662,12709
cpu_gpu_cpu_mailbox_rtt,host_steady,2,663,12334
cpu_gpu_cpu_mailbox_rtt,host_steady,2,664,12500
cpu_gpu_cpu_mailbox_rtt,host_steady,2,665,12834
cpu_gpu_cpu_mailbox_rtt,host_steady,2,666,11958
cpu_gpu_cpu_mailbox_rtt,host_steady,2,667,12583
cpu_gpu_cpu_mailbox_rtt,host_steady,2,668,12833
cpu_gpu_cpu_mailbox_rtt,host_steady,2,669,12709
cpu_gpu_cpu_mailbox_rtt,host_steady,2,670,12459
cpu_gpu_cpu_mailbox_rtt,host_steady,2,671,12542
cpu_gpu_cpu_mailbox_rtt,host_steady,2,672,13000
cpu_gpu_cpu_mailbox_rtt,host_steady,2,673,12625
cpu_gpu_cpu_mailbox_rtt,host_steady,2,674,12084
cpu_gpu_cpu_mailbox_rtt,host_steady,2,675,11792
cpu_gpu_cpu_mailbox_rtt,host_steady,2,676,12625
cpu_gpu_cpu_mailbox_rtt,host_steady,2,677,13041
cpu_gpu_cpu_mailbox_rtt,host_steady,2,678,12500
cpu_gpu_cpu_mailbox_rtt,host_steady,2,679,12584
cpu_gpu_cpu_mailbox_rtt,host_steady,2,680,13042
cpu_gpu_cpu_mailbox_rtt,host_steady,2,681,13000
cpu_gpu_cpu_mailbox_rtt,host_steady,2,682,13041
cpu_gpu_cpu_mailbox_rtt,host_steady,2,683,13084
cpu_gpu_cpu_mailbox_rtt,host_steady,2,684,12416
cpu_gpu_cpu_mailbox_rtt,host_steady,2,685,12625
cpu_gpu_cpu_mailbox_rtt,host_steady,2,686,12917
cpu_gpu_cpu_mailbox_rtt,host_steady,2,687,12084
cpu_gpu_cpu_mailbox_rtt,host_steady,2,688,13083
cpu_gpu_cpu_mailbox_rtt,host_steady,2,689,12625
cpu_gpu_cpu_mailbox_rtt,host_steady,2,690,12958
cpu_gpu_cpu_mailbox_rtt,host_steady,2,691,13000
cpu_gpu_cpu_mailbox_rtt,host_steady,2,692,13042
cpu_gpu_cpu_mailbox_rtt,host_steady,2,693,13000
cpu_gpu_cpu_mailbox_rtt,host_steady,2,694,12125
cpu_gpu_cpu_mailbox_rtt,host_steady,2,695,13084
cpu_gpu_cpu_mailbox_rtt,host_steady,2,696,13041
cpu_gpu_cpu_mailbox_rtt,host_steady,2,697,12584
cpu_gpu_cpu_mailbox_rtt,host_steady,2,698,12167
cpu_gpu_cpu_mailbox_rtt,host_steady,2,699,13000
cpu_gpu_cpu_mailbox_rtt,host_steady,2,700,13000
cpu_gpu_cpu_mailbox_rtt,host_steady,2,701,13125
cpu_gpu_cpu_mailbox_rtt,host_steady,2,702,12500
cpu_gpu_cpu_mailbox_rtt,host_steady,2,703,12583
cpu_gpu_cpu_mailbox_rtt,host_steady,2,704,13000
cpu_gpu_cpu_mailbox_rtt,host_steady,2,705,12542
cpu_gpu_cpu_mailbox_rtt,host_steady,2,706,12584
cpu_gpu_cpu_mailbox_rtt,host_steady,2,707,13084
cpu_gpu_cpu_mailbox_rtt,host_steady,2,708,13000
cpu_gpu_cpu_mailbox_rtt,host_steady,2,709,13000
cpu_gpu_cpu_mailbox_rtt,host_steady,2,710,13042
cpu_gpu_cpu_mailbox_rtt,host_steady,2,711,6500
cpu_gpu_cpu_mailbox_rtt,host_steady,2,712,12708
cpu_gpu_cpu_mailbox_rtt,host_steady,2,713,13000
cpu_gpu_cpu_mailbox_rtt,host_steady,2,714,12084
cpu_gpu_cpu_mailbox_rtt,host_steady,2,715,13041
cpu_gpu_cpu_mailbox_rtt,host_steady,2,716,13042
cpu_gpu_cpu_mailbox_rtt,host_steady,2,717,12833
cpu_gpu_cpu_mailbox_rtt,host_steady,2,718,6834
cpu_gpu_cpu_mailbox_rtt,host_steady,2,719,6541
cpu_gpu_cpu_mailbox_rtt,host_steady,2,720,12834
cpu_gpu_cpu_mailbox_rtt,host_steady,2,721,13125
cpu_gpu_cpu_mailbox_rtt,host_steady,2,722,12334
cpu_gpu_cpu_mailbox_rtt,host_steady,2,723,12875
cpu_gpu_cpu_mailbox_rtt,host_steady,2,724,6584
cpu_gpu_cpu_mailbox_rtt,host_steady,2,725,13208
cpu_gpu_cpu_mailbox_rtt,host_steady,2,726,13000
cpu_gpu_cpu_mailbox_rtt,host_steady,2,727,12709
cpu_gpu_cpu_mailbox_rtt,host_steady,2,728,12750
cpu_gpu_cpu_mailbox_rtt,host_steady,2,729,12583
cpu_gpu_cpu_mailbox_rtt,host_steady,2,730,13000
cpu_gpu_cpu_mailbox_rtt,host_steady,2,731,12125
cpu_gpu_cpu_mailbox_rtt,host_steady,2,732,13041
cpu_gpu_cpu_mailbox_rtt,host_steady,2,733,12792
cpu_gpu_cpu_mailbox_rtt,host_steady,2,734,6500
cpu_gpu_cpu_mailbox_rtt,host_steady,2,735,12625
cpu_gpu_cpu_mailbox_rtt,host_steady,2,736,13125
cpu_gpu_cpu_mailbox_rtt,host_steady,2,737,12416
cpu_gpu_cpu_mailbox_rtt,host_steady,2,738,12000
cpu_gpu_cpu_mailbox_rtt,host_steady,2,739,12542
cpu_gpu_cpu_mailbox_rtt,host_steady,2,740,13209
cpu_gpu_cpu_mailbox_rtt,host_steady,2,741,6458
cpu_gpu_cpu_mailbox_rtt,host_steady,2,742,6500
cpu_gpu_cpu_mailbox_rtt,host_steady,2,743,12958
cpu_gpu_cpu_mailbox_rtt,host_steady,2,744,13292
cpu_gpu_cpu_mailbox_rtt,host_steady,2,745,6250
cpu_gpu_cpu_mailbox_rtt,host_steady,2,746,13250
cpu_gpu_cpu_mailbox_rtt,host_steady,2,747,12625
cpu_gpu_cpu_mailbox_rtt,host_steady,2,748,12792
cpu_gpu_cpu_mailbox_rtt,host_steady,2,749,6500
cpu_gpu_cpu_mailbox_rtt,host_steady,2,750,12667
cpu_gpu_cpu_mailbox_rtt,host_steady,2,751,12583
cpu_gpu_cpu_mailbox_rtt,host_steady,2,752,13000
cpu_gpu_cpu_mailbox_rtt,host_steady,2,753,12542
cpu_gpu_cpu_mailbox_rtt,host_steady,2,754,12708
cpu_gpu_cpu_mailbox_rtt,host_steady,2,755,12792
cpu_gpu_cpu_mailbox_rtt,host_steady,2,756,12625
cpu_gpu_cpu_mailbox_rtt,host_steady,2,757,12584
cpu_gpu_cpu_mailbox_rtt,host_steady,2,758,13000
cpu_gpu_cpu_mailbox_rtt,host_steady,2,759,12625
cpu_gpu_cpu_mailbox_rtt,host_steady,2,760,13084
cpu_gpu_cpu_mailbox_rtt,host_steady,2,761,13000
cpu_gpu_cpu_mailbox_rtt,host_steady,2,762,13334
cpu_gpu_cpu_mailbox_rtt,host_steady,2,763,6541
cpu_gpu_cpu_mailbox_rtt,host_steady,2,764,6792
cpu_gpu_cpu_mailbox_rtt,host_steady,2,765,6833
cpu_gpu_cpu_mailbox_rtt,host_steady,2,766,6834
cpu_gpu_cpu_mailbox_rtt,host_steady,2,767,6916
cpu_gpu_cpu_mailbox_rtt,host_steady,2,768,6750
cpu_gpu_cpu_mailbox_rtt,host_steady,2,769,13000
cpu_gpu_cpu_mailbox_rtt,host_steady,2,770,6833
cpu_gpu_cpu_mailbox_rtt,host_steady,2,771,6834
cpu_gpu_cpu_mailbox_rtt,host_steady,2,772,6583
cpu_gpu_cpu_mailbox_rtt,host_steady,2,773,12667
cpu_gpu_cpu_mailbox_rtt,host_steady,2,774,13208
cpu_gpu_cpu_mailbox_rtt,host_steady,2,775,7292
cpu_gpu_cpu_mailbox_rtt,host_steady,2,776,6791
cpu_gpu_cpu_mailbox_rtt,host_steady,2,777,6792
cpu_gpu_cpu_mailbox_rtt,host_steady,2,778,6834
cpu_gpu_cpu_mailbox_rtt,host_steady,2,779,6834
cpu_gpu_cpu_mailbox_rtt,host_steady,2,780,6833
cpu_gpu_cpu_mailbox_rtt,host_steady,2,781,6917
cpu_gpu_cpu_mailbox_rtt,host_steady,2,782,6750
cpu_gpu_cpu_mailbox_rtt,host_steady,2,783,6833
cpu_gpu_cpu_mailbox_rtt,host_steady,2,784,6833
cpu_gpu_cpu_mailbox_rtt,host_steady,2,785,6834
cpu_gpu_cpu_mailbox_rtt,host_steady,2,786,6833
cpu_gpu_cpu_mailbox_rtt,host_steady,2,787,6875
cpu_gpu_cpu_mailbox_rtt,host_steady,2,788,6833
cpu_gpu_cpu_mailbox_rtt,host_steady,2,789,7292
cpu_gpu_cpu_mailbox_rtt,host_steady,2,790,6791
cpu_gpu_cpu_mailbox_rtt,host_steady,2,791,6833
cpu_gpu_cpu_mailbox_rtt,host_steady,2,792,6834
cpu_gpu_cpu_mailbox_rtt,host_steady,2,793,6791
cpu_gpu_cpu_mailbox_rtt,host_steady,2,794,6833
cpu_gpu_cpu_mailbox_rtt,host_steady,2,795,6834
cpu_gpu_cpu_mailbox_rtt,host_steady,2,796,6833
cpu_gpu_cpu_mailbox_rtt,host_steady,2,797,6833
cpu_gpu_cpu_mailbox_rtt,host_steady,2,798,6834
cpu_gpu_cpu_mailbox_rtt,host_steady,2,799,6833
cpu_gpu_cpu_mailbox_rtt,host_steady,2,800,6833
cpu_gpu_cpu_mailbox_rtt,host_steady,2,801,6834
cpu_gpu_cpu_mailbox_rtt,host_steady,2,802,6833
cpu_gpu_cpu_mailbox_rtt,host_steady,2,803,6792
cpu_gpu_cpu_mailbox_rtt,host_steady,2,804,6791
cpu_gpu_cpu_mailbox_rtt,host_steady,2,805,6834
cpu_gpu_cpu_mailbox_rtt,host_steady,2,806,6791
cpu_gpu_cpu_mailbox_rtt,host_steady,2,807,6834
cpu_gpu_cpu_mailbox_rtt,host_steady,2,808,6791
cpu_gpu_cpu_mailbox_rtt,host_steady,2,809,6833
cpu_gpu_cpu_mailbox_rtt,host_steady,2,810,6834
cpu_gpu_cpu_mailbox_rtt,host_steady,2,811,6791
cpu_gpu_cpu_mailbox_rtt,host_steady,2,812,6792
cpu_gpu_cpu_mailbox_rtt,host_steady,2,813,6834
cpu_gpu_cpu_mailbox_rtt,host_steady,2,814,6833
cpu_gpu_cpu_mailbox_rtt,host_steady,2,815,6833
cpu_gpu_cpu_mailbox_rtt,host_steady,2,816,7334
cpu_gpu_cpu_mailbox_rtt,host_steady,2,817,6833
cpu_gpu_cpu_mailbox_rtt,host_steady,2,818,6833
cpu_gpu_cpu_mailbox_rtt,host_steady,2,819,6834
cpu_gpu_cpu_mailbox_rtt,host_steady,2,820,6791
cpu_gpu_cpu_mailbox_rtt,host_steady,2,821,6833
cpu_gpu_cpu_mailbox_rtt,host_steady,2,822,6542
cpu_gpu_cpu_mailbox_rtt,host_steady,2,823,13041
cpu_gpu_cpu_mailbox_rtt,host_steady,2,824,11083
cpu_gpu_cpu_mailbox_rtt,host_steady,2,825,13292
cpu_gpu_cpu_mailbox_rtt,host_steady,2,826,6541
cpu_gpu_cpu_mailbox_rtt,host_steady,2,827,6792
cpu_gpu_cpu_mailbox_rtt,host_steady,2,828,6875
cpu_gpu_cpu_mailbox_rtt,host_steady,2,829,6792
cpu_gpu_cpu_mailbox_rtt,host_steady,2,830,6792
cpu_gpu_cpu_mailbox_rtt,host_steady,2,831,6833
cpu_gpu_cpu_mailbox_rtt,host_steady,2,832,6792
cpu_gpu_cpu_mailbox_rtt,host_steady,2,833,6833
cpu_gpu_cpu_mailbox_rtt,host_steady,2,834,13083
cpu_gpu_cpu_mailbox_rtt,host_steady,2,835,6542
cpu_gpu_cpu_mailbox_rtt,host_steady,2,836,6833
cpu_gpu_cpu_mailbox_rtt,host_steady,2,837,6833
cpu_gpu_cpu_mailbox_rtt,host_steady,2,838,6834
cpu_gpu_cpu_mailbox_rtt,host_steady,2,839,6833
cpu_gpu_cpu_mailbox_rtt,host_steady,2,840,6833
cpu_gpu_cpu_mailbox_rtt,host_steady,2,841,6792
cpu_gpu_cpu_mailbox_rtt,host_steady,2,842,6833
cpu_gpu_cpu_mailbox_rtt,host_steady,2,843,6833
cpu_gpu_cpu_mailbox_rtt,host_steady,2,844,6834
cpu_gpu_cpu_mailbox_rtt,host_steady,2,845,6833
cpu_gpu_cpu_mailbox_rtt,host_steady,2,846,6833
cpu_gpu_cpu_mailbox_rtt,host_steady,2,847,6834
cpu_gpu_cpu_mailbox_rtt,host_steady,2,848,6833
cpu_gpu_cpu_mailbox_rtt,host_steady,2,849,6792
cpu_gpu_cpu_mailbox_rtt,host_steady,2,850,6834
cpu_gpu_cpu_mailbox_rtt,host_steady,2,851,7333
cpu_gpu_cpu_mailbox_rtt,host_steady,2,852,12584
cpu_gpu_cpu_mailbox_rtt,host_steady,2,853,7250
cpu_gpu_cpu_mailbox_rtt,host_steady,2,854,6875
cpu_gpu_cpu_mailbox_rtt,host_steady,2,855,6833
cpu_gpu_cpu_mailbox_rtt,host_steady,2,856,6833
cpu_gpu_cpu_mailbox_rtt,host_steady,2,857,6875
cpu_gpu_cpu_mailbox_rtt,host_steady,2,858,6834
cpu_gpu_cpu_mailbox_rtt,host_steady,2,859,6833
cpu_gpu_cpu_mailbox_rtt,host_steady,2,860,12625
cpu_gpu_cpu_mailbox_rtt,host_steady,2,861,6542
cpu_gpu_cpu_mailbox_rtt,host_steady,2,862,6833
cpu_gpu_cpu_mailbox_rtt,host_steady,2,863,6875
cpu_gpu_cpu_mailbox_rtt,host_steady,2,864,6792
cpu_gpu_cpu_mailbox_rtt,host_steady,2,865,6833
cpu_gpu_cpu_mailbox_rtt,host_steady,2,866,6833
cpu_gpu_cpu_mailbox_rtt,host_steady,2,867,6792
cpu_gpu_cpu_mailbox_rtt,host_steady,2,868,6833
cpu_gpu_cpu_mailbox_rtt,host_steady,2,869,6792
cpu_gpu_cpu_mailbox_rtt,host_steady,2,870,6833
cpu_gpu_cpu_mailbox_rtt,host_steady,2,871,6833
cpu_gpu_cpu_mailbox_rtt,host_steady,2,872,6834
cpu_gpu_cpu_mailbox_rtt,host_steady,2,873,6833
cpu_gpu_cpu_mailbox_rtt,host_steady,2,874,6875
cpu_gpu_cpu_mailbox_rtt,host_steady,2,875,6875
cpu_gpu_cpu_mailbox_rtt,host_steady,2,876,6750
cpu_gpu_cpu_mailbox_rtt,host_steady,2,877,6833
cpu_gpu_cpu_mailbox_rtt,host_steady,2,878,6833
cpu_gpu_cpu_mailbox_rtt,host_steady,2,879,6834
cpu_gpu_cpu_mailbox_rtt,host_steady,2,880,6833
cpu_gpu_cpu_mailbox_rtt,host_steady,2,881,6833
cpu_gpu_cpu_mailbox_rtt,host_steady,2,882,7292
cpu_gpu_cpu_mailbox_rtt,host_steady,2,883,6833
cpu_gpu_cpu_mailbox_rtt,host_steady,2,884,6834
cpu_gpu_cpu_mailbox_rtt,host_steady,2,885,6833
cpu_gpu_cpu_mailbox_rtt,host_steady,2,886,6833
cpu_gpu_cpu_mailbox_rtt,host_steady,2,887,6875
cpu_gpu_cpu_mailbox_rtt,host_steady,2,888,6792
cpu_gpu_cpu_mailbox_rtt,host_steady,2,889,6833
cpu_gpu_cpu_mailbox_rtt,host_steady,2,890,6833
cpu_gpu_cpu_mailbox_rtt,host_steady,2,891,6792
cpu_gpu_cpu_mailbox_rtt,host_steady,2,892,6833
cpu_gpu_cpu_mailbox_rtt,host_steady,2,893,6834
cpu_gpu_cpu_mailbox_rtt,host_steady,2,894,6833
cpu_gpu_cpu_mailbox_rtt,host_steady,2,895,6875
cpu_gpu_cpu_mailbox_rtt,host_steady,2,896,6792
cpu_gpu_cpu_mailbox_rtt,host_steady,2,897,6834
cpu_gpu_cpu_mailbox_rtt,host_steady,2,898,6791
cpu_gpu_cpu_mailbox_rtt,host_steady,2,899,6833
cpu_gpu_cpu_mailbox_rtt,host_steady,2,900,6834
cpu_gpu_cpu_mailbox_rtt,host_steady,2,901,6791
cpu_gpu_cpu_mailbox_rtt,host_steady,2,902,6833
cpu_gpu_cpu_mailbox_rtt,host_steady,2,903,6834
cpu_gpu_cpu_mailbox_rtt,host_steady,2,904,6833
cpu_gpu_cpu_mailbox_rtt,host_steady,2,905,6875
cpu_gpu_cpu_mailbox_rtt,host_steady,2,906,6792
cpu_gpu_cpu_mailbox_rtt,host_steady,2,907,6833
cpu_gpu_cpu_mailbox_rtt,host_steady,2,908,6833
cpu_gpu_cpu_mailbox_rtt,host_steady,2,909,6834
cpu_gpu_cpu_mailbox_rtt,host_steady,2,910,6833
cpu_gpu_cpu_mailbox_rtt,host_steady,2,911,6833
cpu_gpu_cpu_mailbox_rtt,host_steady,2,912,6750
cpu_gpu_cpu_mailbox_rtt,host_steady,2,913,6791
cpu_gpu_cpu_mailbox_rtt,host_steady,2,914,6834
cpu_gpu_cpu_mailbox_rtt,host_steady,2,915,6833
cpu_gpu_cpu_mailbox_rtt,host_steady,2,916,6833
cpu_gpu_cpu_mailbox_rtt,host_steady,2,917,6875
cpu_gpu_cpu_mailbox_rtt,host_steady,2,918,6834
cpu_gpu_cpu_mailbox_rtt,host_steady,2,919,6833
cpu_gpu_cpu_mailbox_rtt,host_steady,2,920,7333
cpu_gpu_cpu_mailbox_rtt,host_steady,2,921,6834
cpu_gpu_cpu_mailbox_rtt,host_steady,2,922,6791
cpu_gpu_cpu_mailbox_rtt,host_steady,2,923,6834
cpu_gpu_cpu_mailbox_rtt,host_steady,2,924,6791
cpu_gpu_cpu_mailbox_rtt,host_steady,2,925,6833
cpu_gpu_cpu_mailbox_rtt,host_steady,2,926,6875
cpu_gpu_cpu_mailbox_rtt,host_steady,2,927,6834
cpu_gpu_cpu_mailbox_rtt,host_steady,2,928,6833
cpu_gpu_cpu_mailbox_rtt,host_steady,2,929,6833
cpu_gpu_cpu_mailbox_rtt,host_steady,2,930,6834
cpu_gpu_cpu_mailbox_rtt,host_steady,2,931,6791
cpu_gpu_cpu_mailbox_rtt,host_steady,2,932,6792
cpu_gpu_cpu_mailbox_rtt,host_steady,2,933,6792
cpu_gpu_cpu_mailbox_rtt,host_steady,2,934,6791
cpu_gpu_cpu_mailbox_rtt,host_steady,2,935,6833
cpu_gpu_cpu_mailbox_rtt,host_steady,2,936,6792
cpu_gpu_cpu_mailbox_rtt,host_steady,2,937,6833
cpu_gpu_cpu_mailbox_rtt,host_steady,2,938,6834
cpu_gpu_cpu_mailbox_rtt,host_steady,2,939,6833
cpu_gpu_cpu_mailbox_rtt,host_steady,2,940,6791
cpu_gpu_cpu_mailbox_rtt,host_steady,2,941,6834
cpu_gpu_cpu_mailbox_rtt,host_steady,2,942,6833
cpu_gpu_cpu_mailbox_rtt,host_steady,2,943,7208
cpu_gpu_cpu_mailbox_rtt,host_steady,2,944,7333
cpu_gpu_cpu_mailbox_rtt,host_steady,2,945,6834
cpu_gpu_cpu_mailbox_rtt,host_steady,2,946,6583
cpu_gpu_cpu_mailbox_rtt,host_steady,2,947,13875
cpu_gpu_cpu_mailbox_rtt,host_steady,2,948,7291
cpu_gpu_cpu_mailbox_rtt,host_steady,2,949,6834
cpu_gpu_cpu_mailbox_rtt,host_steady,2,950,6833
cpu_gpu_cpu_mailbox_rtt,host_steady,2,951,6792
cpu_gpu_cpu_mailbox_rtt,host_steady,2,952,6541
cpu_gpu_cpu_mailbox_rtt,host_steady,2,953,7042
cpu_gpu_cpu_mailbox_rtt,host_steady,2,954,12666
cpu_gpu_cpu_mailbox_rtt,host_steady,2,955,12125
cpu_gpu_cpu_mailbox_rtt,host_steady,2,956,11583
cpu_gpu_cpu_mailbox_rtt,host_steady,2,957,6375
cpu_gpu_cpu_mailbox_rtt,host_steady,2,958,13459
cpu_gpu_cpu_mailbox_rtt,host_steady,2,959,6541
cpu_gpu_cpu_mailbox_rtt,host_steady,2,960,7084
cpu_gpu_cpu_mailbox_rtt,host_steady,2,961,13042
cpu_gpu_cpu_mailbox_rtt,host_steady,2,962,12791
cpu_gpu_cpu_mailbox_rtt,host_steady,2,963,12500
cpu_gpu_cpu_mailbox_rtt,host_steady,2,964,12541
cpu_gpu_cpu_mailbox_rtt,host_steady,2,965,12584
cpu_gpu_cpu_mailbox_rtt,host_steady,2,966,12334
cpu_gpu_cpu_mailbox_rtt,host_steady,2,967,14084
cpu_gpu_cpu_mailbox_rtt,host_steady,2,968,13666
cpu_gpu_cpu_mailbox_rtt,host_steady,2,969,7292
cpu_gpu_cpu_mailbox_rtt,host_steady,2,970,6792
cpu_gpu_cpu_mailbox_rtt,host_steady,2,971,6833
cpu_gpu_cpu_mailbox_rtt,host_steady,2,972,6792
cpu_gpu_cpu_mailbox_rtt,host_steady,2,973,6833
cpu_gpu_cpu_mailbox_rtt,host_steady,2,974,6833
cpu_gpu_cpu_mailbox_rtt,host_steady,2,975,6792
cpu_gpu_cpu_mailbox_rtt,host_steady,2,976,6833
cpu_gpu_cpu_mailbox_rtt,host_steady,2,977,6792
cpu_gpu_cpu_mailbox_rtt,host_steady,2,978,6792
cpu_gpu_cpu_mailbox_rtt,host_steady,2,979,6791
cpu_gpu_cpu_mailbox_rtt,host_steady,2,980,6875
cpu_gpu_cpu_mailbox_rtt,host_steady,2,981,6750
cpu_gpu_cpu_mailbox_rtt,host_steady,2,982,6792
cpu_gpu_cpu_mailbox_rtt,host_steady,2,983,6791
cpu_gpu_cpu_mailbox_rtt,host_steady,2,984,6792
cpu_gpu_cpu_mailbox_rtt,host_steady,2,985,7250
cpu_gpu_cpu_mailbox_rtt,host_steady,2,986,6792
cpu_gpu_cpu_mailbox_rtt,host_steady,2,987,6792
cpu_gpu_cpu_mailbox_rtt,host_steady,2,988,6792
cpu_gpu_cpu_mailbox_rtt,host_steady,2,989,6875
cpu_gpu_cpu_mailbox_rtt,host_steady,2,990,6791
cpu_gpu_cpu_mailbox_rtt,host_steady,2,991,6834
cpu_gpu_cpu_mailbox_rtt,host_steady,2,992,13500
cpu_gpu_cpu_mailbox_rtt,host_steady,2,993,6459
cpu_gpu_cpu_mailbox_rtt,host_steady,2,994,6791
cpu_gpu_cpu_mailbox_rtt,host_steady,2,995,6792
cpu_gpu_cpu_mailbox_rtt,host_steady,2,996,6792
cpu_gpu_cpu_mailbox_rtt,host_steady,2,997,6833
cpu_gpu_cpu_mailbox_rtt,host_steady,2,998,6833
cpu_gpu_cpu_mailbox_rtt,host_steady,2,999,6792
cpu_gpu_cpu_mailbox_rtt,host_steady,2,1000,7333
cpu_gpu_cpu_mailbox_rtt,host_steady,2,1001,6834
cpu_gpu_cpu_mailbox_rtt,host_steady,2,1002,6791
cpu_gpu_cpu_mailbox_rtt,host_steady,2,1003,6834
cpu_gpu_cpu_mailbox_rtt,host_steady,2,1004,6791
cpu_gpu_cpu_mailbox_rtt,host_steady,2,1005,6792
cpu_gpu_cpu_mailbox_rtt,host_steady,2,1006,6750
cpu_gpu_cpu_mailbox_rtt,host_steady,2,1007,6792
cpu_gpu_cpu_mailbox_rtt,host_steady,2,1008,6791
cpu_gpu_cpu_mailbox_rtt,host_steady,2,1009,6792
cpu_gpu_cpu_mailbox_rtt,host_steady,2,1010,6833
cpu_gpu_cpu_mailbox_rtt,host_steady,2,1011,6792
cpu_gpu_cpu_mailbox_rtt,host_steady,2,1012,6917
cpu_gpu_cpu_mailbox_rtt,host_steady,2,1013,13083
cpu_gpu_cpu_mailbox_rtt,host_steady,2,1014,6417
cpu_gpu_cpu_mailbox_rtt,host_steady,2,1015,6791
cpu_gpu_cpu_mailbox_rtt,host_steady,2,1016,6792
cpu_gpu_cpu_mailbox_rtt,host_steady,2,1017,6750
cpu_gpu_cpu_mailbox_rtt,host_steady,2,1018,6833
cpu_gpu_cpu_mailbox_rtt,host_steady,2,1019,6792
cpu_gpu_cpu_mailbox_rtt,host_steady,2,1020,6833
cpu_gpu_cpu_mailbox_rtt,host_steady,2,1021,6792
cpu_gpu_cpu_mailbox_rtt,host_steady,2,1022,6833
cpu_gpu_cpu_mailbox_rtt,host_steady,2,1023,6542
cpu_gpu_cpu_mailbox_rtt,host_steady,3,0,6833
cpu_gpu_cpu_mailbox_rtt,host_steady,3,1,13959
cpu_gpu_cpu_mailbox_rtt,host_steady,3,2,7292
cpu_gpu_cpu_mailbox_rtt,host_steady,3,3,12917
cpu_gpu_cpu_mailbox_rtt,host_steady,3,4,7333
cpu_gpu_cpu_mailbox_rtt,host_steady,3,5,12500
cpu_gpu_cpu_mailbox_rtt,host_steady,3,6,13000
cpu_gpu_cpu_mailbox_rtt,host_steady,3,7,7292
cpu_gpu_cpu_mailbox_rtt,host_steady,3,8,6792
cpu_gpu_cpu_mailbox_rtt,host_steady,3,9,6791
cpu_gpu_cpu_mailbox_rtt,host_steady,3,10,6791
cpu_gpu_cpu_mailbox_rtt,host_steady,3,11,6792
cpu_gpu_cpu_mailbox_rtt,host_steady,3,12,6791
cpu_gpu_cpu_mailbox_rtt,host_steady,3,13,6834
cpu_gpu_cpu_mailbox_rtt,host_steady,3,14,6833
cpu_gpu_cpu_mailbox_rtt,host_steady,3,15,6833
cpu_gpu_cpu_mailbox_rtt,host_steady,3,16,6792
cpu_gpu_cpu_mailbox_rtt,host_steady,3,17,6791
cpu_gpu_cpu_mailbox_rtt,host_steady,3,18,6792
cpu_gpu_cpu_mailbox_rtt,host_steady,3,19,6791
cpu_gpu_cpu_mailbox_rtt,host_steady,3,20,6792
cpu_gpu_cpu_mailbox_rtt,host_steady,3,21,6875
cpu_gpu_cpu_mailbox_rtt,host_steady,3,22,6791
cpu_gpu_cpu_mailbox_rtt,host_steady,3,23,6792
cpu_gpu_cpu_mailbox_rtt,host_steady,3,24,6833
cpu_gpu_cpu_mailbox_rtt,host_steady,3,25,6792
cpu_gpu_cpu_mailbox_rtt,host_steady,3,26,6833
cpu_gpu_cpu_mailbox_rtt,host_steady,3,27,6834
cpu_gpu_cpu_mailbox_rtt,host_steady,3,28,6791
cpu_gpu_cpu_mailbox_rtt,host_steady,3,29,6834
cpu_gpu_cpu_mailbox_rtt,host_steady,3,30,7333
cpu_gpu_cpu_mailbox_rtt,host_steady,3,31,6792
cpu_gpu_cpu_mailbox_rtt,host_steady,3,32,6833
cpu_gpu_cpu_mailbox_rtt,host_steady,3,33,6750
cpu_gpu_cpu_mailbox_rtt,host_steady,3,34,6833
cpu_gpu_cpu_mailbox_rtt,host_steady,3,35,6792
cpu_gpu_cpu_mailbox_rtt,host_steady,3,36,6833
cpu_gpu_cpu_mailbox_rtt,host_steady,3,37,6791
cpu_gpu_cpu_mailbox_rtt,host_steady,3,38,6792
cpu_gpu_cpu_mailbox_rtt,host_steady,3,39,6875
cpu_gpu_cpu_mailbox_rtt,host_steady,3,40,6750
cpu_gpu_cpu_mailbox_rtt,host_steady,3,41,6792
cpu_gpu_cpu_mailbox_rtt,host_steady,3,42,6834
cpu_gpu_cpu_mailbox_rtt,host_steady,3,43,6791
cpu_gpu_cpu_mailbox_rtt,host_steady,3,44,6834
cpu_gpu_cpu_mailbox_rtt,host_steady,3,45,6833
cpu_gpu_cpu_mailbox_rtt,host_steady,3,46,6792
cpu_gpu_cpu_mailbox_rtt,host_steady,3,47,6833
cpu_gpu_cpu_mailbox_rtt,host_steady,3,48,6791
cpu_gpu_cpu_mailbox_rtt,host_steady,3,49,6792
cpu_gpu_cpu_mailbox_rtt,host_steady,3,50,6791
cpu_gpu_cpu_mailbox_rtt,host_steady,3,51,6792
cpu_gpu_cpu_mailbox_rtt,host_steady,3,52,6958
cpu_gpu_cpu_mailbox_rtt,host_steady,3,53,13250
cpu_gpu_cpu_mailbox_rtt,host_steady,3,54,12542
cpu_gpu_cpu_mailbox_rtt,host_steady,3,55,11250
cpu_gpu_cpu_mailbox_rtt,host_steady,3,56,13333
cpu_gpu_cpu_mailbox_rtt,host_steady,3,57,6833
cpu_gpu_cpu_mailbox_rtt,host_steady,3,58,6833
cpu_gpu_cpu_mailbox_rtt,host_steady,3,59,6584
cpu_gpu_cpu_mailbox_rtt,host_steady,3,60,12666
cpu_gpu_cpu_mailbox_rtt,host_steady,3,61,13042
cpu_gpu_cpu_mailbox_rtt,host_steady,3,62,13000
cpu_gpu_cpu_mailbox_rtt,host_steady,3,63,12625
cpu_gpu_cpu_mailbox_rtt,host_steady,3,64,12625
cpu_gpu_cpu_mailbox_rtt,host_steady,3,65,12500
cpu_gpu_cpu_mailbox_rtt,host_steady,3,66,12584
cpu_gpu_cpu_mailbox_rtt,host_steady,3,67,13000
cpu_gpu_cpu_mailbox_rtt,host_steady,3,68,12625
cpu_gpu_cpu_mailbox_rtt,host_steady,3,69,13000
cpu_gpu_cpu_mailbox_rtt,host_steady,3,70,12625
cpu_gpu_cpu_mailbox_rtt,host_steady,3,71,12584
cpu_gpu_cpu_mailbox_rtt,host_steady,3,72,12583
cpu_gpu_cpu_mailbox_rtt,host_steady,3,73,12667
cpu_gpu_cpu_mailbox_rtt,host_steady,3,74,12583
cpu_gpu_cpu_mailbox_rtt,host_steady,3,75,12708
cpu_gpu_cpu_mailbox_rtt,host_steady,3,76,12750
cpu_gpu_cpu_mailbox_rtt,host_steady,3,77,6625
cpu_gpu_cpu_mailbox_rtt,host_steady,3,78,12709
cpu_gpu_cpu_mailbox_rtt,host_steady,3,79,12666
cpu_gpu_cpu_mailbox_rtt,host_steady,3,80,12875
cpu_gpu_cpu_mailbox_rtt,host_steady,3,81,6292
cpu_gpu_cpu_mailbox_rtt,host_steady,3,82,12917
cpu_gpu_cpu_mailbox_rtt,host_steady,3,83,6625
cpu_gpu_cpu_mailbox_rtt,host_steady,3,84,12708
cpu_gpu_cpu_mailbox_rtt,host_steady,3,85,12625
cpu_gpu_cpu_mailbox_rtt,host_steady,3,86,13000
cpu_gpu_cpu_mailbox_rtt,host_steady,3,87,12833
cpu_gpu_cpu_mailbox_rtt,host_steady,3,88,6625
cpu_gpu_cpu_mailbox_rtt,host_steady,3,89,12750
cpu_gpu_cpu_mailbox_rtt,host_steady,3,90,12792
cpu_gpu_cpu_mailbox_rtt,host_steady,3,91,6666
cpu_gpu_cpu_mailbox_rtt,host_steady,3,92,12167
cpu_gpu_cpu_mailbox_rtt,host_steady,3,93,13042
cpu_gpu_cpu_mailbox_rtt,host_steady,3,94,12666
cpu_gpu_cpu_mailbox_rtt,host_steady,3,95,12625
cpu_gpu_cpu_mailbox_rtt,host_steady,3,96,13000
cpu_gpu_cpu_mailbox_rtt,host_steady,3,97,13084
cpu_gpu_cpu_mailbox_rtt,host_steady,3,98,12625
cpu_gpu_cpu_mailbox_rtt,host_steady,3,99,12625
cpu_gpu_cpu_mailbox_rtt,host_steady,3,100,12625
cpu_gpu_cpu_mailbox_rtt,host_steady,3,101,13291
cpu_gpu_cpu_mailbox_rtt,host_steady,3,102,6458
cpu_gpu_cpu_mailbox_rtt,host_steady,3,103,6792
cpu_gpu_cpu_mailbox_rtt,host_steady,3,104,6792
cpu_gpu_cpu_mailbox_rtt,host_steady,3,105,6791
cpu_gpu_cpu_mailbox_rtt,host_steady,3,106,6792
cpu_gpu_cpu_mailbox_rtt,host_steady,3,107,6875
cpu_gpu_cpu_mailbox_rtt,host_steady,3,108,6791
cpu_gpu_cpu_mailbox_rtt,host_steady,3,109,6792
cpu_gpu_cpu_mailbox_rtt,host_steady,3,110,6875
cpu_gpu_cpu_mailbox_rtt,host_steady,3,111,6750
cpu_gpu_cpu_mailbox_rtt,host_steady,3,112,6791
cpu_gpu_cpu_mailbox_rtt,host_steady,3,113,6792
cpu_gpu_cpu_mailbox_rtt,host_steady,3,114,6792
cpu_gpu_cpu_mailbox_rtt,host_steady,3,115,6875
cpu_gpu_cpu_mailbox_rtt,host_steady,3,116,6834
cpu_gpu_cpu_mailbox_rtt,host_steady,3,117,6791
cpu_gpu_cpu_mailbox_rtt,host_steady,3,118,6834
cpu_gpu_cpu_mailbox_rtt,host_steady,3,119,6833
cpu_gpu_cpu_mailbox_rtt,host_steady,3,120,6750
cpu_gpu_cpu_mailbox_rtt,host_steady,3,121,6833
cpu_gpu_cpu_mailbox_rtt,host_steady,3,122,6792
cpu_gpu_cpu_mailbox_rtt,host_steady,3,123,6791
cpu_gpu_cpu_mailbox_rtt,host_steady,3,124,6834
cpu_gpu_cpu_mailbox_rtt,host_steady,3,125,6792
cpu_gpu_cpu_mailbox_rtt,host_steady,3,126,6833
cpu_gpu_cpu_mailbox_rtt,host_steady,3,127,6834
cpu_gpu_cpu_mailbox_rtt,host_steady,3,128,6791
cpu_gpu_cpu_mailbox_rtt,host_steady,3,129,6708
cpu_gpu_cpu_mailbox_rtt,host_steady,3,130,6833
cpu_gpu_cpu_mailbox_rtt,host_steady,3,131,6792
cpu_gpu_cpu_mailbox_rtt,host_steady,3,132,6833
cpu_gpu_cpu_mailbox_rtt,host_steady,3,133,6792
cpu_gpu_cpu_mailbox_rtt,host_steady,3,134,13041
cpu_gpu_cpu_mailbox_rtt,host_steady,3,135,6542
cpu_gpu_cpu_mailbox_rtt,host_steady,3,136,6792
cpu_gpu_cpu_mailbox_rtt,host_steady,3,137,6833
cpu_gpu_cpu_mailbox_rtt,host_steady,3,138,13000
cpu_gpu_cpu_mailbox_rtt,host_steady,3,139,7291
cpu_gpu_cpu_mailbox_rtt,host_steady,3,140,6792
cpu_gpu_cpu_mailbox_rtt,host_steady,3,141,6792
cpu_gpu_cpu_mailbox_rtt,host_steady,3,142,6791
cpu_gpu_cpu_mailbox_rtt,host_steady,3,143,6834
cpu_gpu_cpu_mailbox_rtt,host_steady,3,144,6833
cpu_gpu_cpu_mailbox_rtt,host_steady,3,145,6833
cpu_gpu_cpu_mailbox_rtt,host_steady,3,146,6792
cpu_gpu_cpu_mailbox_rtt,host_steady,3,147,6791
cpu_gpu_cpu_mailbox_rtt,host_steady,3,148,6750
cpu_gpu_cpu_mailbox_rtt,host_steady,3,149,6792
cpu_gpu_cpu_mailbox_rtt,host_steady,3,150,6833
cpu_gpu_cpu_mailbox_rtt,host_steady,3,151,6792
cpu_gpu_cpu_mailbox_rtt,host_steady,3,152,6833
cpu_gpu_cpu_mailbox_rtt,host_steady,3,153,6792
cpu_gpu_cpu_mailbox_rtt,host_steady,3,154,6833
cpu_gpu_cpu_mailbox_rtt,host_steady,3,155,12959
cpu_gpu_cpu_mailbox_rtt,host_steady,3,156,6500
cpu_gpu_cpu_mailbox_rtt,host_steady,3,157,6792
cpu_gpu_cpu_mailbox_rtt,host_steady,3,158,6833
cpu_gpu_cpu_mailbox_rtt,host_steady,3,159,6834
cpu_gpu_cpu_mailbox_rtt,host_steady,3,160,6833
cpu_gpu_cpu_mailbox_rtt,host_steady,3,161,6750
cpu_gpu_cpu_mailbox_rtt,host_steady,3,162,6833
cpu_gpu_cpu_mailbox_rtt,host_steady,3,163,6834
cpu_gpu_cpu_mailbox_rtt,host_steady,3,164,6792
cpu_gpu_cpu_mailbox_rtt,host_steady,3,165,6875
cpu_gpu_cpu_mailbox_rtt,host_steady,3,166,6833
cpu_gpu_cpu_mailbox_rtt,host_steady,3,167,6834
cpu_gpu_cpu_mailbox_rtt,host_steady,3,168,6833
cpu_gpu_cpu_mailbox_rtt,host_steady,3,169,6833
cpu_gpu_cpu_mailbox_rtt,host_steady,3,170,7250
cpu_gpu_cpu_mailbox_rtt,host_steady,3,171,6834
cpu_gpu_cpu_mailbox_rtt,host_steady,3,172,6833
cpu_gpu_cpu_mailbox_rtt,host_steady,3,173,6833
cpu_gpu_cpu_mailbox_rtt,host_steady,3,174,6833
cpu_gpu_cpu_mailbox_rtt,host_steady,3,175,6792
cpu_gpu_cpu_mailbox_rtt,host_steady,3,176,6833
cpu_gpu_cpu_mailbox_rtt,host_steady,3,177,6834
cpu_gpu_cpu_mailbox_rtt,host_steady,3,178,6791
cpu_gpu_cpu_mailbox_rtt,host_steady,3,179,7250
cpu_gpu_cpu_mailbox_rtt,host_steady,3,180,6750
cpu_gpu_cpu_mailbox_rtt,host_steady,3,181,6875
cpu_gpu_cpu_mailbox_rtt,host_steady,3,182,6750
cpu_gpu_cpu_mailbox_rtt,host_steady,3,183,6791
cpu_gpu_cpu_mailbox_rtt,host_steady,3,184,6792
cpu_gpu_cpu_mailbox_rtt,host_steady,3,185,6833
cpu_gpu_cpu_mailbox_rtt,host_steady,3,186,6833
cpu_gpu_cpu_mailbox_rtt,host_steady,3,187,6834
cpu_gpu_cpu_mailbox_rtt,host_steady,3,188,6833
cpu_gpu_cpu_mailbox_rtt,host_steady,3,189,6792
cpu_gpu_cpu_mailbox_rtt,host_steady,3,190,6791
cpu_gpu_cpu_mailbox_rtt,host_steady,3,191,6834
cpu_gpu_cpu_mailbox_rtt,host_steady,3,192,6750
cpu_gpu_cpu_mailbox_rtt,host_steady,3,193,7209
cpu_gpu_cpu_mailbox_rtt,host_steady,3,194,7375
cpu_gpu_cpu_mailbox_rtt,host_steady,3,195,6791
cpu_gpu_cpu_mailbox_rtt,host_steady,3,196,6875
cpu_gpu_cpu_mailbox_rtt,host_steady,3,197,6792
cpu_gpu_cpu_mailbox_rtt,host_steady,3,198,6833
cpu_gpu_cpu_mailbox_rtt,host_steady,3,199,6750
cpu_gpu_cpu_mailbox_rtt,host_steady,3,200,6750
cpu_gpu_cpu_mailbox_rtt,host_steady,3,201,6791
cpu_gpu_cpu_mailbox_rtt,host_steady,3,202,6833
cpu_gpu_cpu_mailbox_rtt,host_steady,3,203,6792
cpu_gpu_cpu_mailbox_rtt,host_steady,3,204,6792
cpu_gpu_cpu_mailbox_rtt,host_steady,3,205,6834
cpu_gpu_cpu_mailbox_rtt,host_steady,3,206,7209
cpu_gpu_cpu_mailbox_rtt,host_steady,3,207,6750
cpu_gpu_cpu_mailbox_rtt,host_steady,3,208,6833
cpu_gpu_cpu_mailbox_rtt,host_steady,3,209,6792
cpu_gpu_cpu_mailbox_rtt,host_steady,3,210,6791
cpu_gpu_cpu_mailbox_rtt,host_steady,3,211,6834
cpu_gpu_cpu_mailbox_rtt,host_steady,3,212,7333
cpu_gpu_cpu_mailbox_rtt,host_steady,3,213,6750
cpu_gpu_cpu_mailbox_rtt,host_steady,3,214,12916
cpu_gpu_cpu_mailbox_rtt,host_steady,3,215,6292
cpu_gpu_cpu_mailbox_rtt,host_steady,3,216,13125
cpu_gpu_cpu_mailbox_rtt,host_steady,3,217,6834
cpu_gpu_cpu_mailbox_rtt,host_steady,3,218,6792
cpu_gpu_cpu_mailbox_rtt,host_steady,3,219,6833
cpu_gpu_cpu_mailbox_rtt,host_steady,3,220,6750
cpu_gpu_cpu_mailbox_rtt,host_steady,3,221,6583
cpu_gpu_cpu_mailbox_rtt,host_steady,3,222,12750
cpu_gpu_cpu_mailbox_rtt,host_steady,3,223,12792
cpu_gpu_cpu_mailbox_rtt,host_steady,3,224,13334
cpu_gpu_cpu_mailbox_rtt,host_steady,3,225,6875
cpu_gpu_cpu_mailbox_rtt,host_steady,3,226,6834
cpu_gpu_cpu_mailbox_rtt,host_steady,3,227,6750
cpu_gpu_cpu_mailbox_rtt,host_steady,3,228,6792
cpu_gpu_cpu_mailbox_rtt,host_steady,3,229,6792
cpu_gpu_cpu_mailbox_rtt,host_steady,3,230,6792
cpu_gpu_cpu_mailbox_rtt,host_steady,3,231,6833
cpu_gpu_cpu_mailbox_rtt,host_steady,3,232,6584
cpu_gpu_cpu_mailbox_rtt,host_steady,3,233,13166
cpu_gpu_cpu_mailbox_rtt,host_steady,3,234,11709
cpu_gpu_cpu_mailbox_rtt,host_steady,3,235,12666
cpu_gpu_cpu_mailbox_rtt,host_steady,3,236,12750
cpu_gpu_cpu_mailbox_rtt,host_steady,3,237,7291
cpu_gpu_cpu_mailbox_rtt,host_steady,3,238,6792
cpu_gpu_cpu_mailbox_rtt,host_steady,3,239,6792
cpu_gpu_cpu_mailbox_rtt,host_steady,3,240,6833
cpu_gpu_cpu_mailbox_rtt,host_steady,3,241,6833
cpu_gpu_cpu_mailbox_rtt,host_steady,3,242,6833
cpu_gpu_cpu_mailbox_rtt,host_steady,3,243,6834
cpu_gpu_cpu_mailbox_rtt,host_steady,3,244,6833
cpu_gpu_cpu_mailbox_rtt,host_steady,3,245,6792
cpu_gpu_cpu_mailbox_rtt,host_steady,3,246,6792
cpu_gpu_cpu_mailbox_rtt,host_steady,3,247,6833
cpu_gpu_cpu_mailbox_rtt,host_steady,3,248,6792
cpu_gpu_cpu_mailbox_rtt,host_steady,3,249,6791
cpu_gpu_cpu_mailbox_rtt,host_steady,3,250,6875
cpu_gpu_cpu_mailbox_rtt,host_steady,3,251,6792
cpu_gpu_cpu_mailbox_rtt,host_steady,3,252,6833
cpu_gpu_cpu_mailbox_rtt,host_steady,3,253,6834
cpu_gpu_cpu_mailbox_rtt,host_steady,3,254,6791
cpu_gpu_cpu_mailbox_rtt,host_steady,3,255,6834
cpu_gpu_cpu_mailbox_rtt,host_steady,3,256,6791
cpu_gpu_cpu_mailbox_rtt,host_steady,3,257,13958
cpu_gpu_cpu_mailbox_rtt,host_steady,3,258,6542
cpu_gpu_cpu_mailbox_rtt,host_steady,3,259,6875
cpu_gpu_cpu_mailbox_rtt,host_steady,3,260,6791
cpu_gpu_cpu_mailbox_rtt,host_steady,3,261,14000
cpu_gpu_cpu_mailbox_rtt,host_steady,3,262,7292
cpu_gpu_cpu_mailbox_rtt,host_steady,3,263,6833
cpu_gpu_cpu_mailbox_rtt,host_steady,3,264,6792
cpu_gpu_cpu_mailbox_rtt,host_steady,3,265,6750
cpu_gpu_cpu_mailbox_rtt,host_steady,3,266,6792
cpu_gpu_cpu_mailbox_rtt,host_steady,3,267,6792
cpu_gpu_cpu_mailbox_rtt,host_steady,3,268,6750
cpu_gpu_cpu_mailbox_rtt,host_steady,3,269,6833
cpu_gpu_cpu_mailbox_rtt,host_steady,3,270,6791
cpu_gpu_cpu_mailbox_rtt,host_steady,3,271,6792
cpu_gpu_cpu_mailbox_rtt,host_steady,3,272,6833
cpu_gpu_cpu_mailbox_rtt,host_steady,3,273,6792
cpu_gpu_cpu_mailbox_rtt,host_steady,3,274,6792
cpu_gpu_cpu_mailbox_rtt,host_steady,3,275,6792
cpu_gpu_cpu_mailbox_rtt,host_steady,3,276,6792
cpu_gpu_cpu_mailbox_rtt,host_steady,3,277,6833
cpu_gpu_cpu_mailbox_rtt,host_steady,3,278,6875
cpu_gpu_cpu_mailbox_rtt,host_steady,3,279,6791
cpu_gpu_cpu_mailbox_rtt,host_steady,3,280,6792
cpu_gpu_cpu_mailbox_rtt,host_steady,3,281,6792
cpu_gpu_cpu_mailbox_rtt,host_steady,3,282,6833
cpu_gpu_cpu_mailbox_rtt,host_steady,3,283,6833
cpu_gpu_cpu_mailbox_rtt,host_steady,3,284,6834
cpu_gpu_cpu_mailbox_rtt,host_steady,3,285,6833
cpu_gpu_cpu_mailbox_rtt,host_steady,3,286,6792
cpu_gpu_cpu_mailbox_rtt,host_steady,3,287,6750
cpu_gpu_cpu_mailbox_rtt,host_steady,3,288,6791
cpu_gpu_cpu_mailbox_rtt,host_steady,3,289,6834
cpu_gpu_cpu_mailbox_rtt,host_steady,3,290,6833
cpu_gpu_cpu_mailbox_rtt,host_steady,3,291,6875
cpu_gpu_cpu_mailbox_rtt,host_steady,3,292,6792
cpu_gpu_cpu_mailbox_rtt,host_steady,3,293,6833
cpu_gpu_cpu_mailbox_rtt,host_steady,3,294,6833
cpu_gpu_cpu_mailbox_rtt,host_steady,3,295,6834
cpu_gpu_cpu_mailbox_rtt,host_steady,3,296,6750
cpu_gpu_cpu_mailbox_rtt,host_steady,3,297,6792
cpu_gpu_cpu_mailbox_rtt,host_steady,3,298,6792
cpu_gpu_cpu_mailbox_rtt,host_steady,3,299,14042
cpu_gpu_cpu_mailbox_rtt,host_steady,3,300,7291
cpu_gpu_cpu_mailbox_rtt,host_steady,3,301,6792
cpu_gpu_cpu_mailbox_rtt,host_steady,3,302,6792
cpu_gpu_cpu_mailbox_rtt,host_steady,3,303,6791
cpu_gpu_cpu_mailbox_rtt,host_steady,3,304,6750
cpu_gpu_cpu_mailbox_rtt,host_steady,3,305,6833
cpu_gpu_cpu_mailbox_rtt,host_steady,3,306,6583
cpu_gpu_cpu_mailbox_rtt,host_steady,3,307,12750
cpu_gpu_cpu_mailbox_rtt,host_steady,3,308,12625
cpu_gpu_cpu_mailbox_rtt,host_steady,3,309,12584
cpu_gpu_cpu_mailbox_rtt,host_steady,3,310,12750
cpu_gpu_cpu_mailbox_rtt,host_steady,3,311,12625
cpu_gpu_cpu_mailbox_rtt,host_steady,3,312,12583
cpu_gpu_cpu_mailbox_rtt,host_steady,3,313,12583
cpu_gpu_cpu_mailbox_rtt,host_steady,3,314,12625
cpu_gpu_cpu_mailbox_rtt,host_steady,3,315,12625
cpu_gpu_cpu_mailbox_rtt,host_steady,3,316,13042
cpu_gpu_cpu_mailbox_rtt,host_steady,3,317,13000
cpu_gpu_cpu_mailbox_rtt,host_steady,3,318,12625
cpu_gpu_cpu_mailbox_rtt,host_steady,3,319,12667
cpu_gpu_cpu_mailbox_rtt,host_steady,3,320,12625
cpu_gpu_cpu_mailbox_rtt,host_steady,3,321,12500
cpu_gpu_cpu_mailbox_rtt,host_steady,3,322,12541
cpu_gpu_cpu_mailbox_rtt,host_steady,3,323,12459
cpu_gpu_cpu_mailbox_rtt,host_steady,3,324,12666
cpu_gpu_cpu_mailbox_rtt,host_steady,3,325,12625
cpu_gpu_cpu_mailbox_rtt,host_steady,3,326,12584
cpu_gpu_cpu_mailbox_rtt,host_steady,3,327,12459
cpu_gpu_cpu_mailbox_rtt,host_steady,3,328,12625
cpu_gpu_cpu_mailbox_rtt,host_steady,3,329,12583
cpu_gpu_cpu_mailbox_rtt,host_steady,3,330,12583
cpu_gpu_cpu_mailbox_rtt,host_steady,3,331,12667
cpu_gpu_cpu_mailbox_rtt,host_steady,3,332,13167
cpu_gpu_cpu_mailbox_rtt,host_steady,3,333,13000
cpu_gpu_cpu_mailbox_rtt,host_steady,3,334,12417
cpu_gpu_cpu_mailbox_rtt,host_steady,3,335,13042
cpu_gpu_cpu_mailbox_rtt,host_steady,3,336,12500
cpu_gpu_cpu_mailbox_rtt,host_steady,3,337,13042
cpu_gpu_cpu_mailbox_rtt,host_steady,3,338,12917
cpu_gpu_cpu_mailbox_rtt,host_steady,3,339,13125
cpu_gpu_cpu_mailbox_rtt,host_steady,3,340,13041
cpu_gpu_cpu_mailbox_rtt,host_steady,3,341,12625
cpu_gpu_cpu_mailbox_rtt,host_steady,3,342,12709
cpu_gpu_cpu_mailbox_rtt,host_steady,3,343,13125
cpu_gpu_cpu_mailbox_rtt,host_steady,3,344,12000
cpu_gpu_cpu_mailbox_rtt,host_steady,3,345,13041
cpu_gpu_cpu_mailbox_rtt,host_steady,3,346,13084
cpu_gpu_cpu_mailbox_rtt,host_steady,3,347,13041
cpu_gpu_cpu_mailbox_rtt,host_steady,3,348,12667
cpu_gpu_cpu_mailbox_rtt,host_steady,3,349,12458
cpu_gpu_cpu_mailbox_rtt,host_steady,3,350,12542
cpu_gpu_cpu_mailbox_rtt,host_steady,3,351,13083
cpu_gpu_cpu_mailbox_rtt,host_steady,3,352,13042
cpu_gpu_cpu_mailbox_rtt,host_steady,3,353,12625
cpu_gpu_cpu_mailbox_rtt,host_steady,3,354,12750
cpu_gpu_cpu_mailbox_rtt,host_steady,3,355,12667
cpu_gpu_cpu_mailbox_rtt,host_steady,3,356,12875
cpu_gpu_cpu_mailbox_rtt,host_steady,3,357,6750
cpu_gpu_cpu_mailbox_rtt,host_steady,3,358,6584
cpu_gpu_cpu_mailbox_rtt,host_steady,3,359,13125
cpu_gpu_cpu_mailbox_rtt,host_steady,3,360,12708
cpu_gpu_cpu_mailbox_rtt,host_steady,3,361,12333
cpu_gpu_cpu_mailbox_rtt,host_steady,3,362,12708
cpu_gpu_cpu_mailbox_rtt,host_steady,3,363,12625
cpu_gpu_cpu_mailbox_rtt,host_steady,3,364,12625
cpu_gpu_cpu_mailbox_rtt,host_steady,3,365,12667
cpu_gpu_cpu_mailbox_rtt,host_steady,3,366,13125
cpu_gpu_cpu_mailbox_rtt,host_steady,3,367,12833
cpu_gpu_cpu_mailbox_rtt,host_steady,3,368,6625
cpu_gpu_cpu_mailbox_rtt,host_steady,3,369,13125
cpu_gpu_cpu_mailbox_rtt,host_steady,3,370,13000
cpu_gpu_cpu_mailbox_rtt,host_steady,3,371,12625
cpu_gpu_cpu_mailbox_rtt,host_steady,3,372,12625
cpu_gpu_cpu_mailbox_rtt,host_steady,3,373,12625
cpu_gpu_cpu_mailbox_rtt,host_steady,3,374,12583
cpu_gpu_cpu_mailbox_rtt,host_steady,3,375,12833
cpu_gpu_cpu_mailbox_rtt,host_steady,3,376,13000
cpu_gpu_cpu_mailbox_rtt,host_steady,3,377,12667
cpu_gpu_cpu_mailbox_rtt,host_steady,3,378,12625
cpu_gpu_cpu_mailbox_rtt,host_steady,3,379,13166
cpu_gpu_cpu_mailbox_rtt,host_steady,3,380,13042
cpu_gpu_cpu_mailbox_rtt,host_steady,3,381,12500
cpu_gpu_cpu_mailbox_rtt,host_steady,3,382,13333
cpu_gpu_cpu_mailbox_rtt,host_steady,3,383,6459
cpu_gpu_cpu_mailbox_rtt,host_steady,3,384,7166
cpu_gpu_cpu_mailbox_rtt,host_steady,3,385,12750
cpu_gpu_cpu_mailbox_rtt,host_steady,3,386,11667
cpu_gpu_cpu_mailbox_rtt,host_steady,3,387,12250
cpu_gpu_cpu_mailbox_rtt,host_steady,3,388,12625
cpu_gpu_cpu_mailbox_rtt,host_steady,3,389,13083
cpu_gpu_cpu_mailbox_rtt,host_steady,3,390,12833
cpu_gpu_cpu_mailbox_rtt,host_steady,3,391,6584
cpu_gpu_cpu_mailbox_rtt,host_steady,3,392,13166
cpu_gpu_cpu_mailbox_rtt,host_steady,3,393,12833
cpu_gpu_cpu_mailbox_rtt,host_steady,3,394,7083
cpu_gpu_cpu_mailbox_rtt,host_steady,3,395,13167
cpu_gpu_cpu_mailbox_rtt,host_steady,3,396,13083
cpu_gpu_cpu_mailbox_rtt,host_steady,3,397,13000
cpu_gpu_cpu_mailbox_rtt,host_steady,3,398,13125
cpu_gpu_cpu_mailbox_rtt,host_steady,3,399,13042
cpu_gpu_cpu_mailbox_rtt,host_steady,3,400,12708
cpu_gpu_cpu_mailbox_rtt,host_steady,3,401,12667
cpu_gpu_cpu_mailbox_rtt,host_steady,3,402,12708
cpu_gpu_cpu_mailbox_rtt,host_steady,3,403,12708
cpu_gpu_cpu_mailbox_rtt,host_steady,3,404,13042
cpu_gpu_cpu_mailbox_rtt,host_steady,3,405,13042
cpu_gpu_cpu_mailbox_rtt,host_steady,3,406,12666
cpu_gpu_cpu_mailbox_rtt,host_steady,3,407,12667
cpu_gpu_cpu_mailbox_rtt,host_steady,3,408,13167
cpu_gpu_cpu_mailbox_rtt,host_steady,3,409,13041
cpu_gpu_cpu_mailbox_rtt,host_steady,3,410,13000
cpu_gpu_cpu_mailbox_rtt,host_steady,3,411,12625
cpu_gpu_cpu_mailbox_rtt,host_steady,3,412,12667
cpu_gpu_cpu_mailbox_rtt,host_steady,3,413,12625
cpu_gpu_cpu_mailbox_rtt,host_steady,3,414,12625
cpu_gpu_cpu_mailbox_rtt,host_steady,3,415,13000
cpu_gpu_cpu_mailbox_rtt,host_steady,3,416,12583
cpu_gpu_cpu_mailbox_rtt,host_steady,3,417,13083
cpu_gpu_cpu_mailbox_rtt,host_steady,3,418,13084
cpu_gpu_cpu_mailbox_rtt,host_steady,3,419,12625
cpu_gpu_cpu_mailbox_rtt,host_steady,3,420,12583
cpu_gpu_cpu_mailbox_rtt,host_steady,3,421,13042
cpu_gpu_cpu_mailbox_rtt,host_steady,3,422,13333
cpu_gpu_cpu_mailbox_rtt,host_steady,3,423,6500
cpu_gpu_cpu_mailbox_rtt,host_steady,3,424,6791
cpu_gpu_cpu_mailbox_rtt,host_steady,3,425,6875
cpu_gpu_cpu_mailbox_rtt,host_steady,3,426,6792
cpu_gpu_cpu_mailbox_rtt,host_steady,3,427,6625
cpu_gpu_cpu_mailbox_rtt,host_steady,3,428,13166
cpu_gpu_cpu_mailbox_rtt,host_steady,3,429,6542
cpu_gpu_cpu_mailbox_rtt,host_steady,3,430,12958
cpu_gpu_cpu_mailbox_rtt,host_steady,3,431,6500
cpu_gpu_cpu_mailbox_rtt,host_steady,3,432,6833
cpu_gpu_cpu_mailbox_rtt,host_steady,3,433,6625
cpu_gpu_cpu_mailbox_rtt,host_steady,3,434,13042
cpu_gpu_cpu_mailbox_rtt,host_steady,3,435,12875
cpu_gpu_cpu_mailbox_rtt,host_steady,3,436,6833
cpu_gpu_cpu_mailbox_rtt,host_steady,3,437,6792
cpu_gpu_cpu_mailbox_rtt,host_steady,3,438,6833
cpu_gpu_cpu_mailbox_rtt,host_steady,3,439,6875
cpu_gpu_cpu_mailbox_rtt,host_steady,3,440,6833
cpu_gpu_cpu_mailbox_rtt,host_steady,3,441,6584
cpu_gpu_cpu_mailbox_rtt,host_steady,3,442,12666
cpu_gpu_cpu_mailbox_rtt,host_steady,3,443,12625
cpu_gpu_cpu_mailbox_rtt,host_steady,3,444,12583
cpu_gpu_cpu_mailbox_rtt,host_steady,3,445,12542
cpu_gpu_cpu_mailbox_rtt,host_steady,3,446,12625
cpu_gpu_cpu_mailbox_rtt,host_steady,3,447,12625
cpu_gpu_cpu_mailbox_rtt,host_steady,3,448,12625
cpu_gpu_cpu_mailbox_rtt,host_steady,3,449,13041
cpu_gpu_cpu_mailbox_rtt,host_steady,3,450,12584
cpu_gpu_cpu_mailbox_rtt,host_steady,3,451,12625
cpu_gpu_cpu_mailbox_rtt,host_steady,3,452,12625
cpu_gpu_cpu_mailbox_rtt,host_steady,3,453,12625
cpu_gpu_cpu_mailbox_rtt,host_steady,3,454,12833
cpu_gpu_cpu_mailbox_rtt,host_steady,3,455,13000
cpu_gpu_cpu_mailbox_rtt,host_steady,3,456,12625
cpu_gpu_cpu_mailbox_rtt,host_steady,3,457,12583
cpu_gpu_cpu_mailbox_rtt,host_steady,3,458,12625
cpu_gpu_cpu_mailbox_rtt,host_steady,3,459,12625
cpu_gpu_cpu_mailbox_rtt,host_steady,3,460,13000
cpu_gpu_cpu_mailbox_rtt,host_steady,3,461,12583
cpu_gpu_cpu_mailbox_rtt,host_steady,3,462,13000
cpu_gpu_cpu_mailbox_rtt,host_steady,3,463,12583
cpu_gpu_cpu_mailbox_rtt,host_steady,3,464,12666
cpu_gpu_cpu_mailbox_rtt,host_steady,3,465,12584
cpu_gpu_cpu_mailbox_rtt,host_steady,3,466,12666
cpu_gpu_cpu_mailbox_rtt,host_steady,3,467,13000
cpu_gpu_cpu_mailbox_rtt,host_steady,3,468,13000
cpu_gpu_cpu_mailbox_rtt,host_steady,3,469,13167
cpu_gpu_cpu_mailbox_rtt,host_steady,3,470,12583
cpu_gpu_cpu_mailbox_rtt,host_steady,3,471,12625
cpu_gpu_cpu_mailbox_rtt,host_steady,3,472,12666
cpu_gpu_cpu_mailbox_rtt,host_steady,3,473,12583
cpu_gpu_cpu_mailbox_rtt,host_steady,3,474,12542
cpu_gpu_cpu_mailbox_rtt,host_steady,3,475,12625
cpu_gpu_cpu_mailbox_rtt,host_steady,3,476,12625
cpu_gpu_cpu_mailbox_rtt,host_steady,3,477,12667
cpu_gpu_cpu_mailbox_rtt,host_steady,3,478,12542
cpu_gpu_cpu_mailbox_rtt,host_steady,3,479,13042
cpu_gpu_cpu_mailbox_rtt,host_steady,3,480,13042
cpu_gpu_cpu_mailbox_rtt,host_steady,3,481,12666
cpu_gpu_cpu_mailbox_rtt,host_steady,3,482,12625
cpu_gpu_cpu_mailbox_rtt,host_steady,3,483,12542
cpu_gpu_cpu_mailbox_rtt,host_steady,3,484,12583
cpu_gpu_cpu_mailbox_rtt,host_steady,3,485,12583
cpu_gpu_cpu_mailbox_rtt,host_steady,3,486,12042
cpu_gpu_cpu_mailbox_rtt,host_steady,3,487,12625
cpu_gpu_cpu_mailbox_rtt,host_steady,3,488,7042
cpu_gpu_cpu_mailbox_rtt,host_steady,3,489,12625
cpu_gpu_cpu_mailbox_rtt,host_steady,3,490,12875
cpu_gpu_cpu_mailbox_rtt,host_steady,3,491,12583
cpu_gpu_cpu_mailbox_rtt,host_steady,3,492,12500
cpu_gpu_cpu_mailbox_rtt,host_steady,3,493,13084
cpu_gpu_cpu_mailbox_rtt,host_steady,3,494,12583
cpu_gpu_cpu_mailbox_rtt,host_steady,3,495,12583
cpu_gpu_cpu_mailbox_rtt,host_steady,3,496,12625
cpu_gpu_cpu_mailbox_rtt,host_steady,3,497,12167
cpu_gpu_cpu_mailbox_rtt,host_steady,3,498,12666
cpu_gpu_cpu_mailbox_rtt,host_steady,3,499,12625
cpu_gpu_cpu_mailbox_rtt,host_steady,3,500,12542
cpu_gpu_cpu_mailbox_rtt,host_steady,3,501,12625
cpu_gpu_cpu_mailbox_rtt,host_steady,3,502,12625
cpu_gpu_cpu_mailbox_rtt,host_steady,3,503,12625
cpu_gpu_cpu_mailbox_rtt,host_steady,3,504,12625
cpu_gpu_cpu_mailbox_rtt,host_steady,3,505,12666
cpu_gpu_cpu_mailbox_rtt,host_steady,3,506,12625
cpu_gpu_cpu_mailbox_rtt,host_steady,3,507,12584
cpu_gpu_cpu_mailbox_rtt,host_steady,3,508,12584
cpu_gpu_cpu_mailbox_rtt,host_steady,3,509,12666
cpu_gpu_cpu_mailbox_rtt,host_steady,3,510,12667
cpu_gpu_cpu_mailbox_rtt,host_steady,3,511,12667
cpu_gpu_cpu_mailbox_rtt,host_steady,3,512,12583
cpu_gpu_cpu_mailbox_rtt,host_steady,3,513,12292
cpu_gpu_cpu_mailbox_rtt,host_steady,3,514,10958
cpu_gpu_cpu_mailbox_rtt,host_steady,3,515,12667
cpu_gpu_cpu_mailbox_rtt,host_steady,3,516,12625
cpu_gpu_cpu_mailbox_rtt,host_steady,3,517,12959
cpu_gpu_cpu_mailbox_rtt,host_steady,3,518,12625
cpu_gpu_cpu_mailbox_rtt,host_steady,3,519,12625
cpu_gpu_cpu_mailbox_rtt,host_steady,3,520,12625
cpu_gpu_cpu_mailbox_rtt,host_steady,3,521,12583
cpu_gpu_cpu_mailbox_rtt,host_steady,3,522,13083
cpu_gpu_cpu_mailbox_rtt,host_steady,3,523,12625
cpu_gpu_cpu_mailbox_rtt,host_steady,3,524,12542
cpu_gpu_cpu_mailbox_rtt,host_steady,3,525,12625
cpu_gpu_cpu_mailbox_rtt,host_steady,3,526,12584
cpu_gpu_cpu_mailbox_rtt,host_steady,3,527,12625
cpu_gpu_cpu_mailbox_rtt,host_steady,3,528,13000
cpu_gpu_cpu_mailbox_rtt,host_steady,3,529,12541
cpu_gpu_cpu_mailbox_rtt,host_steady,3,530,12625
cpu_gpu_cpu_mailbox_rtt,host_steady,3,531,12583
cpu_gpu_cpu_mailbox_rtt,host_steady,3,532,12625
cpu_gpu_cpu_mailbox_rtt,host_steady,3,533,12625
cpu_gpu_cpu_mailbox_rtt,host_steady,3,534,13208
cpu_gpu_cpu_mailbox_rtt,host_steady,3,535,6208
cpu_gpu_cpu_mailbox_rtt,host_steady,3,536,7000
cpu_gpu_cpu_mailbox_rtt,host_steady,3,537,12667
cpu_gpu_cpu_mailbox_rtt,host_steady,3,538,12584
cpu_gpu_cpu_mailbox_rtt,host_steady,3,539,12625
cpu_gpu_cpu_mailbox_rtt,host_steady,3,540,13042
cpu_gpu_cpu_mailbox_rtt,host_steady,3,541,12667
cpu_gpu_cpu_mailbox_rtt,host_steady,3,542,12541
cpu_gpu_cpu_mailbox_rtt,host_steady,3,543,12584
cpu_gpu_cpu_mailbox_rtt,host_steady,3,544,12666
cpu_gpu_cpu_mailbox_rtt,host_steady,3,545,12667
cpu_gpu_cpu_mailbox_rtt,host_steady,3,546,12625
cpu_gpu_cpu_mailbox_rtt,host_steady,3,547,12583
cpu_gpu_cpu_mailbox_rtt,host_steady,3,548,12583
cpu_gpu_cpu_mailbox_rtt,host_steady,3,549,12667
cpu_gpu_cpu_mailbox_rtt,host_steady,3,550,13000
cpu_gpu_cpu_mailbox_rtt,host_steady,3,551,12584
cpu_gpu_cpu_mailbox_rtt,host_steady,3,552,12625
cpu_gpu_cpu_mailbox_rtt,host_steady,3,553,12750
cpu_gpu_cpu_mailbox_rtt,host_steady,3,554,12709
cpu_gpu_cpu_mailbox_rtt,host_steady,3,555,12625
cpu_gpu_cpu_mailbox_rtt,host_steady,3,556,12666
cpu_gpu_cpu_mailbox_rtt,host_steady,3,557,13042
cpu_gpu_cpu_mailbox_rtt,host_steady,3,558,12625
cpu_gpu_cpu_mailbox_rtt,host_steady,3,559,12542
cpu_gpu_cpu_mailbox_rtt,host_steady,3,560,12584
cpu_gpu_cpu_mailbox_rtt,host_steady,3,561,12625
cpu_gpu_cpu_mailbox_rtt,host_steady,3,562,12416
cpu_gpu_cpu_mailbox_rtt,host_steady,3,563,12542
cpu_gpu_cpu_mailbox_rtt,host_steady,3,564,12542
cpu_gpu_cpu_mailbox_rtt,host_steady,3,565,12625
cpu_gpu_cpu_mailbox_rtt,host_steady,3,566,12583
cpu_gpu_cpu_mailbox_rtt,host_steady,3,567,12583
cpu_gpu_cpu_mailbox_rtt,host_steady,3,568,12625
cpu_gpu_cpu_mailbox_rtt,host_steady,3,569,12625
cpu_gpu_cpu_mailbox_rtt,host_steady,3,570,12583
cpu_gpu_cpu_mailbox_rtt,host_steady,3,571,12583
cpu_gpu_cpu_mailbox_rtt,host_steady,3,572,12625
cpu_gpu_cpu_mailbox_rtt,host_steady,3,573,12791
cpu_gpu_cpu_mailbox_rtt,host_steady,3,574,13042
cpu_gpu_cpu_mailbox_rtt,host_steady,3,575,12583
cpu_gpu_cpu_mailbox_rtt,host_steady,3,576,13042
cpu_gpu_cpu_mailbox_rtt,host_steady,3,577,12583
cpu_gpu_cpu_mailbox_rtt,host_steady,3,578,12667
cpu_gpu_cpu_mailbox_rtt,host_steady,3,579,13041
cpu_gpu_cpu_mailbox_rtt,host_steady,3,580,12750
cpu_gpu_cpu_mailbox_rtt,host_steady,3,581,12834
cpu_gpu_cpu_mailbox_rtt,host_steady,3,582,12625
cpu_gpu_cpu_mailbox_rtt,host_steady,3,583,12625
cpu_gpu_cpu_mailbox_rtt,host_steady,3,584,13041
cpu_gpu_cpu_mailbox_rtt,host_steady,3,585,12625
cpu_gpu_cpu_mailbox_rtt,host_steady,3,586,12625
cpu_gpu_cpu_mailbox_rtt,host_steady,3,587,13000
cpu_gpu_cpu_mailbox_rtt,host_steady,3,588,12583
cpu_gpu_cpu_mailbox_rtt,host_steady,3,589,12625
cpu_gpu_cpu_mailbox_rtt,host_steady,3,590,12667
cpu_gpu_cpu_mailbox_rtt,host_steady,3,591,13000
cpu_gpu_cpu_mailbox_rtt,host_steady,3,592,13000
cpu_gpu_cpu_mailbox_rtt,host_steady,3,593,12583
cpu_gpu_cpu_mailbox_rtt,host_steady,3,594,12666
cpu_gpu_cpu_mailbox_rtt,host_steady,3,595,12584
cpu_gpu_cpu_mailbox_rtt,host_steady,3,596,12625
cpu_gpu_cpu_mailbox_rtt,host_steady,3,597,12584
cpu_gpu_cpu_mailbox_rtt,host_steady,3,598,12583
cpu_gpu_cpu_mailbox_rtt,host_steady,3,599,13041
cpu_gpu_cpu_mailbox_rtt,host_steady,3,600,12625
cpu_gpu_cpu_mailbox_rtt,host_steady,3,601,12667
cpu_gpu_cpu_mailbox_rtt,host_steady,3,602,12541
cpu_gpu_cpu_mailbox_rtt,host_steady,3,603,13042
cpu_gpu_cpu_mailbox_rtt,host_steady,3,604,12541
cpu_gpu_cpu_mailbox_rtt,host_steady,3,605,12667
cpu_gpu_cpu_mailbox_rtt,host_steady,3,606,12625
cpu_gpu_cpu_mailbox_rtt,host_steady,3,607,12583
cpu_gpu_cpu_mailbox_rtt,host_steady,3,608,12625
cpu_gpu_cpu_mailbox_rtt,host_steady,3,609,12958
cpu_gpu_cpu_mailbox_rtt,host_steady,3,610,12583
cpu_gpu_cpu_mailbox_rtt,host_steady,3,611,12750
cpu_gpu_cpu_mailbox_rtt,host_steady,3,612,12000
cpu_gpu_cpu_mailbox_rtt,host_steady,3,613,11792
cpu_gpu_cpu_mailbox_rtt,host_steady,3,614,12750
cpu_gpu_cpu_mailbox_rtt,host_steady,3,615,12583
cpu_gpu_cpu_mailbox_rtt,host_steady,3,616,12333
cpu_gpu_cpu_mailbox_rtt,host_steady,3,617,12333
cpu_gpu_cpu_mailbox_rtt,host_steady,3,618,12416
cpu_gpu_cpu_mailbox_rtt,host_steady,3,619,12292
cpu_gpu_cpu_mailbox_rtt,host_steady,3,620,14500
cpu_gpu_cpu_mailbox_rtt,host_steady,3,621,14125
cpu_gpu_cpu_mailbox_rtt,host_steady,3,622,14166
cpu_gpu_cpu_mailbox_rtt,host_steady,3,623,14209
cpu_gpu_cpu_mailbox_rtt,host_steady,3,624,14166
cpu_gpu_cpu_mailbox_rtt,host_steady,3,625,14167
cpu_gpu_cpu_mailbox_rtt,host_steady,3,626,14167
cpu_gpu_cpu_mailbox_rtt,host_steady,3,627,14166
cpu_gpu_cpu_mailbox_rtt,host_steady,3,628,14250
cpu_gpu_cpu_mailbox_rtt,host_steady,3,629,14209
cpu_gpu_cpu_mailbox_rtt,host_steady,3,630,14041
cpu_gpu_cpu_mailbox_rtt,host_steady,3,631,14125
cpu_gpu_cpu_mailbox_rtt,host_steady,3,632,14209
cpu_gpu_cpu_mailbox_rtt,host_steady,3,633,11125
cpu_gpu_cpu_mailbox_rtt,host_steady,3,634,13250
cpu_gpu_cpu_mailbox_rtt,host_steady,3,635,14209
cpu_gpu_cpu_mailbox_rtt,host_steady,3,636,14125
cpu_gpu_cpu_mailbox_rtt,host_steady,3,637,14208
cpu_gpu_cpu_mailbox_rtt,host_steady,3,638,14417
cpu_gpu_cpu_mailbox_rtt,host_steady,3,639,7375
cpu_gpu_cpu_mailbox_rtt,host_steady,3,640,14166
cpu_gpu_cpu_mailbox_rtt,host_steady,3,641,14167
cpu_gpu_cpu_mailbox_rtt,host_steady,3,642,14167
cpu_gpu_cpu_mailbox_rtt,host_steady,3,643,14125
cpu_gpu_cpu_mailbox_rtt,host_steady,3,644,14208
cpu_gpu_cpu_mailbox_rtt,host_steady,3,645,14250
cpu_gpu_cpu_mailbox_rtt,host_steady,3,646,14208
cpu_gpu_cpu_mailbox_rtt,host_steady,3,647,14125
cpu_gpu_cpu_mailbox_rtt,host_steady,3,648,14417
cpu_gpu_cpu_mailbox_rtt,host_steady,3,649,7333
cpu_gpu_cpu_mailbox_rtt,host_steady,3,650,14209
cpu_gpu_cpu_mailbox_rtt,host_steady,3,651,14166
cpu_gpu_cpu_mailbox_rtt,host_steady,3,652,14125
cpu_gpu_cpu_mailbox_rtt,host_steady,3,653,14167
cpu_gpu_cpu_mailbox_rtt,host_steady,3,654,14333
cpu_gpu_cpu_mailbox_rtt,host_steady,3,655,14334
cpu_gpu_cpu_mailbox_rtt,host_steady,3,656,14208
cpu_gpu_cpu_mailbox_rtt,host_steady,3,657,14375
cpu_gpu_cpu_mailbox_rtt,host_steady,3,658,7292
cpu_gpu_cpu_mailbox_rtt,host_steady,3,659,14375
cpu_gpu_cpu_mailbox_rtt,host_steady,3,660,14375
cpu_gpu_cpu_mailbox_rtt,host_steady,3,661,14208
cpu_gpu_cpu_mailbox_rtt,host_steady,3,662,14292
cpu_gpu_cpu_mailbox_rtt,host_steady,3,663,14125
cpu_gpu_cpu_mailbox_rtt,host_steady,3,664,14166
cpu_gpu_cpu_mailbox_rtt,host_steady,3,665,13417
cpu_gpu_cpu_mailbox_rtt,host_steady,3,666,14167
cpu_gpu_cpu_mailbox_rtt,host_steady,3,667,14291
cpu_gpu_cpu_mailbox_rtt,host_steady,3,668,7334
cpu_gpu_cpu_mailbox_rtt,host_steady,3,669,14333
cpu_gpu_cpu_mailbox_rtt,host_steady,3,670,7333
cpu_gpu_cpu_mailbox_rtt,host_steady,3,671,14334
cpu_gpu_cpu_mailbox_rtt,host_steady,3,672,7333
cpu_gpu_cpu_mailbox_rtt,host_steady,3,673,14458
cpu_gpu_cpu_mailbox_rtt,host_steady,3,674,7334
cpu_gpu_cpu_mailbox_rtt,host_steady,3,675,14125
cpu_gpu_cpu_mailbox_rtt,host_steady,3,676,14541
cpu_gpu_cpu_mailbox_rtt,host_steady,3,677,7334
cpu_gpu_cpu_mailbox_rtt,host_steady,3,678,14333
cpu_gpu_cpu_mailbox_rtt,host_steady,3,679,13417
cpu_gpu_cpu_mailbox_rtt,host_steady,3,680,14084
cpu_gpu_cpu_mailbox_rtt,host_steady,3,681,14166
cpu_gpu_cpu_mailbox_rtt,host_steady,3,682,14709
cpu_gpu_cpu_mailbox_rtt,host_steady,3,683,14500
cpu_gpu_cpu_mailbox_rtt,host_steady,3,684,7333
cpu_gpu_cpu_mailbox_rtt,host_steady,3,685,14208
cpu_gpu_cpu_mailbox_rtt,host_steady,3,686,14209
cpu_gpu_cpu_mailbox_rtt,host_steady,3,687,14208
cpu_gpu_cpu_mailbox_rtt,host_steady,3,688,14208
cpu_gpu_cpu_mailbox_rtt,host_steady,3,689,14417
cpu_gpu_cpu_mailbox_rtt,host_steady,3,690,7333
cpu_gpu_cpu_mailbox_rtt,host_steady,3,691,14209
cpu_gpu_cpu_mailbox_rtt,host_steady,3,692,14208
cpu_gpu_cpu_mailbox_rtt,host_steady,3,693,14167
cpu_gpu_cpu_mailbox_rtt,host_steady,3,694,14250
cpu_gpu_cpu_mailbox_rtt,host_steady,3,695,14375
cpu_gpu_cpu_mailbox_rtt,host_steady,3,696,14333
cpu_gpu_cpu_mailbox_rtt,host_steady,3,697,7333
cpu_gpu_cpu_mailbox_rtt,host_steady,3,698,14375
cpu_gpu_cpu_mailbox_rtt,host_steady,3,699,7334
cpu_gpu_cpu_mailbox_rtt,host_steady,3,700,14250
cpu_gpu_cpu_mailbox_rtt,host_steady,3,701,12750
cpu_gpu_cpu_mailbox_rtt,host_steady,3,702,14334
cpu_gpu_cpu_mailbox_rtt,host_steady,3,703,14333
cpu_gpu_cpu_mailbox_rtt,host_steady,3,704,14167
cpu_gpu_cpu_mailbox_rtt,host_steady,3,705,14208
cpu_gpu_cpu_mailbox_rtt,host_steady,3,706,14167
cpu_gpu_cpu_mailbox_rtt,host_steady,3,707,14166
cpu_gpu_cpu_mailbox_rtt,host_steady,3,708,14125
cpu_gpu_cpu_mailbox_rtt,host_steady,3,709,14167
cpu_gpu_cpu_mailbox_rtt,host_steady,3,710,14208
cpu_gpu_cpu_mailbox_rtt,host_steady,3,711,14167
cpu_gpu_cpu_mailbox_rtt,host_steady,3,712,14167
cpu_gpu_cpu_mailbox_rtt,host_steady,3,713,14166
cpu_gpu_cpu_mailbox_rtt,host_steady,3,714,14209
cpu_gpu_cpu_mailbox_rtt,host_steady,3,715,14166
cpu_gpu_cpu_mailbox_rtt,host_steady,3,716,14209
cpu_gpu_cpu_mailbox_rtt,host_steady,3,717,12750
cpu_gpu_cpu_mailbox_rtt,host_steady,3,718,14125
cpu_gpu_cpu_mailbox_rtt,host_steady,3,719,14166
cpu_gpu_cpu_mailbox_rtt,host_steady,3,720,14209
cpu_gpu_cpu_mailbox_rtt,host_steady,3,721,14375
cpu_gpu_cpu_mailbox_rtt,host_steady,3,722,14375
cpu_gpu_cpu_mailbox_rtt,host_steady,3,723,14166
cpu_gpu_cpu_mailbox_rtt,host_steady,3,724,14125
cpu_gpu_cpu_mailbox_rtt,host_steady,3,725,14208
cpu_gpu_cpu_mailbox_rtt,host_steady,3,726,14209
cpu_gpu_cpu_mailbox_rtt,host_steady,3,727,14166
cpu_gpu_cpu_mailbox_rtt,host_steady,3,728,14167
cpu_gpu_cpu_mailbox_rtt,host_steady,3,729,14167
cpu_gpu_cpu_mailbox_rtt,host_steady,3,730,14166
cpu_gpu_cpu_mailbox_rtt,host_steady,3,731,14209
cpu_gpu_cpu_mailbox_rtt,host_steady,3,732,14166
cpu_gpu_cpu_mailbox_rtt,host_steady,3,733,13000
cpu_gpu_cpu_mailbox_rtt,host_steady,3,734,14167
cpu_gpu_cpu_mailbox_rtt,host_steady,3,735,14208
cpu_gpu_cpu_mailbox_rtt,host_steady,3,736,14167
cpu_gpu_cpu_mailbox_rtt,host_steady,3,737,14167
cpu_gpu_cpu_mailbox_rtt,host_steady,3,738,14166
cpu_gpu_cpu_mailbox_rtt,host_steady,3,739,14167
cpu_gpu_cpu_mailbox_rtt,host_steady,3,740,14208
cpu_gpu_cpu_mailbox_rtt,host_steady,3,741,14167
cpu_gpu_cpu_mailbox_rtt,host_steady,3,742,14292
cpu_gpu_cpu_mailbox_rtt,host_steady,3,743,14166
cpu_gpu_cpu_mailbox_rtt,host_steady,3,744,14334
cpu_gpu_cpu_mailbox_rtt,host_steady,3,745,14375
cpu_gpu_cpu_mailbox_rtt,host_steady,3,746,12791
cpu_gpu_cpu_mailbox_rtt,host_steady,3,747,11459
cpu_gpu_cpu_mailbox_rtt,host_steady,3,748,14125
cpu_gpu_cpu_mailbox_rtt,host_steady,3,749,13666
cpu_gpu_cpu_mailbox_rtt,host_steady,3,750,14209
cpu_gpu_cpu_mailbox_rtt,host_steady,3,751,14208
cpu_gpu_cpu_mailbox_rtt,host_steady,3,752,14167
cpu_gpu_cpu_mailbox_rtt,host_steady,3,753,14166
cpu_gpu_cpu_mailbox_rtt,host_steady,3,754,14334
cpu_gpu_cpu_mailbox_rtt,host_steady,3,755,7333
cpu_gpu_cpu_mailbox_rtt,host_steady,3,756,14167
cpu_gpu_cpu_mailbox_rtt,host_steady,3,757,14208
cpu_gpu_cpu_mailbox_rtt,host_steady,3,758,14208
cpu_gpu_cpu_mailbox_rtt,host_steady,3,759,14250
cpu_gpu_cpu_mailbox_rtt,host_steady,3,760,14334
cpu_gpu_cpu_mailbox_rtt,host_steady,3,761,14166
cpu_gpu_cpu_mailbox_rtt,host_steady,3,762,14209
cpu_gpu_cpu_mailbox_rtt,host_steady,3,763,14166
cpu_gpu_cpu_mailbox_rtt,host_steady,3,764,14167
cpu_gpu_cpu_mailbox_rtt,host_steady,3,765,14208
cpu_gpu_cpu_mailbox_rtt,host_steady,3,766,14084
cpu_gpu_cpu_mailbox_rtt,host_steady,3,767,14166
cpu_gpu_cpu_mailbox_rtt,host_steady,3,768,14125
cpu_gpu_cpu_mailbox_rtt,host_steady,3,769,14167
cpu_gpu_cpu_mailbox_rtt,host_steady,3,770,14291
cpu_gpu_cpu_mailbox_rtt,host_steady,3,771,14167
cpu_gpu_cpu_mailbox_rtt,host_steady,3,772,14208
cpu_gpu_cpu_mailbox_rtt,host_steady,3,773,14209
cpu_gpu_cpu_mailbox_rtt,host_steady,3,774,14208
cpu_gpu_cpu_mailbox_rtt,host_steady,3,775,14125
cpu_gpu_cpu_mailbox_rtt,host_steady,3,776,14167
cpu_gpu_cpu_mailbox_rtt,host_steady,3,777,14208
cpu_gpu_cpu_mailbox_rtt,host_steady,3,778,14167
cpu_gpu_cpu_mailbox_rtt,host_steady,3,779,14125
cpu_gpu_cpu_mailbox_rtt,host_steady,3,780,14166
cpu_gpu_cpu_mailbox_rtt,host_steady,3,781,14209
cpu_gpu_cpu_mailbox_rtt,host_steady,3,782,14000
cpu_gpu_cpu_mailbox_rtt,host_steady,3,783,14208
cpu_gpu_cpu_mailbox_rtt,host_steady,3,784,14167
cpu_gpu_cpu_mailbox_rtt,host_steady,3,785,14166
cpu_gpu_cpu_mailbox_rtt,host_steady,3,786,14167
cpu_gpu_cpu_mailbox_rtt,host_steady,3,787,14417
cpu_gpu_cpu_mailbox_rtt,host_steady,3,788,14333
cpu_gpu_cpu_mailbox_rtt,host_steady,3,789,14125
cpu_gpu_cpu_mailbox_rtt,host_steady,3,790,14208
cpu_gpu_cpu_mailbox_rtt,host_steady,3,791,14334
cpu_gpu_cpu_mailbox_rtt,host_steady,3,792,7375
cpu_gpu_cpu_mailbox_rtt,host_steady,3,793,14208
cpu_gpu_cpu_mailbox_rtt,host_steady,3,794,14167
cpu_gpu_cpu_mailbox_rtt,host_steady,3,795,14375
cpu_gpu_cpu_mailbox_rtt,host_steady,3,796,14208
cpu_gpu_cpu_mailbox_rtt,host_steady,3,797,14292
cpu_gpu_cpu_mailbox_rtt,host_steady,3,798,13375
cpu_gpu_cpu_mailbox_rtt,host_steady,3,799,14166
cpu_gpu_cpu_mailbox_rtt,host_steady,3,800,14167
cpu_gpu_cpu_mailbox_rtt,host_steady,3,801,14333
cpu_gpu_cpu_mailbox_rtt,host_steady,3,802,14334
cpu_gpu_cpu_mailbox_rtt,host_steady,3,803,14208
cpu_gpu_cpu_mailbox_rtt,host_steady,3,804,14208
cpu_gpu_cpu_mailbox_rtt,host_steady,3,805,14125
cpu_gpu_cpu_mailbox_rtt,host_steady,3,806,14167
cpu_gpu_cpu_mailbox_rtt,host_steady,3,807,14375
cpu_gpu_cpu_mailbox_rtt,host_steady,3,808,14167
cpu_gpu_cpu_mailbox_rtt,host_steady,3,809,14041
cpu_gpu_cpu_mailbox_rtt,host_steady,3,810,14167
cpu_gpu_cpu_mailbox_rtt,host_steady,3,811,14167
cpu_gpu_cpu_mailbox_rtt,host_steady,3,812,14166
cpu_gpu_cpu_mailbox_rtt,host_steady,3,813,14292
cpu_gpu_cpu_mailbox_rtt,host_steady,3,814,14042
cpu_gpu_cpu_mailbox_rtt,host_steady,3,815,14166
cpu_gpu_cpu_mailbox_rtt,host_steady,3,816,14167
cpu_gpu_cpu_mailbox_rtt,host_steady,3,817,14208
cpu_gpu_cpu_mailbox_rtt,host_steady,3,818,14250
cpu_gpu_cpu_mailbox_rtt,host_steady,3,819,14209
cpu_gpu_cpu_mailbox_rtt,host_steady,3,820,14166
cpu_gpu_cpu_mailbox_rtt,host_steady,3,821,14167
cpu_gpu_cpu_mailbox_rtt,host_steady,3,822,14250
cpu_gpu_cpu_mailbox_rtt,host_steady,3,823,14292
cpu_gpu_cpu_mailbox_rtt,host_steady,3,824,14166
cpu_gpu_cpu_mailbox_rtt,host_steady,3,825,14167
cpu_gpu_cpu_mailbox_rtt,host_steady,3,826,14167
cpu_gpu_cpu_mailbox_rtt,host_steady,3,827,14166
cpu_gpu_cpu_mailbox_rtt,host_steady,3,828,14209
cpu_gpu_cpu_mailbox_rtt,host_steady,3,829,14208
cpu_gpu_cpu_mailbox_rtt,host_steady,3,830,14167
cpu_gpu_cpu_mailbox_rtt,host_steady,3,831,14292
cpu_gpu_cpu_mailbox_rtt,host_steady,3,832,14166
cpu_gpu_cpu_mailbox_rtt,host_steady,3,833,14209
cpu_gpu_cpu_mailbox_rtt,host_steady,3,834,14166
cpu_gpu_cpu_mailbox_rtt,host_steady,3,835,14125
cpu_gpu_cpu_mailbox_rtt,host_steady,3,836,14167
cpu_gpu_cpu_mailbox_rtt,host_steady,3,837,14250
cpu_gpu_cpu_mailbox_rtt,host_steady,3,838,14167
cpu_gpu_cpu_mailbox_rtt,host_steady,3,839,14166
cpu_gpu_cpu_mailbox_rtt,host_steady,3,840,14167
cpu_gpu_cpu_mailbox_rtt,host_steady,3,841,14333
cpu_gpu_cpu_mailbox_rtt,host_steady,3,842,14209
cpu_gpu_cpu_mailbox_rtt,host_steady,3,843,14333
cpu_gpu_cpu_mailbox_rtt,host_steady,3,844,7375
cpu_gpu_cpu_mailbox_rtt,host_steady,3,845,14375
cpu_gpu_cpu_mailbox_rtt,host_steady,3,846,14292
cpu_gpu_cpu_mailbox_rtt,host_steady,3,847,14166
cpu_gpu_cpu_mailbox_rtt,host_steady,3,848,14375
cpu_gpu_cpu_mailbox_rtt,host_steady,3,849,7334
cpu_gpu_cpu_mailbox_rtt,host_steady,3,850,14125
cpu_gpu_cpu_mailbox_rtt,host_steady,3,851,14167
cpu_gpu_cpu_mailbox_rtt,host_steady,3,852,14208
cpu_gpu_cpu_mailbox_rtt,host_steady,3,853,14167
cpu_gpu_cpu_mailbox_rtt,host_steady,3,854,14208
cpu_gpu_cpu_mailbox_rtt,host_steady,3,855,12250
cpu_gpu_cpu_mailbox_rtt,host_steady,3,856,11667
cpu_gpu_cpu_mailbox_rtt,host_steady,3,857,14250
cpu_gpu_cpu_mailbox_rtt,host_steady,3,858,14167
cpu_gpu_cpu_mailbox_rtt,host_steady,3,859,14375
cpu_gpu_cpu_mailbox_rtt,host_steady,3,860,14166
cpu_gpu_cpu_mailbox_rtt,host_steady,3,861,14167
cpu_gpu_cpu_mailbox_rtt,host_steady,3,862,14125
cpu_gpu_cpu_mailbox_rtt,host_steady,3,863,14292
cpu_gpu_cpu_mailbox_rtt,host_steady,3,864,14250
cpu_gpu_cpu_mailbox_rtt,host_steady,3,865,14166
cpu_gpu_cpu_mailbox_rtt,host_steady,3,866,14167
cpu_gpu_cpu_mailbox_rtt,host_steady,3,867,13833
cpu_gpu_cpu_mailbox_rtt,host_steady,3,868,13917
cpu_gpu_cpu_mailbox_rtt,host_steady,3,869,14167
cpu_gpu_cpu_mailbox_rtt,host_steady,3,870,14166
cpu_gpu_cpu_mailbox_rtt,host_steady,3,871,13917
cpu_gpu_cpu_mailbox_rtt,host_steady,3,872,14167
cpu_gpu_cpu_mailbox_rtt,host_steady,3,873,7333
cpu_gpu_cpu_mailbox_rtt,host_steady,3,874,14208
cpu_gpu_cpu_mailbox_rtt,host_steady,3,875,14375
cpu_gpu_cpu_mailbox_rtt,host_steady,3,876,14209
cpu_gpu_cpu_mailbox_rtt,host_steady,3,877,14125
cpu_gpu_cpu_mailbox_rtt,host_steady,3,878,14000
cpu_gpu_cpu_mailbox_rtt,host_steady,3,879,13167
cpu_gpu_cpu_mailbox_rtt,host_steady,3,880,14083
cpu_gpu_cpu_mailbox_rtt,host_steady,3,881,14250
cpu_gpu_cpu_mailbox_rtt,host_steady,3,882,13875
cpu_gpu_cpu_mailbox_rtt,host_steady,3,883,7334
cpu_gpu_cpu_mailbox_rtt,host_steady,3,884,14208
cpu_gpu_cpu_mailbox_rtt,host_steady,3,885,14208
cpu_gpu_cpu_mailbox_rtt,host_steady,3,886,14209
cpu_gpu_cpu_mailbox_rtt,host_steady,3,887,14166
cpu_gpu_cpu_mailbox_rtt,host_steady,3,888,14084
cpu_gpu_cpu_mailbox_rtt,host_steady,3,889,14208
cpu_gpu_cpu_mailbox_rtt,host_steady,3,890,14458
cpu_gpu_cpu_mailbox_rtt,host_steady,3,891,7542
cpu_gpu_cpu_mailbox_rtt,host_steady,3,892,14083
cpu_gpu_cpu_mailbox_rtt,host_steady,3,893,14042
cpu_gpu_cpu_mailbox_rtt,host_steady,3,894,13542
cpu_gpu_cpu_mailbox_rtt,host_steady,3,895,13958
cpu_gpu_cpu_mailbox_rtt,host_steady,3,896,13833
cpu_gpu_cpu_mailbox_rtt,host_steady,3,897,7334
cpu_gpu_cpu_mailbox_rtt,host_steady,3,898,13958
cpu_gpu_cpu_mailbox_rtt,host_steady,3,899,13917
cpu_gpu_cpu_mailbox_rtt,host_steady,3,900,13833
cpu_gpu_cpu_mailbox_rtt,host_steady,3,901,13917
cpu_gpu_cpu_mailbox_rtt,host_steady,3,902,13291
cpu_gpu_cpu_mailbox_rtt,host_steady,3,903,7334
cpu_gpu_cpu_mailbox_rtt,host_steady,3,904,14166
cpu_gpu_cpu_mailbox_rtt,host_steady,3,905,14000
cpu_gpu_cpu_mailbox_rtt,host_steady,3,906,14000
cpu_gpu_cpu_mailbox_rtt,host_steady,3,907,13750
cpu_gpu_cpu_mailbox_rtt,host_steady,3,908,13750
cpu_gpu_cpu_mailbox_rtt,host_steady,3,909,13750
cpu_gpu_cpu_mailbox_rtt,host_steady,3,910,14042
cpu_gpu_cpu_mailbox_rtt,host_steady,3,911,13833
cpu_gpu_cpu_mailbox_rtt,host_steady,3,912,13917
cpu_gpu_cpu_mailbox_rtt,host_steady,3,913,14333
cpu_gpu_cpu_mailbox_rtt,host_steady,3,914,14167
cpu_gpu_cpu_mailbox_rtt,host_steady,3,915,13750
cpu_gpu_cpu_mailbox_rtt,host_steady,3,916,14125
cpu_gpu_cpu_mailbox_rtt,host_steady,3,917,13166
cpu_gpu_cpu_mailbox_rtt,host_steady,3,918,13875
cpu_gpu_cpu_mailbox_rtt,host_steady,3,919,13917
cpu_gpu_cpu_mailbox_rtt,host_steady,3,920,13791
cpu_gpu_cpu_mailbox_rtt,host_steady,3,921,13292
cpu_gpu_cpu_mailbox_rtt,host_steady,3,922,14042
cpu_gpu_cpu_mailbox_rtt,host_steady,3,923,14041
cpu_gpu_cpu_mailbox_rtt,host_steady,3,924,6959
cpu_gpu_cpu_mailbox_rtt,host_steady,3,925,13750
cpu_gpu_cpu_mailbox_rtt,host_steady,3,926,12875
cpu_gpu_cpu_mailbox_rtt,host_steady,3,927,13750
cpu_gpu_cpu_mailbox_rtt,host_steady,3,928,13750
cpu_gpu_cpu_mailbox_rtt,host_steady,3,929,13667
cpu_gpu_cpu_mailbox_rtt,host_steady,3,930,13208
cpu_gpu_cpu_mailbox_rtt,host_steady,3,931,13750
cpu_gpu_cpu_mailbox_rtt,host_steady,3,932,14084
cpu_gpu_cpu_mailbox_rtt,host_steady,3,933,13791
cpu_gpu_cpu_mailbox_rtt,host_steady,3,934,13875
cpu_gpu_cpu_mailbox_rtt,host_steady,3,935,13834
cpu_gpu_cpu_mailbox_rtt,host_steady,3,936,13792
cpu_gpu_cpu_mailbox_rtt,host_steady,3,937,13833
cpu_gpu_cpu_mailbox_rtt,host_steady,3,938,13709
cpu_gpu_cpu_mailbox_rtt,host_steady,3,939,13583
cpu_gpu_cpu_mailbox_rtt,host_steady,3,940,14042
cpu_gpu_cpu_mailbox_rtt,host_steady,3,941,14083
cpu_gpu_cpu_mailbox_rtt,host_steady,3,942,13833
cpu_gpu_cpu_mailbox_rtt,host_steady,3,943,14417
cpu_gpu_cpu_mailbox_rtt,host_steady,3,944,7125
cpu_gpu_cpu_mailbox_rtt,host_steady,3,945,13792
cpu_gpu_cpu_mailbox_rtt,host_steady,3,946,7083
cpu_gpu_cpu_mailbox_rtt,host_steady,3,947,12917
cpu_gpu_cpu_mailbox_rtt,host_steady,3,948,13416
cpu_gpu_cpu_mailbox_rtt,host_steady,3,949,14042
cpu_gpu_cpu_mailbox_rtt,host_steady,3,950,12958
cpu_gpu_cpu_mailbox_rtt,host_steady,3,951,13959
cpu_gpu_cpu_mailbox_rtt,host_steady,3,952,13958
cpu_gpu_cpu_mailbox_rtt,host_steady,3,953,13833
cpu_gpu_cpu_mailbox_rtt,host_steady,3,954,14167
cpu_gpu_cpu_mailbox_rtt,host_steady,3,955,14292
cpu_gpu_cpu_mailbox_rtt,host_steady,3,956,7292
cpu_gpu_cpu_mailbox_rtt,host_steady,3,957,14167
cpu_gpu_cpu_mailbox_rtt,host_steady,3,958,14166
cpu_gpu_cpu_mailbox_rtt,host_steady,3,959,14167
cpu_gpu_cpu_mailbox_rtt,host_steady,3,960,14167
cpu_gpu_cpu_mailbox_rtt,host_steady,3,961,14208
cpu_gpu_cpu_mailbox_rtt,host_steady,3,962,14167
cpu_gpu_cpu_mailbox_rtt,host_steady,3,963,14166
cpu_gpu_cpu_mailbox_rtt,host_steady,3,964,13334
cpu_gpu_cpu_mailbox_rtt,host_steady,3,965,14166
cpu_gpu_cpu_mailbox_rtt,host_steady,3,966,14209
cpu_gpu_cpu_mailbox_rtt,host_steady,3,967,14166
cpu_gpu_cpu_mailbox_rtt,host_steady,3,968,13292
cpu_gpu_cpu_mailbox_rtt,host_steady,3,969,12208
cpu_gpu_cpu_mailbox_rtt,host_steady,3,970,14209
cpu_gpu_cpu_mailbox_rtt,host_steady,3,971,14166
cpu_gpu_cpu_mailbox_rtt,host_steady,3,972,14209
cpu_gpu_cpu_mailbox_rtt,host_steady,3,973,14041
cpu_gpu_cpu_mailbox_rtt,host_steady,3,974,14167
cpu_gpu_cpu_mailbox_rtt,host_steady,3,975,14375
cpu_gpu_cpu_mailbox_rtt,host_steady,3,976,7333
cpu_gpu_cpu_mailbox_rtt,host_steady,3,977,14375
cpu_gpu_cpu_mailbox_rtt,host_steady,3,978,7334
cpu_gpu_cpu_mailbox_rtt,host_steady,3,979,14166
cpu_gpu_cpu_mailbox_rtt,host_steady,3,980,14125
cpu_gpu_cpu_mailbox_rtt,host_steady,3,981,13417
cpu_gpu_cpu_mailbox_rtt,host_steady,3,982,14208
cpu_gpu_cpu_mailbox_rtt,host_steady,3,983,14334
cpu_gpu_cpu_mailbox_rtt,host_steady,3,984,7291
cpu_gpu_cpu_mailbox_rtt,host_steady,3,985,14125
cpu_gpu_cpu_mailbox_rtt,host_steady,3,986,14333
cpu_gpu_cpu_mailbox_rtt,host_steady,3,987,14334
cpu_gpu_cpu_mailbox_rtt,host_steady,3,988,14166
cpu_gpu_cpu_mailbox_rtt,host_steady,3,989,14167
cpu_gpu_cpu_mailbox_rtt,host_steady,3,990,14333
cpu_gpu_cpu_mailbox_rtt,host_steady,3,991,14334
cpu_gpu_cpu_mailbox_rtt,host_steady,3,992,14166
cpu_gpu_cpu_mailbox_rtt,host_steady,3,993,14209
cpu_gpu_cpu_mailbox_rtt,host_steady,3,994,14166
cpu_gpu_cpu_mailbox_rtt,host_steady,3,995,14125
cpu_gpu_cpu_mailbox_rtt,host_steady,3,996,14209
cpu_gpu_cpu_mailbox_rtt,host_steady,3,997,14166
cpu_gpu_cpu_mailbox_rtt,host_steady,3,998,14125
cpu_gpu_cpu_mailbox_rtt,host_steady,3,999,14209
cpu_gpu_cpu_mailbox_rtt,host_steady,3,1000,14166
cpu_gpu_cpu_mailbox_rtt,host_steady,3,1001,14167
cpu_gpu_cpu_mailbox_rtt,host_steady,3,1002,14167
cpu_gpu_cpu_mailbox_rtt,host_steady,3,1003,14291
cpu_gpu_cpu_mailbox_rtt,host_steady,3,1004,14209
cpu_gpu_cpu_mailbox_rtt,host_steady,3,1005,14375
cpu_gpu_cpu_mailbox_rtt,host_steady,3,1006,7291
cpu_gpu_cpu_mailbox_rtt,host_steady,3,1007,14334
cpu_gpu_cpu_mailbox_rtt,host_steady,3,1008,14375
cpu_gpu_cpu_mailbox_rtt,host_steady,3,1009,14208
cpu_gpu_cpu_mailbox_rtt,host_steady,3,1010,14167
cpu_gpu_cpu_mailbox_rtt,host_steady,3,1011,14166
cpu_gpu_cpu_mailbox_rtt,host_steady,3,1012,14167
cpu_gpu_cpu_mailbox_rtt,host_steady,3,1013,14167
cpu_gpu_cpu_mailbox_rtt,host_steady,3,1014,14250
cpu_gpu_cpu_mailbox_rtt,host_steady,3,1015,14208
cpu_gpu_cpu_mailbox_rtt,host_steady,3,1016,14458
cpu_gpu_cpu_mailbox_rtt,host_steady,3,1017,7334
cpu_gpu_cpu_mailbox_rtt,host_steady,3,1018,14166
cpu_gpu_cpu_mailbox_rtt,host_steady,3,1019,14334
cpu_gpu_cpu_mailbox_rtt,host_steady,3,1020,14166
cpu_gpu_cpu_mailbox_rtt,host_steady,3,1021,14250
cpu_gpu_cpu_mailbox_rtt,host_steady,3,1022,14375
cpu_gpu_cpu_mailbox_rtt,host_steady,3,1023,14542
gpu_cpu_gpu_mailbox_rtt,gpu_agent,1,0,4160
gpu_cpu_gpu_mailbox_rtt,gpu_agent,1,1,10680
gpu_cpu_gpu_mailbox_rtt,gpu_agent,1,2,10680
gpu_cpu_gpu_mailbox_rtt,gpu_agent,1,3,10720
gpu_cpu_gpu_mailbox_rtt,gpu_agent,1,4,10520
gpu_cpu_gpu_mailbox_rtt,gpu_agent,1,5,10720
gpu_cpu_gpu_mailbox_rtt,gpu_agent,1,6,10680
gpu_cpu_gpu_mailbox_rtt,gpu_agent,1,7,10720
gpu_cpu_gpu_mailbox_rtt,gpu_agent,1,8,10640
gpu_cpu_gpu_mailbox_rtt,gpu_agent,1,9,10760
gpu_cpu_gpu_mailbox_rtt,gpu_agent,1,10,10640
gpu_cpu_gpu_mailbox_rtt,gpu_agent,1,11,10720
gpu_cpu_gpu_mailbox_rtt,gpu_agent,1,12,10680
gpu_cpu_gpu_mailbox_rtt,gpu_agent,1,13,10680
gpu_cpu_gpu_mailbox_rtt,gpu_agent,1,14,10440
gpu_cpu_gpu_mailbox_rtt,gpu_agent,1,15,10680
gpu_cpu_gpu_mailbox_rtt,gpu_agent,1,16,10680
gpu_cpu_gpu_mailbox_rtt,gpu_agent,1,17,10720
gpu_cpu_gpu_mailbox_rtt,gpu_agent,1,18,10680
gpu_cpu_gpu_mailbox_rtt,gpu_agent,1,19,10680
gpu_cpu_gpu_mailbox_rtt,gpu_agent,1,20,9960
gpu_cpu_gpu_mailbox_rtt,gpu_agent,1,21,10680
gpu_cpu_gpu_mailbox_rtt,gpu_agent,1,22,10680
gpu_cpu_gpu_mailbox_rtt,gpu_agent,1,23,10640
gpu_cpu_gpu_mailbox_rtt,gpu_agent,1,24,10680
gpu_cpu_gpu_mailbox_rtt,gpu_agent,1,25,10680
gpu_cpu_gpu_mailbox_rtt,gpu_agent,1,26,10680
gpu_cpu_gpu_mailbox_rtt,gpu_agent,1,27,10680
gpu_cpu_gpu_mailbox_rtt,gpu_agent,1,28,10680
gpu_cpu_gpu_mailbox_rtt,gpu_agent,1,29,10800
gpu_cpu_gpu_mailbox_rtt,gpu_agent,1,30,10720
gpu_cpu_gpu_mailbox_rtt,gpu_agent,1,31,10480
gpu_cpu_gpu_mailbox_rtt,gpu_agent,1,32,10680
gpu_cpu_gpu_mailbox_rtt,gpu_agent,1,33,10680
gpu_cpu_gpu_mailbox_rtt,gpu_agent,1,34,10680
gpu_cpu_gpu_mailbox_rtt,gpu_agent,1,35,10680
gpu_cpu_gpu_mailbox_rtt,gpu_agent,1,36,10680
gpu_cpu_gpu_mailbox_rtt,gpu_agent,1,37,10600
gpu_cpu_gpu_mailbox_rtt,gpu_agent,1,38,10680
gpu_cpu_gpu_mailbox_rtt,gpu_agent,1,39,4160
gpu_cpu_gpu_mailbox_rtt,gpu_agent,1,40,10680
gpu_cpu_gpu_mailbox_rtt,gpu_agent,1,41,11000
gpu_cpu_gpu_mailbox_rtt,gpu_agent,1,42,10680
gpu_cpu_gpu_mailbox_rtt,gpu_agent,1,43,10680
gpu_cpu_gpu_mailbox_rtt,gpu_agent,1,44,10680
gpu_cpu_gpu_mailbox_rtt,gpu_agent,1,45,10640
gpu_cpu_gpu_mailbox_rtt,gpu_agent,1,46,4160
gpu_cpu_gpu_mailbox_rtt,gpu_agent,1,47,4200
gpu_cpu_gpu_mailbox_rtt,gpu_agent,1,48,10680
gpu_cpu_gpu_mailbox_rtt,gpu_agent,1,49,10680
gpu_cpu_gpu_mailbox_rtt,gpu_agent,1,50,10640
gpu_cpu_gpu_mailbox_rtt,gpu_agent,1,51,10680
gpu_cpu_gpu_mailbox_rtt,gpu_agent,1,52,4120
gpu_cpu_gpu_mailbox_rtt,gpu_agent,1,53,10720
gpu_cpu_gpu_mailbox_rtt,gpu_agent,1,54,10760
gpu_cpu_gpu_mailbox_rtt,gpu_agent,1,55,10720
gpu_cpu_gpu_mailbox_rtt,gpu_agent,1,56,10640
gpu_cpu_gpu_mailbox_rtt,gpu_agent,1,57,10720
gpu_cpu_gpu_mailbox_rtt,gpu_agent,1,58,10680
gpu_cpu_gpu_mailbox_rtt,gpu_agent,1,59,10680
gpu_cpu_gpu_mailbox_rtt,gpu_agent,1,60,10680
gpu_cpu_gpu_mailbox_rtt,gpu_agent,1,61,4200
gpu_cpu_gpu_mailbox_rtt,gpu_agent,1,62,10760
gpu_cpu_gpu_mailbox_rtt,gpu_agent,1,63,10720
gpu_cpu_gpu_mailbox_rtt,gpu_agent,1,64,10680
gpu_cpu_gpu_mailbox_rtt,gpu_agent,1,65,10680
gpu_cpu_gpu_mailbox_rtt,gpu_agent,1,66,10720
gpu_cpu_gpu_mailbox_rtt,gpu_agent,1,67,10440
gpu_cpu_gpu_mailbox_rtt,gpu_agent,1,68,10680
gpu_cpu_gpu_mailbox_rtt,gpu_agent,1,69,10720
gpu_cpu_gpu_mailbox_rtt,gpu_agent,1,70,10680
gpu_cpu_gpu_mailbox_rtt,gpu_agent,1,71,10680
gpu_cpu_gpu_mailbox_rtt,gpu_agent,1,72,10760
gpu_cpu_gpu_mailbox_rtt,gpu_agent,1,73,10720
gpu_cpu_gpu_mailbox_rtt,gpu_agent,1,74,10680
gpu_cpu_gpu_mailbox_rtt,gpu_agent,1,75,4200
gpu_cpu_gpu_mailbox_rtt,gpu_agent,1,76,10680
gpu_cpu_gpu_mailbox_rtt,gpu_agent,1,77,10680
gpu_cpu_gpu_mailbox_rtt,gpu_agent,1,78,10680
gpu_cpu_gpu_mailbox_rtt,gpu_agent,1,79,10560
gpu_cpu_gpu_mailbox_rtt,gpu_agent,1,80,10680
gpu_cpu_gpu_mailbox_rtt,gpu_agent,1,81,10680
gpu_cpu_gpu_mailbox_rtt,gpu_agent,1,82,10800
gpu_cpu_gpu_mailbox_rtt,gpu_agent,1,83,10680
gpu_cpu_gpu_mailbox_rtt,gpu_agent,1,84,10680
gpu_cpu_gpu_mailbox_rtt,gpu_agent,1,85,10640
gpu_cpu_gpu_mailbox_rtt,gpu_agent,1,86,4120
gpu_cpu_gpu_mailbox_rtt,gpu_agent,1,87,9880
gpu_cpu_gpu_mailbox_rtt,gpu_agent,1,88,10720
gpu_cpu_gpu_mailbox_rtt,gpu_agent,1,89,10680
gpu_cpu_gpu_mailbox_rtt,gpu_agent,1,90,10680
gpu_cpu_gpu_mailbox_rtt,gpu_agent,1,91,10520
gpu_cpu_gpu_mailbox_rtt,gpu_agent,1,92,10520
gpu_cpu_gpu_mailbox_rtt,gpu_agent,1,93,4080
gpu_cpu_gpu_mailbox_rtt,gpu_agent,1,94,4120
gpu_cpu_gpu_mailbox_rtt,gpu_agent,1,95,10680
gpu_cpu_gpu_mailbox_rtt,gpu_agent,1,96,10720
gpu_cpu_gpu_mailbox_rtt,gpu_agent,1,97,10520
gpu_cpu_gpu_mailbox_rtt,gpu_agent,1,98,10680
gpu_cpu_gpu_mailbox_rtt,gpu_agent,1,99,10680
gpu_cpu_gpu_mailbox_rtt,gpu_agent,1,100,10680
gpu_cpu_gpu_mailbox_rtt,gpu_agent,1,101,10680
gpu_cpu_gpu_mailbox_rtt,gpu_agent,1,102,10520
gpu_cpu_gpu_mailbox_rtt,gpu_agent,1,103,4000
gpu_cpu_gpu_mailbox_rtt,gpu_agent,1,104,4120
gpu_cpu_gpu_mailbox_rtt,gpu_agent,1,105,10600
gpu_cpu_gpu_mailbox_rtt,gpu_agent,1,106,10720
gpu_cpu_gpu_mailbox_rtt,gpu_agent,1,107,7920
gpu_cpu_gpu_mailbox_rtt,gpu_agent,1,108,10640
gpu_cpu_gpu_mailbox_rtt,gpu_agent,1,109,10680
gpu_cpu_gpu_mailbox_rtt,gpu_agent,1,110,10480
gpu_cpu_gpu_mailbox_rtt,gpu_agent,1,111,10680
gpu_cpu_gpu_mailbox_rtt,gpu_agent,1,112,10640
gpu_cpu_gpu_mailbox_rtt,gpu_agent,1,113,10640
gpu_cpu_gpu_mailbox_rtt,gpu_agent,1,114,10760
gpu_cpu_gpu_mailbox_rtt,gpu_agent,1,115,10680
gpu_cpu_gpu_mailbox_rtt,gpu_agent,1,116,10720
gpu_cpu_gpu_mailbox_rtt,gpu_agent,1,117,10680
gpu_cpu_gpu_mailbox_rtt,gpu_agent,1,118,10680
gpu_cpu_gpu_mailbox_rtt,gpu_agent,1,119,10640
gpu_cpu_gpu_mailbox_rtt,gpu_agent,1,120,10680
gpu_cpu_gpu_mailbox_rtt,gpu_agent,1,121,10480
gpu_cpu_gpu_mailbox_rtt,gpu_agent,1,122,10680
gpu_cpu_gpu_mailbox_rtt,gpu_agent,1,123,10840
gpu_cpu_gpu_mailbox_rtt,gpu_agent,1,124,10760
gpu_cpu_gpu_mailbox_rtt,gpu_agent,1,125,10680
gpu_cpu_gpu_mailbox_rtt,gpu_agent,1,126,10720
gpu_cpu_gpu_mailbox_rtt,gpu_agent,1,127,10680
gpu_cpu_gpu_mailbox_rtt,gpu_agent,1,128,11000
gpu_cpu_gpu_mailbox_rtt,gpu_agent,1,129,4160
gpu_cpu_gpu_mailbox_rtt,gpu_agent,1,130,10680
gpu_cpu_gpu_mailbox_rtt,gpu_agent,1,131,10680
gpu_cpu_gpu_mailbox_rtt,gpu_agent,1,132,10680
gpu_cpu_gpu_mailbox_rtt,gpu_agent,1,133,10680
gpu_cpu_gpu_mailbox_rtt,gpu_agent,1,134,4160
gpu_cpu_gpu_mailbox_rtt,gpu_agent,1,135,10680
gpu_cpu_gpu_mailbox_rtt,gpu_agent,1,136,11040
gpu_cpu_gpu_mailbox_rtt,gpu_agent,1,137,4240
gpu_cpu_gpu_mailbox_rtt,gpu_agent,1,138,10680
gpu_cpu_gpu_mailbox_rtt,gpu_agent,1,139,10680
gpu_cpu_gpu_mailbox_rtt,gpu_agent,1,140,10680
gpu_cpu_gpu_mailbox_rtt,gpu_agent,1,141,10720
gpu_cpu_gpu_mailbox_rtt,gpu_agent,1,142,10680
gpu_cpu_gpu_mailbox_rtt,gpu_agent,1,143,10640
gpu_cpu_gpu_mailbox_rtt,gpu_agent,1,144,10680
gpu_cpu_gpu_mailbox_rtt,gpu_agent,1,145,10680
gpu_cpu_gpu_mailbox_rtt,gpu_agent,1,146,10360
gpu_cpu_gpu_mailbox_rtt,gpu_agent,1,147,4080
gpu_cpu_gpu_mailbox_rtt,gpu_agent,1,148,10720
gpu_cpu_gpu_mailbox_rtt,gpu_agent,1,149,10640
gpu_cpu_gpu_mailbox_rtt,gpu_agent,1,150,10680
gpu_cpu_gpu_mailbox_rtt,gpu_agent,1,151,10640
gpu_cpu_gpu_mailbox_rtt,gpu_agent,1,152,10680
gpu_cpu_gpu_mailbox_rtt,gpu_agent,1,153,4280
gpu_cpu_gpu_mailbox_rtt,gpu_agent,1,154,10680
gpu_cpu_gpu_mailbox_rtt,gpu_agent,1,155,10600
gpu_cpu_gpu_mailbox_rtt,gpu_agent,1,156,10480
gpu_cpu_gpu_mailbox_rtt,gpu_agent,1,157,10680
gpu_cpu_gpu_mailbox_rtt,gpu_agent,1,158,10720
gpu_cpu_gpu_mailbox_rtt,gpu_agent,1,159,10760
gpu_cpu_gpu_mailbox_rtt,gpu_agent,1,160,10680
gpu_cpu_gpu_mailbox_rtt,gpu_agent,1,161,10720
gpu_cpu_gpu_mailbox_rtt,gpu_agent,1,162,10680
gpu_cpu_gpu_mailbox_rtt,gpu_agent,1,163,10680
gpu_cpu_gpu_mailbox_rtt,gpu_agent,1,164,10640
gpu_cpu_gpu_mailbox_rtt,gpu_agent,1,165,10760
gpu_cpu_gpu_mailbox_rtt,gpu_agent,1,166,10680
gpu_cpu_gpu_mailbox_rtt,gpu_agent,1,167,10800
gpu_cpu_gpu_mailbox_rtt,gpu_agent,1,168,10680
gpu_cpu_gpu_mailbox_rtt,gpu_agent,1,169,10680
gpu_cpu_gpu_mailbox_rtt,gpu_agent,1,170,10680
gpu_cpu_gpu_mailbox_rtt,gpu_agent,1,171,10720
gpu_cpu_gpu_mailbox_rtt,gpu_agent,1,172,10640
gpu_cpu_gpu_mailbox_rtt,gpu_agent,1,173,10680
gpu_cpu_gpu_mailbox_rtt,gpu_agent,1,174,10680
gpu_cpu_gpu_mailbox_rtt,gpu_agent,1,175,10720
gpu_cpu_gpu_mailbox_rtt,gpu_agent,1,176,17760
gpu_cpu_gpu_mailbox_rtt,gpu_agent,1,177,4160
gpu_cpu_gpu_mailbox_rtt,gpu_agent,1,178,10680
gpu_cpu_gpu_mailbox_rtt,gpu_agent,1,179,10720
gpu_cpu_gpu_mailbox_rtt,gpu_agent,1,180,10680
gpu_cpu_gpu_mailbox_rtt,gpu_agent,1,181,10680
gpu_cpu_gpu_mailbox_rtt,gpu_agent,1,182,10680
gpu_cpu_gpu_mailbox_rtt,gpu_agent,1,183,10680
gpu_cpu_gpu_mailbox_rtt,gpu_agent,1,184,10680
gpu_cpu_gpu_mailbox_rtt,gpu_agent,1,185,10680
gpu_cpu_gpu_mailbox_rtt,gpu_agent,1,186,10640
gpu_cpu_gpu_mailbox_rtt,gpu_agent,1,187,10720
gpu_cpu_gpu_mailbox_rtt,gpu_agent,1,188,10680
gpu_cpu_gpu_mailbox_rtt,gpu_agent,1,189,4200
gpu_cpu_gpu_mailbox_rtt,gpu_agent,1,190,10680
gpu_cpu_gpu_mailbox_rtt,gpu_agent,1,191,10680
gpu_cpu_gpu_mailbox_rtt,gpu_agent,1,192,10680
gpu_cpu_gpu_mailbox_rtt,gpu_agent,1,193,10680
gpu_cpu_gpu_mailbox_rtt,gpu_agent,1,194,10720
gpu_cpu_gpu_mailbox_rtt,gpu_agent,1,195,10680
gpu_cpu_gpu_mailbox_rtt,gpu_agent,1,196,10680
gpu_cpu_gpu_mailbox_rtt,gpu_agent,1,197,10720
gpu_cpu_gpu_mailbox_rtt,gpu_agent,1,198,4200
gpu_cpu_gpu_mailbox_rtt,gpu_agent,1,199,10680
gpu_cpu_gpu_mailbox_rtt,gpu_agent,1,200,10680
gpu_cpu_gpu_mailbox_rtt,gpu_agent,1,201,10680
gpu_cpu_gpu_mailbox_rtt,gpu_agent,1,202,10680
gpu_cpu_gpu_mailbox_rtt,gpu_agent,1,203,10720
gpu_cpu_gpu_mailbox_rtt,gpu_agent,1,204,10680
gpu_cpu_gpu_mailbox_rtt,gpu_agent,1,205,10680
gpu_cpu_gpu_mailbox_rtt,gpu_agent,1,206,10720
gpu_cpu_gpu_mailbox_rtt,gpu_agent,1,207,10640
gpu_cpu_gpu_mailbox_rtt,gpu_agent,1,208,10680
gpu_cpu_gpu_mailbox_rtt,gpu_agent,1,209,10680
gpu_cpu_gpu_mailbox_rtt,gpu_agent,1,210,10640
gpu_cpu_gpu_mailbox_rtt,gpu_agent,1,211,10720
gpu_cpu_gpu_mailbox_rtt,gpu_agent,1,212,10680
gpu_cpu_gpu_mailbox_rtt,gpu_agent,1,213,10680
gpu_cpu_gpu_mailbox_rtt,gpu_agent,1,214,10720
gpu_cpu_gpu_mailbox_rtt,gpu_agent,1,215,10680
gpu_cpu_gpu_mailbox_rtt,gpu_agent,1,216,10840
gpu_cpu_gpu_mailbox_rtt,gpu_agent,1,217,4160
gpu_cpu_gpu_mailbox_rtt,gpu_agent,1,218,4200
gpu_cpu_gpu_mailbox_rtt,gpu_agent,1,219,7920
gpu_cpu_gpu_mailbox_rtt,gpu_agent,1,220,10680
gpu_cpu_gpu_mailbox_rtt,gpu_agent,1,221,10480
gpu_cpu_gpu_mailbox_rtt,gpu_agent,1,222,10680
gpu_cpu_gpu_mailbox_rtt,gpu_agent,1,223,10720
gpu_cpu_gpu_mailbox_rtt,gpu_agent,1,224,11160
gpu_cpu_gpu_mailbox_rtt,gpu_agent,1,225,11120
gpu_cpu_gpu_mailbox_rtt,gpu_agent,1,226,11080
gpu_cpu_gpu_mailbox_rtt,gpu_agent,1,227,10800
gpu_cpu_gpu_mailbox_rtt,gpu_agent,1,228,10800
gpu_cpu_gpu_mailbox_rtt,gpu_agent,1,229,4240
gpu_cpu_gpu_mailbox_rtt,gpu_agent,1,230,11120
gpu_cpu_gpu_mailbox_rtt,gpu_agent,1,231,4200
gpu_cpu_gpu_mailbox_rtt,gpu_agent,1,232,11120
gpu_cpu_gpu_mailbox_rtt,gpu_agent,1,233,4200
gpu_cpu_gpu_mailbox_rtt,gpu_agent,1,234,11080
gpu_cpu_gpu_mailbox_rtt,gpu_agent,1,235,11160
gpu_cpu_gpu_mailbox_rtt,gpu_agent,1,236,11120
gpu_cpu_gpu_mailbox_rtt,gpu_agent,1,237,11160
gpu_cpu_gpu_mailbox_rtt,gpu_agent,1,238,10280
gpu_cpu_gpu_mailbox_rtt,gpu_agent,1,239,4240
gpu_cpu_gpu_mailbox_rtt,gpu_agent,1,240,11120
gpu_cpu_gpu_mailbox_rtt,gpu_agent,1,241,4240
gpu_cpu_gpu_mailbox_rtt,gpu_agent,1,242,11080
gpu_cpu_gpu_mailbox_rtt,gpu_agent,1,243,4240
gpu_cpu_gpu_mailbox_rtt,gpu_agent,1,244,11080
gpu_cpu_gpu_mailbox_rtt,gpu_agent,1,245,4200
gpu_cpu_gpu_mailbox_rtt,gpu_agent,1,246,11080
gpu_cpu_gpu_mailbox_rtt,gpu_agent,1,247,11160
gpu_cpu_gpu_mailbox_rtt,gpu_agent,1,248,4200
gpu_cpu_gpu_mailbox_rtt,gpu_agent,1,249,17680
gpu_cpu_gpu_mailbox_rtt,gpu_agent,1,250,10800
gpu_cpu_gpu_mailbox_rtt,gpu_agent,1,251,4200
gpu_cpu_gpu_mailbox_rtt,gpu_agent,1,252,11120
gpu_cpu_gpu_mailbox_rtt,gpu_agent,1,253,4200
gpu_cpu_gpu_mailbox_rtt,gpu_agent,1,254,10680
gpu_cpu_gpu_mailbox_rtt,gpu_agent,1,255,11120
gpu_cpu_gpu_mailbox_rtt,gpu_agent,1,256,11160
gpu_cpu_gpu_mailbox_rtt,gpu_agent,1,257,4200
gpu_cpu_gpu_mailbox_rtt,gpu_agent,1,258,11080
gpu_cpu_gpu_mailbox_rtt,gpu_agent,1,259,4200
gpu_cpu_gpu_mailbox_rtt,gpu_agent,1,260,11080
gpu_cpu_gpu_mailbox_rtt,gpu_agent,1,261,11120
gpu_cpu_gpu_mailbox_rtt,gpu_agent,1,262,4200
gpu_cpu_gpu_mailbox_rtt,gpu_agent,1,263,11080
gpu_cpu_gpu_mailbox_rtt,gpu_agent,1,264,10880
gpu_cpu_gpu_mailbox_rtt,gpu_agent,1,265,10720
gpu_cpu_gpu_mailbox_rtt,gpu_agent,1,266,4200
gpu_cpu_gpu_mailbox_rtt,gpu_agent,1,267,10760
gpu_cpu_gpu_mailbox_rtt,gpu_agent,1,268,4200
gpu_cpu_gpu_mailbox_rtt,gpu_agent,1,269,4200
gpu_cpu_gpu_mailbox_rtt,gpu_agent,1,270,11080
gpu_cpu_gpu_mailbox_rtt,gpu_agent,1,271,4200
gpu_cpu_gpu_mailbox_rtt,gpu_agent,1,272,4240
gpu_cpu_gpu_mailbox_rtt,gpu_agent,1,273,11080
gpu_cpu_gpu_mailbox_rtt,gpu_agent,1,274,4200
gpu_cpu_gpu_mailbox_rtt,gpu_agent,1,275,11120
gpu_cpu_gpu_mailbox_rtt,gpu_agent,1,276,11120
gpu_cpu_gpu_mailbox_rtt,gpu_agent,1,277,4200
gpu_cpu_gpu_mailbox_rtt,gpu_agent,1,278,11080
gpu_cpu_gpu_mailbox_rtt,gpu_agent,1,279,4240
gpu_cpu_gpu_mailbox_rtt,gpu_agent,1,280,11120
gpu_cpu_gpu_mailbox_rtt,gpu_agent,1,281,4200
gpu_cpu_gpu_mailbox_rtt,gpu_agent,1,282,10760
gpu_cpu_gpu_mailbox_rtt,gpu_agent,1,283,4240
gpu_cpu_gpu_mailbox_rtt,gpu_agent,1,284,11080
gpu_cpu_gpu_mailbox_rtt,gpu_agent,1,285,4200
gpu_cpu_gpu_mailbox_rtt,gpu_agent,1,286,11160
gpu_cpu_gpu_mailbox_rtt,gpu_agent,1,287,4200
gpu_cpu_gpu_mailbox_rtt,gpu_agent,1,288,11120
gpu_cpu_gpu_mailbox_rtt,gpu_agent,1,289,4280
gpu_cpu_gpu_mailbox_rtt,gpu_agent,1,290,4280
gpu_cpu_gpu_mailbox_rtt,gpu_agent,1,291,11200
gpu_cpu_gpu_mailbox_rtt,gpu_agent,1,292,4200
gpu_cpu_gpu_mailbox_rtt,gpu_agent,1,293,17720
gpu_cpu_gpu_mailbox_rtt,gpu_agent,1,294,11200
gpu_cpu_gpu_mailbox_rtt,gpu_agent,1,295,10800
gpu_cpu_gpu_mailbox_rtt,gpu_agent,1,296,10120
gpu_cpu_gpu_mailbox_rtt,gpu_agent,1,297,4200
gpu_cpu_gpu_mailbox_rtt,gpu_agent,1,298,11160
gpu_cpu_gpu_mailbox_rtt,gpu_agent,1,299,4160
gpu_cpu_gpu_mailbox_rtt,gpu_agent,1,300,11120
gpu_cpu_gpu_mailbox_rtt,gpu_agent,1,301,4160
gpu_cpu_gpu_mailbox_rtt,gpu_agent,1,302,10720
gpu_cpu_gpu_mailbox_rtt,gpu_agent,1,303,4240
gpu_cpu_gpu_mailbox_rtt,gpu_agent,1,304,10680
gpu_cpu_gpu_mailbox_rtt,gpu_agent,1,305,11120
gpu_cpu_gpu_mailbox_rtt,gpu_agent,1,306,4200
gpu_cpu_gpu_mailbox_rtt,gpu_agent,1,307,11120
gpu_cpu_gpu_mailbox_rtt,gpu_agent,1,308,17920
gpu_cpu_gpu_mailbox_rtt,gpu_agent,1,309,10680
gpu_cpu_gpu_mailbox_rtt,gpu_agent,1,310,11080
gpu_cpu_gpu_mailbox_rtt,gpu_agent,1,311,4200
gpu_cpu_gpu_mailbox_rtt,gpu_agent,1,312,11080
gpu_cpu_gpu_mailbox_rtt,gpu_agent,1,313,4200
gpu_cpu_gpu_mailbox_rtt,gpu_agent,1,314,11120
gpu_cpu_gpu_mailbox_rtt,gpu_agent,1,315,11080
gpu_cpu_gpu_mailbox_rtt,gpu_agent,1,316,11160
gpu_cpu_gpu_mailbox_rtt,gpu_agent,1,317,4240
gpu_cpu_gpu_mailbox_rtt,gpu_agent,1,318,11080
gpu_cpu_gpu_mailbox_rtt,gpu_agent,1,319,4200
gpu_cpu_gpu_mailbox_rtt,gpu_agent,1,320,11120
gpu_cpu_gpu_mailbox_rtt,gpu_agent,1,321,4200
gpu_cpu_gpu_mailbox_rtt,gpu_agent,1,322,4200
gpu_cpu_gpu_mailbox_rtt,gpu_agent,1,323,11040
gpu_cpu_gpu_mailbox_rtt,gpu_agent,1,324,10760
gpu_cpu_gpu_mailbox_rtt,gpu_agent,1,325,4200
gpu_cpu_gpu_mailbox_rtt,gpu_agent,1,326,11120
gpu_cpu_gpu_mailbox_rtt,gpu_agent,1,327,4200
gpu_cpu_gpu_mailbox_rtt,gpu_agent,1,328,11120
gpu_cpu_gpu_mailbox_rtt,gpu_agent,1,329,4240
gpu_cpu_gpu_mailbox_rtt,gpu_agent,1,330,11120
gpu_cpu_gpu_mailbox_rtt,gpu_agent,1,331,4240
gpu_cpu_gpu_mailbox_rtt,gpu_agent,1,332,11120
gpu_cpu_gpu_mailbox_rtt,gpu_agent,1,333,11160
gpu_cpu_gpu_mailbox_rtt,gpu_agent,1,334,4200
gpu_cpu_gpu_mailbox_rtt,gpu_agent,1,335,17680
gpu_cpu_gpu_mailbox_rtt,gpu_agent,1,336,10640
gpu_cpu_gpu_mailbox_rtt,gpu_agent,1,337,10800
gpu_cpu_gpu_mailbox_rtt,gpu_agent,1,338,4200
gpu_cpu_gpu_mailbox_rtt,gpu_agent,1,339,11120
gpu_cpu_gpu_mailbox_rtt,gpu_agent,1,340,4240
gpu_cpu_gpu_mailbox_rtt,gpu_agent,1,341,11120
gpu_cpu_gpu_mailbox_rtt,gpu_agent,1,342,11040
gpu_cpu_gpu_mailbox_rtt,gpu_agent,1,343,9880
gpu_cpu_gpu_mailbox_rtt,gpu_agent,1,344,9040
gpu_cpu_gpu_mailbox_rtt,gpu_agent,1,345,4240
gpu_cpu_gpu_mailbox_rtt,gpu_agent,1,346,10920
gpu_cpu_gpu_mailbox_rtt,gpu_agent,1,347,10680
gpu_cpu_gpu_mailbox_rtt,gpu_agent,1,348,10760
gpu_cpu_gpu_mailbox_rtt,gpu_agent,1,349,10680
gpu_cpu_gpu_mailbox_rtt,gpu_agent,1,350,10680
gpu_cpu_gpu_mailbox_rtt,gpu_agent,1,351,10520
gpu_cpu_gpu_mailbox_rtt,gpu_agent,1,352,10720
gpu_cpu_gpu_mailbox_rtt,gpu_agent,1,353,4200
gpu_cpu_gpu_mailbox_rtt,gpu_agent,1,354,10680
gpu_cpu_gpu_mailbox_rtt,gpu_agent,1,355,10720
gpu_cpu_gpu_mailbox_rtt,gpu_agent,1,356,10680
gpu_cpu_gpu_mailbox_rtt,gpu_agent,1,357,10680
gpu_cpu_gpu_mailbox_rtt,gpu_agent,1,358,10680
gpu_cpu_gpu_mailbox_rtt,gpu_agent,1,359,10680
gpu_cpu_gpu_mailbox_rtt,gpu_agent,1,360,10680
gpu_cpu_gpu_mailbox_rtt,gpu_agent,1,361,4160
gpu_cpu_gpu_mailbox_rtt,gpu_agent,1,362,10680
gpu_cpu_gpu_mailbox_rtt,gpu_agent,1,363,10720
gpu_cpu_gpu_mailbox_rtt,gpu_agent,1,364,10680
gpu_cpu_gpu_mailbox_rtt,gpu_agent,1,365,10680
gpu_cpu_gpu_mailbox_rtt,gpu_agent,1,366,10680
gpu_cpu_gpu_mailbox_rtt,gpu_agent,1,367,10680
gpu_cpu_gpu_mailbox_rtt,gpu_agent,1,368,10040
gpu_cpu_gpu_mailbox_rtt,gpu_agent,1,369,10680
gpu_cpu_gpu_mailbox_rtt,gpu_agent,1,370,10680
gpu_cpu_gpu_mailbox_rtt,gpu_agent,1,371,10680
gpu_cpu_gpu_mailbox_rtt,gpu_agent,1,372,10720
gpu_cpu_gpu_mailbox_rtt,gpu_agent,1,373,10720
gpu_cpu_gpu_mailbox_rtt,gpu_agent,1,374,10680
gpu_cpu_gpu_mailbox_rtt,gpu_agent,1,375,4240
gpu_cpu_gpu_mailbox_rtt,gpu_agent,1,376,10680
gpu_cpu_gpu_mailbox_rtt,gpu_agent,1,377,10680
gpu_cpu_gpu_mailbox_rtt,gpu_agent,1,378,10680
gpu_cpu_gpu_mailbox_rtt,gpu_agent,1,379,11000
gpu_cpu_gpu_mailbox_rtt,gpu_agent,1,380,10680
gpu_cpu_gpu_mailbox_rtt,gpu_agent,1,381,10680
gpu_cpu_gpu_mailbox_rtt,gpu_agent,1,382,10680
gpu_cpu_gpu_mailbox_rtt,gpu_agent,1,383,4240
gpu_cpu_gpu_mailbox_rtt,gpu_agent,1,384,10680
gpu_cpu_gpu_mailbox_rtt,gpu_agent,1,385,10720
gpu_cpu_gpu_mailbox_rtt,gpu_agent,1,386,10680
gpu_cpu_gpu_mailbox_rtt,gpu_agent,1,387,4200
gpu_cpu_gpu_mailbox_rtt,gpu_agent,1,388,10680
gpu_cpu_gpu_mailbox_rtt,gpu_agent,1,389,10680
gpu_cpu_gpu_mailbox_rtt,gpu_agent,1,390,10680
gpu_cpu_gpu_mailbox_rtt,gpu_agent,1,391,10720
gpu_cpu_gpu_mailbox_rtt,gpu_agent,1,392,10720
gpu_cpu_gpu_mailbox_rtt,gpu_agent,1,393,10680
gpu_cpu_gpu_mailbox_rtt,gpu_agent,1,394,10720
gpu_cpu_gpu_mailbox_rtt,gpu_agent,1,395,10720
gpu_cpu_gpu_mailbox_rtt,gpu_agent,1,396,10640
gpu_cpu_gpu_mailbox_rtt,gpu_agent,1,397,10680
gpu_cpu_gpu_mailbox_rtt,gpu_agent,1,398,10680
gpu_cpu_gpu_mailbox_rtt,gpu_agent,1,399,10680
gpu_cpu_gpu_mailbox_rtt,gpu_agent,1,400,4120
gpu_cpu_gpu_mailbox_rtt,gpu_agent,1,401,10680
gpu_cpu_gpu_mailbox_rtt,gpu_agent,1,402,10680
gpu_cpu_gpu_mailbox_rtt,gpu_agent,1,403,10680
gpu_cpu_gpu_mailbox_rtt,gpu_agent,1,404,10680
gpu_cpu_gpu_mailbox_rtt,gpu_agent,1,405,10680
gpu_cpu_gpu_mailbox_rtt,gpu_agent,1,406,10680
gpu_cpu_gpu_mailbox_rtt,gpu_agent,1,407,10600
gpu_cpu_gpu_mailbox_rtt,gpu_agent,1,408,10520
gpu_cpu_gpu_mailbox_rtt,gpu_agent,1,409,4120
gpu_cpu_gpu_mailbox_rtt,gpu_agent,1,410,4120
gpu_cpu_gpu_mailbox_rtt,gpu_agent,1,411,10600
gpu_cpu_gpu_mailbox_rtt,gpu_agent,1,412,4080
gpu_cpu_gpu_mailbox_rtt,gpu_agent,1,413,4120
gpu_cpu_gpu_mailbox_rtt,gpu_agent,1,414,4160
gpu_cpu_gpu_mailbox_rtt,gpu_agent,1,415,4120
gpu_cpu_gpu_mailbox_rtt,gpu_agent,1,416,4120
gpu_cpu_gpu_mailbox_rtt,gpu_agent,1,417,10600
gpu_cpu_gpu_mailbox_rtt,gpu_agent,1,418,10600
gpu_cpu_gpu_mailbox_rtt,gpu_agent,1,419,4200
gpu_cpu_gpu_mailbox_rtt,gpu_agent,1,420,10680
gpu_cpu_gpu_mailbox_rtt,gpu_agent,1,421,4080
gpu_cpu_gpu_mailbox_rtt,gpu_agent,1,422,10720
gpu_cpu_gpu_mailbox_rtt,gpu_agent,1,423,10640
gpu_cpu_gpu_mailbox_rtt,gpu_agent,1,424,10720
gpu_cpu_gpu_mailbox_rtt,gpu_agent,1,425,10680
gpu_cpu_gpu_mailbox_rtt,gpu_agent,1,426,10720
gpu_cpu_gpu_mailbox_rtt,gpu_agent,1,427,4200
gpu_cpu_gpu_mailbox_rtt,gpu_agent,1,428,4080
gpu_cpu_gpu_mailbox_rtt,gpu_agent,1,429,4120
gpu_cpu_gpu_mailbox_rtt,gpu_agent,1,430,10560
gpu_cpu_gpu_mailbox_rtt,gpu_agent,1,431,4200
gpu_cpu_gpu_mailbox_rtt,gpu_agent,1,432,10600
gpu_cpu_gpu_mailbox_rtt,gpu_agent,1,433,4080
gpu_cpu_gpu_mailbox_rtt,gpu_agent,1,434,4120
gpu_cpu_gpu_mailbox_rtt,gpu_agent,1,435,11120
gpu_cpu_gpu_mailbox_rtt,gpu_agent,1,436,4160
gpu_cpu_gpu_mailbox_rtt,gpu_agent,1,437,4120
gpu_cpu_gpu_mailbox_rtt,gpu_agent,1,438,10560
gpu_cpu_gpu_mailbox_rtt,gpu_agent,1,439,10640
gpu_cpu_gpu_mailbox_rtt,gpu_agent,1,440,4120
gpu_cpu_gpu_mailbox_rtt,gpu_agent,1,441,4080
gpu_cpu_gpu_mailbox_rtt,gpu_agent,1,442,10680
gpu_cpu_gpu_mailbox_rtt,gpu_agent,1,443,10640
gpu_cpu_gpu_mailbox_rtt,gpu_agent,1,444,10600
gpu_cpu_gpu_mailbox_rtt,gpu_agent,1,445,4120
gpu_cpu_gpu_mailbox_rtt,gpu_agent,1,446,4080
gpu_cpu_gpu_mailbox_rtt,gpu_agent,1,447,10560
gpu_cpu_gpu_mailbox_rtt,gpu_agent,1,448,10600
gpu_cpu_gpu_mailbox_rtt,gpu_agent,1,449,10520
gpu_cpu_gpu_mailbox_rtt,gpu_agent,1,450,4120
gpu_cpu_gpu_mailbox_rtt,gpu_agent,1,451,4160
gpu_cpu_gpu_mailbox_rtt,gpu_agent,1,452,10720
gpu_cpu_gpu_mailbox_rtt,gpu_agent,1,453,10680
gpu_cpu_gpu_mailbox_rtt,gpu_agent,1,454,4120
gpu_cpu_gpu_mailbox_rtt,gpu_agent,1,455,10600
gpu_cpu_gpu_mailbox_rtt,gpu_agent,1,456,10560
gpu_cpu_gpu_mailbox_rtt,gpu_agent,1,457,4120
gpu_cpu_gpu_mailbox_rtt,gpu_agent,1,458,4080
gpu_cpu_gpu_mailbox_rtt,gpu_agent,1,459,10520
gpu_cpu_gpu_mailbox_rtt,gpu_agent,1,460,10800
gpu_cpu_gpu_mailbox_rtt,gpu_agent,1,461,4160
gpu_cpu_gpu_mailbox_rtt,gpu_agent,1,462,10880
gpu_cpu_gpu_mailbox_rtt,gpu_agent,1,463,10640
gpu_cpu_gpu_mailbox_rtt,gpu_agent,1,464,4080
gpu_cpu_gpu_mailbox_rtt,gpu_agent,1,465,10600
gpu_cpu_gpu_mailbox_rtt,gpu_agent,1,466,4080
gpu_cpu_gpu_mailbox_rtt,gpu_agent,1,467,4080
gpu_cpu_gpu_mailbox_rtt,gpu_agent,1,468,10600
gpu_cpu_gpu_mailbox_rtt,gpu_agent,1,469,8000
gpu_cpu_gpu_mailbox_rtt,gpu_agent,1,470,10560
gpu_cpu_gpu_mailbox_rtt,gpu_agent,1,471,4080
gpu_cpu_gpu_mailbox_rtt,gpu_agent,1,472,10600
gpu_cpu_gpu_mailbox_rtt,gpu_agent,1,473,10600
gpu_cpu_gpu_mailbox_rtt,gpu_agent,1,474,10520
gpu_cpu_gpu_mailbox_rtt,gpu_agent,1,475,10600
gpu_cpu_gpu_mailbox_rtt,gpu_agent,1,476,10560
gpu_cpu_gpu_mailbox_rtt,gpu_agent,1,477,4120
gpu_cpu_gpu_mailbox_rtt,gpu_agent,1,478,10520
gpu_cpu_gpu_mailbox_rtt,gpu_agent,1,479,10480
gpu_cpu_gpu_mailbox_rtt,gpu_agent,1,480,10800
gpu_cpu_gpu_mailbox_rtt,gpu_agent,1,481,10560
gpu_cpu_gpu_mailbox_rtt,gpu_agent,1,482,4120
gpu_cpu_gpu_mailbox_rtt,gpu_agent,1,483,10520
gpu_cpu_gpu_mailbox_rtt,gpu_agent,1,484,10600
gpu_cpu_gpu_mailbox_rtt,gpu_agent,1,485,10560
gpu_cpu_gpu_mailbox_rtt,gpu_agent,1,486,4080
gpu_cpu_gpu_mailbox_rtt,gpu_agent,1,487,10520
gpu_cpu_gpu_mailbox_rtt,gpu_agent,1,488,10520
gpu_cpu_gpu_mailbox_rtt,gpu_agent,1,489,10840
gpu_cpu_gpu_mailbox_rtt,gpu_agent,1,490,10600
gpu_cpu_gpu_mailbox_rtt,gpu_agent,1,491,10560
gpu_cpu_gpu_mailbox_rtt,gpu_agent,1,492,4120
gpu_cpu_gpu_mailbox_rtt,gpu_agent,1,493,4080
gpu_cpu_gpu_mailbox_rtt,gpu_agent,1,494,4080
gpu_cpu_gpu_mailbox_rtt,gpu_agent,1,495,4120
gpu_cpu_gpu_mailbox_rtt,gpu_agent,1,496,10600
gpu_cpu_gpu_mailbox_rtt,gpu_agent,1,497,10640
gpu_cpu_gpu_mailbox_rtt,gpu_agent,1,498,10960
gpu_cpu_gpu_mailbox_rtt,gpu_agent,1,499,10640
gpu_cpu_gpu_mailbox_rtt,gpu_agent,1,500,4120
gpu_cpu_gpu_mailbox_rtt,gpu_agent,1,501,4120
gpu_cpu_gpu_mailbox_rtt,gpu_agent,1,502,4080
gpu_cpu_gpu_mailbox_rtt,gpu_agent,1,503,10560
gpu_cpu_gpu_mailbox_rtt,gpu_agent,1,504,4040
gpu_cpu_gpu_mailbox_rtt,gpu_agent,1,505,10560
gpu_cpu_gpu_mailbox_rtt,gpu_agent,1,506,10640
gpu_cpu_gpu_mailbox_rtt,gpu_agent,1,507,10520
gpu_cpu_gpu_mailbox_rtt,gpu_agent,1,508,10480
gpu_cpu_gpu_mailbox_rtt,gpu_agent,1,509,10640
gpu_cpu_gpu_mailbox_rtt,gpu_agent,1,510,10520
gpu_cpu_gpu_mailbox_rtt,gpu_agent,1,511,4120
gpu_cpu_gpu_mailbox_rtt,gpu_agent,1,512,4120
gpu_cpu_gpu_mailbox_rtt,gpu_agent,1,513,10560
gpu_cpu_gpu_mailbox_rtt,gpu_agent,1,514,4160
gpu_cpu_gpu_mailbox_rtt,gpu_agent,1,515,4120
gpu_cpu_gpu_mailbox_rtt,gpu_agent,1,516,4080
gpu_cpu_gpu_mailbox_rtt,gpu_agent,1,517,10560
gpu_cpu_gpu_mailbox_rtt,gpu_agent,1,518,4200
gpu_cpu_gpu_mailbox_rtt,gpu_agent,1,519,4080
gpu_cpu_gpu_mailbox_rtt,gpu_agent,1,520,10600
gpu_cpu_gpu_mailbox_rtt,gpu_agent,1,521,4120
gpu_cpu_gpu_mailbox_rtt,gpu_agent,1,522,4080
gpu_cpu_gpu_mailbox_rtt,gpu_agent,1,523,10560
gpu_cpu_gpu_mailbox_rtt,gpu_agent,1,524,10800
gpu_cpu_gpu_mailbox_rtt,gpu_agent,1,525,10520
gpu_cpu_gpu_mailbox_rtt,gpu_agent,1,526,10680
gpu_cpu_gpu_mailbox_rtt,gpu_agent,1,527,10680
gpu_cpu_gpu_mailbox_rtt,gpu_agent,1,528,10680
gpu_cpu_gpu_mailbox_rtt,gpu_agent,1,529,10720
gpu_cpu_gpu_mailbox_rtt,gpu_agent,1,530,10680
gpu_cpu_gpu_mailbox_rtt,gpu_agent,1,531,10720
gpu_cpu_gpu_mailbox_rtt,gpu_agent,1,532,10680
gpu_cpu_gpu_mailbox_rtt,gpu_agent,1,533,10680
gpu_cpu_gpu_mailbox_rtt,gpu_agent,1,534,10720
gpu_cpu_gpu_mailbox_rtt,gpu_agent,1,535,10680
gpu_cpu_gpu_mailbox_rtt,gpu_agent,1,536,10680
gpu_cpu_gpu_mailbox_rtt,gpu_agent,1,537,10680
gpu_cpu_gpu_mailbox_rtt,gpu_agent,1,538,10560
gpu_cpu_gpu_mailbox_rtt,gpu_agent,1,539,10680
gpu_cpu_gpu_mailbox_rtt,gpu_agent,1,540,10680
gpu_cpu_gpu_mailbox_rtt,gpu_agent,1,541,10720
gpu_cpu_gpu_mailbox_rtt,gpu_agent,1,542,10680
gpu_cpu_gpu_mailbox_rtt,gpu_agent,1,543,10680
gpu_cpu_gpu_mailbox_rtt,gpu_agent,1,544,10680
gpu_cpu_gpu_mailbox_rtt,gpu_agent,1,545,10680
gpu_cpu_gpu_mailbox_rtt,gpu_agent,1,546,10680
gpu_cpu_gpu_mailbox_rtt,gpu_agent,1,547,10800
gpu_cpu_gpu_mailbox_rtt,gpu_agent,1,548,10720
gpu_cpu_gpu_mailbox_rtt,gpu_agent,1,549,10680
gpu_cpu_gpu_mailbox_rtt,gpu_agent,1,550,10680
gpu_cpu_gpu_mailbox_rtt,gpu_agent,1,551,4200
gpu_cpu_gpu_mailbox_rtt,gpu_agent,1,552,10680
gpu_cpu_gpu_mailbox_rtt,gpu_agent,1,553,10720
gpu_cpu_gpu_mailbox_rtt,gpu_agent,1,554,4160
gpu_cpu_gpu_mailbox_rtt,gpu_agent,1,555,10720
gpu_cpu_gpu_mailbox_rtt,gpu_agent,1,556,10680
gpu_cpu_gpu_mailbox_rtt,gpu_agent,1,557,10680
gpu_cpu_gpu_mailbox_rtt,gpu_agent,1,558,10680
gpu_cpu_gpu_mailbox_rtt,gpu_agent,1,559,10680
gpu_cpu_gpu_mailbox_rtt,gpu_agent,1,560,10680
gpu_cpu_gpu_mailbox_rtt,gpu_agent,1,561,10680
gpu_cpu_gpu_mailbox_rtt,gpu_agent,1,562,10680
gpu_cpu_gpu_mailbox_rtt,gpu_agent,1,563,10800
gpu_cpu_gpu_mailbox_rtt,gpu_agent,1,564,10680
gpu_cpu_gpu_mailbox_rtt,gpu_agent,1,565,4160
gpu_cpu_gpu_mailbox_rtt,gpu_agent,1,566,10680
gpu_cpu_gpu_mailbox_rtt,gpu_agent,1,567,4200
gpu_cpu_gpu_mailbox_rtt,gpu_agent,1,568,10680
gpu_cpu_gpu_mailbox_rtt,gpu_agent,1,569,4160
gpu_cpu_gpu_mailbox_rtt,gpu_agent,1,570,10680
gpu_cpu_gpu_mailbox_rtt,gpu_agent,1,571,10680
gpu_cpu_gpu_mailbox_rtt,gpu_agent,1,572,9960
gpu_cpu_gpu_mailbox_rtt,gpu_agent,1,573,10680
gpu_cpu_gpu_mailbox_rtt,gpu_agent,1,574,10680
gpu_cpu_gpu_mailbox_rtt,gpu_agent,1,575,10680
gpu_cpu_gpu_mailbox_rtt,gpu_agent,1,576,10720
gpu_cpu_gpu_mailbox_rtt,gpu_agent,1,577,10680
gpu_cpu_gpu_mailbox_rtt,gpu_agent,1,578,4200
gpu_cpu_gpu_mailbox_rtt,gpu_agent,1,579,10680
gpu_cpu_gpu_mailbox_rtt,gpu_agent,1,580,10680
gpu_cpu_gpu_mailbox_rtt,gpu_agent,1,581,4200
gpu_cpu_gpu_mailbox_rtt,gpu_agent,1,582,10720
gpu_cpu_gpu_mailbox_rtt,gpu_agent,1,583,10640
gpu_cpu_gpu_mailbox_rtt,gpu_agent,1,584,10680
gpu_cpu_gpu_mailbox_rtt,gpu_agent,1,585,10680
gpu_cpu_gpu_mailbox_rtt,gpu_agent,1,586,10640
gpu_cpu_gpu_mailbox_rtt,gpu_agent,1,587,10720
gpu_cpu_gpu_mailbox_rtt,gpu_agent,1,588,10680
gpu_cpu_gpu_mailbox_rtt,gpu_agent,1,589,10760
gpu_cpu_gpu_mailbox_rtt,gpu_agent,1,590,8640
gpu_cpu_gpu_mailbox_rtt,gpu_agent,1,591,10680
gpu_cpu_gpu_mailbox_rtt,gpu_agent,1,592,10720
gpu_cpu_gpu_mailbox_rtt,gpu_agent,1,593,10720
gpu_cpu_gpu_mailbox_rtt,gpu_agent,1,594,10680
gpu_cpu_gpu_mailbox_rtt,gpu_agent,1,595,10680
gpu_cpu_gpu_mailbox_rtt,gpu_agent,1,596,10680
gpu_cpu_gpu_mailbox_rtt,gpu_agent,1,597,4160
gpu_cpu_gpu_mailbox_rtt,gpu_agent,1,598,10680
gpu_cpu_gpu_mailbox_rtt,gpu_agent,1,599,10680
gpu_cpu_gpu_mailbox_rtt,gpu_agent,1,600,10680
gpu_cpu_gpu_mailbox_rtt,gpu_agent,1,601,10640
gpu_cpu_gpu_mailbox_rtt,gpu_agent,1,602,10680
gpu_cpu_gpu_mailbox_rtt,gpu_agent,1,603,10680
gpu_cpu_gpu_mailbox_rtt,gpu_agent,1,604,10680
gpu_cpu_gpu_mailbox_rtt,gpu_agent,1,605,10720
gpu_cpu_gpu_mailbox_rtt,gpu_agent,1,606,4200
gpu_cpu_gpu_mailbox_rtt,gpu_agent,1,607,10680
gpu_cpu_gpu_mailbox_rtt,gpu_agent,1,608,10680
gpu_cpu_gpu_mailbox_rtt,gpu_agent,1,609,10680
gpu_cpu_gpu_mailbox_rtt,gpu_agent,1,610,10640
gpu_cpu_gpu_mailbox_rtt,gpu_agent,1,611,10680
gpu_cpu_gpu_mailbox_rtt,gpu_agent,1,612,10680
gpu_cpu_gpu_mailbox_rtt,gpu_agent,1,613,4200
gpu_cpu_gpu_mailbox_rtt,gpu_agent,1,614,10680
gpu_cpu_gpu_mailbox_rtt,gpu_agent,1,615,4080
gpu_cpu_gpu_mailbox_rtt,gpu_agent,1,616,10680
gpu_cpu_gpu_mailbox_rtt,gpu_agent,1,617,4120
gpu_cpu_gpu_mailbox_rtt,gpu_agent,1,618,4120
gpu_cpu_gpu_mailbox_rtt,gpu_agent,1,619,4120
gpu_cpu_gpu_mailbox_rtt,gpu_agent,1,620,10640
gpu_cpu_gpu_mailbox_rtt,gpu_agent,1,621,4120
gpu_cpu_gpu_mailbox_rtt,gpu_agent,1,622,10600
gpu_cpu_gpu_mailbox_rtt,gpu_agent,1,623,10640
gpu_cpu_gpu_mailbox_rtt,gpu_agent,1,624,4160
gpu_cpu_gpu_mailbox_rtt,gpu_agent,1,625,10840
gpu_cpu_gpu_mailbox_rtt,gpu_agent,1,626,10640
gpu_cpu_gpu_mailbox_rtt,gpu_agent,1,627,4120
gpu_cpu_gpu_mailbox_rtt,gpu_agent,1,628,4160
gpu_cpu_gpu_mailbox_rtt,gpu_agent,1,629,10680
gpu_cpu_gpu_mailbox_rtt,gpu_agent,1,630,10600
gpu_cpu_gpu_mailbox_rtt,gpu_agent,1,631,10600
gpu_cpu_gpu_mailbox_rtt,gpu_agent,1,632,10600
gpu_cpu_gpu_mailbox_rtt,gpu_agent,1,633,11000
gpu_cpu_gpu_mailbox_rtt,gpu_agent,1,634,4160
gpu_cpu_gpu_mailbox_rtt,gpu_agent,1,635,4160
gpu_cpu_gpu_mailbox_rtt,gpu_agent,1,636,4080
gpu_cpu_gpu_mailbox_rtt,gpu_agent,1,637,10600
gpu_cpu_gpu_mailbox_rtt,gpu_agent,1,638,4080
gpu_cpu_gpu_mailbox_rtt,gpu_agent,1,639,4160
gpu_cpu_gpu_mailbox_rtt,gpu_agent,1,640,10560
gpu_cpu_gpu_mailbox_rtt,gpu_agent,1,641,4120
gpu_cpu_gpu_mailbox_rtt,gpu_agent,1,642,4120
gpu_cpu_gpu_mailbox_rtt,gpu_agent,1,643,10640
gpu_cpu_gpu_mailbox_rtt,gpu_agent,1,644,4160
gpu_cpu_gpu_mailbox_rtt,gpu_agent,1,645,10600
gpu_cpu_gpu_mailbox_rtt,gpu_agent,1,646,10840
gpu_cpu_gpu_mailbox_rtt,gpu_agent,1,647,4080
gpu_cpu_gpu_mailbox_rtt,gpu_agent,1,648,10640
gpu_cpu_gpu_mailbox_rtt,gpu_agent,1,649,5440
gpu_cpu_gpu_mailbox_rtt,gpu_agent,1,650,10640
gpu_cpu_gpu_mailbox_rtt,gpu_agent,1,651,4120
gpu_cpu_gpu_mailbox_rtt,gpu_agent,1,652,10480
gpu_cpu_gpu_mailbox_rtt,gpu_agent,1,653,10600
gpu_cpu_gpu_mailbox_rtt,gpu_agent,1,654,4120
gpu_cpu_gpu_mailbox_rtt,gpu_agent,1,655,10560
gpu_cpu_gpu_mailbox_rtt,gpu_agent,1,656,4160
gpu_cpu_gpu_mailbox_rtt,gpu_agent,1,657,10480
gpu_cpu_gpu_mailbox_rtt,gpu_agent,1,658,10600
gpu_cpu_gpu_mailbox_rtt,gpu_agent,1,659,4160
gpu_cpu_gpu_mailbox_rtt,gpu_agent,1,660,10560
gpu_cpu_gpu_mailbox_rtt,gpu_agent,1,661,10840
gpu_cpu_gpu_mailbox_rtt,gpu_agent,1,662,10640
gpu_cpu_gpu_mailbox_rtt,gpu_agent,1,663,10560
gpu_cpu_gpu_mailbox_rtt,gpu_agent,1,664,10640
gpu_cpu_gpu_mailbox_rtt,gpu_agent,1,665,9880
gpu_cpu_gpu_mailbox_rtt,gpu_agent,1,666,4120
gpu_cpu_gpu_mailbox_rtt,gpu_agent,1,667,4120
gpu_cpu_gpu_mailbox_rtt,gpu_agent,1,668,10640
gpu_cpu_gpu_mailbox_rtt,gpu_agent,1,669,4120
gpu_cpu_gpu_mailbox_rtt,gpu_agent,1,670,4160
gpu_cpu_gpu_mailbox_rtt,gpu_agent,1,671,4080
gpu_cpu_gpu_mailbox_rtt,gpu_agent,1,672,10640
gpu_cpu_gpu_mailbox_rtt,gpu_agent,1,673,10520
gpu_cpu_gpu_mailbox_rtt,gpu_agent,1,674,4760
gpu_cpu_gpu_mailbox_rtt,gpu_agent,1,675,10520
gpu_cpu_gpu_mailbox_rtt,gpu_agent,1,676,10560
gpu_cpu_gpu_mailbox_rtt,gpu_agent,1,677,4160
gpu_cpu_gpu_mailbox_rtt,gpu_agent,1,678,4080
gpu_cpu_gpu_mailbox_rtt,gpu_agent,1,679,4080
gpu_cpu_gpu_mailbox_rtt,gpu_agent,1,680,4080
gpu_cpu_gpu_mailbox_rtt,gpu_agent,1,681,10640
gpu_cpu_gpu_mailbox_rtt,gpu_agent,1,682,10520
gpu_cpu_gpu_mailbox_rtt,gpu_agent,1,683,4120
gpu_cpu_gpu_mailbox_rtt,gpu_agent,1,684,10680
gpu_cpu_gpu_mailbox_rtt,gpu_agent,1,685,10600
gpu_cpu_gpu_mailbox_rtt,gpu_agent,1,686,10160
gpu_cpu_gpu_mailbox_rtt,gpu_agent,1,687,4160
gpu_cpu_gpu_mailbox_rtt,gpu_agent,1,688,10640
gpu_cpu_gpu_mailbox_rtt,gpu_agent,1,689,10600
gpu_cpu_gpu_mailbox_rtt,gpu_agent,1,690,10560
gpu_cpu_gpu_mailbox_rtt,gpu_agent,1,691,10520
gpu_cpu_gpu_mailbox_rtt,gpu_agent,1,692,10600
gpu_cpu_gpu_mailbox_rtt,gpu_agent,1,693,10560
gpu_cpu_gpu_mailbox_rtt,gpu_agent,1,694,10520
gpu_cpu_gpu_mailbox_rtt,gpu_agent,1,695,4080
gpu_cpu_gpu_mailbox_rtt,gpu_agent,1,696,4160
gpu_cpu_gpu_mailbox_rtt,gpu_agent,1,697,10720
gpu_cpu_gpu_mailbox_rtt,gpu_agent,1,698,10480
gpu_cpu_gpu_mailbox_rtt,gpu_agent,1,699,10520
gpu_cpu_gpu_mailbox_rtt,gpu_agent,1,700,4120
gpu_cpu_gpu_mailbox_rtt,gpu_agent,1,701,4080
gpu_cpu_gpu_mailbox_rtt,gpu_agent,1,702,4120
gpu_cpu_gpu_mailbox_rtt,gpu_agent,1,703,10480
gpu_cpu_gpu_mailbox_rtt,gpu_agent,1,704,4080
gpu_cpu_gpu_mailbox_rtt,gpu_agent,1,705,10640
gpu_cpu_gpu_mailbox_rtt,gpu_agent,1,706,4120
gpu_cpu_gpu_mailbox_rtt,gpu_agent,1,707,10560
gpu_cpu_gpu_mailbox_rtt,gpu_agent,1,708,4080
gpu_cpu_gpu_mailbox_rtt,gpu_agent,1,709,4080
gpu_cpu_gpu_mailbox_rtt,gpu_agent,1,710,4200
gpu_cpu_gpu_mailbox_rtt,gpu_agent,1,711,4160
gpu_cpu_gpu_mailbox_rtt,gpu_agent,1,712,10960
gpu_cpu_gpu_mailbox_rtt,gpu_agent,1,713,4120
gpu_cpu_gpu_mailbox_rtt,gpu_agent,1,714,10600
gpu_cpu_gpu_mailbox_rtt,gpu_agent,1,715,4080
gpu_cpu_gpu_mailbox_rtt,gpu_agent,1,716,10560
gpu_cpu_gpu_mailbox_rtt,gpu_agent,1,717,4120
gpu_cpu_gpu_mailbox_rtt,gpu_agent,1,718,4120
gpu_cpu_gpu_mailbox_rtt,gpu_agent,1,719,10680
gpu_cpu_gpu_mailbox_rtt,gpu_agent,1,720,4080
gpu_cpu_gpu_mailbox_rtt,gpu_agent,1,721,10520
gpu_cpu_gpu_mailbox_rtt,gpu_agent,1,722,4120
gpu_cpu_gpu_mailbox_rtt,gpu_agent,1,723,10960
gpu_cpu_gpu_mailbox_rtt,gpu_agent,1,724,9560
gpu_cpu_gpu_mailbox_rtt,gpu_agent,1,725,9960
gpu_cpu_gpu_mailbox_rtt,gpu_agent,1,726,10560
gpu_cpu_gpu_mailbox_rtt,gpu_agent,1,727,10360
gpu_cpu_gpu_mailbox_rtt,gpu_agent,1,728,10560
gpu_cpu_gpu_mailbox_rtt,gpu_agent,1,729,10640
gpu_cpu_gpu_mailbox_rtt,gpu_agent,1,730,4120
gpu_cpu_gpu_mailbox_rtt,gpu_agent,1,731,10480
gpu_cpu_gpu_mailbox_rtt,gpu_agent,1,732,10560
gpu_cpu_gpu_mailbox_rtt,gpu_agent,1,733,10640
gpu_cpu_gpu_mailbox_rtt,gpu_agent,1,734,10560
gpu_cpu_gpu_mailbox_rtt,gpu_agent,1,735,4200
gpu_cpu_gpu_mailbox_rtt,gpu_agent,1,736,11000
gpu_cpu_gpu_mailbox_rtt,gpu_agent,1,737,10680
gpu_cpu_gpu_mailbox_rtt,gpu_agent,1,738,10720
gpu_cpu_gpu_mailbox_rtt,gpu_agent,1,739,10680
gpu_cpu_gpu_mailbox_rtt,gpu_agent,1,740,10680
gpu_cpu_gpu_mailbox_rtt,gpu_agent,1,741,11040
gpu_cpu_gpu_mailbox_rtt,gpu_agent,1,742,10720
gpu_cpu_gpu_mailbox_rtt,gpu_agent,1,743,11000
gpu_cpu_gpu_mailbox_rtt,gpu_agent,1,744,10040
gpu_cpu_gpu_mailbox_rtt,gpu_agent,1,745,4200
gpu_cpu_gpu_mailbox_rtt,gpu_agent,1,746,10680
gpu_cpu_gpu_mailbox_rtt,gpu_agent,1,747,10840
gpu_cpu_gpu_mailbox_rtt,gpu_agent,1,748,4200
gpu_cpu_gpu_mailbox_rtt,gpu_agent,1,749,10680
gpu_cpu_gpu_mailbox_rtt,gpu_agent,1,750,10720
gpu_cpu_gpu_mailbox_rtt,gpu_agent,1,751,10720
gpu_cpu_gpu_mailbox_rtt,gpu_agent,1,752,10680
gpu_cpu_gpu_mailbox_rtt,gpu_agent,1,753,10640
gpu_cpu_gpu_mailbox_rtt,gpu_agent,1,754,10640
gpu_cpu_gpu_mailbox_rtt,gpu_agent,1,755,10720
gpu_cpu_gpu_mailbox_rtt,gpu_agent,1,756,10680
gpu_cpu_gpu_mailbox_rtt,gpu_agent,1,757,10840
gpu_cpu_gpu_mailbox_rtt,gpu_agent,1,758,10800
gpu_cpu_gpu_mailbox_rtt,gpu_agent,1,759,10680
gpu_cpu_gpu_mailbox_rtt,gpu_agent,1,760,10840
gpu_cpu_gpu_mailbox_rtt,gpu_agent,1,761,11120
gpu_cpu_gpu_mailbox_rtt,gpu_agent,1,762,10680
gpu_cpu_gpu_mailbox_rtt,gpu_agent,1,763,10800
gpu_cpu_gpu_mailbox_rtt,gpu_agent,1,764,10680
gpu_cpu_gpu_mailbox_rtt,gpu_agent,1,765,10680
gpu_cpu_gpu_mailbox_rtt,gpu_agent,1,766,10680
gpu_cpu_gpu_mailbox_rtt,gpu_agent,1,767,10800
gpu_cpu_gpu_mailbox_rtt,gpu_agent,1,768,4160
gpu_cpu_gpu_mailbox_rtt,gpu_agent,1,769,10720
gpu_cpu_gpu_mailbox_rtt,gpu_agent,1,770,4160
gpu_cpu_gpu_mailbox_rtt,gpu_agent,1,771,10680
gpu_cpu_gpu_mailbox_rtt,gpu_agent,1,772,10640
gpu_cpu_gpu_mailbox_rtt,gpu_agent,1,773,10720
gpu_cpu_gpu_mailbox_rtt,gpu_agent,1,774,4160
gpu_cpu_gpu_mailbox_rtt,gpu_agent,1,775,10720
gpu_cpu_gpu_mailbox_rtt,gpu_agent,1,776,4160
gpu_cpu_gpu_mailbox_rtt,gpu_agent,1,777,10680
gpu_cpu_gpu_mailbox_rtt,gpu_agent,1,778,10680
gpu_cpu_gpu_mailbox_rtt,gpu_agent,1,779,10680
gpu_cpu_gpu_mailbox_rtt,gpu_agent,1,780,4160
gpu_cpu_gpu_mailbox_rtt,gpu_agent,1,781,10680
gpu_cpu_gpu_mailbox_rtt,gpu_agent,1,782,10680
gpu_cpu_gpu_mailbox_rtt,gpu_agent,1,783,4160
gpu_cpu_gpu_mailbox_rtt,gpu_agent,1,784,10680
gpu_cpu_gpu_mailbox_rtt,gpu_agent,1,785,4160
gpu_cpu_gpu_mailbox_rtt,gpu_agent,1,786,4160
gpu_cpu_gpu_mailbox_rtt,gpu_agent,1,787,10760
gpu_cpu_gpu_mailbox_rtt,gpu_agent,1,788,11120
gpu_cpu_gpu_mailbox_rtt,gpu_agent,1,789,10680
gpu_cpu_gpu_mailbox_rtt,gpu_agent,1,790,10680
gpu_cpu_gpu_mailbox_rtt,gpu_agent,1,791,10720
gpu_cpu_gpu_mailbox_rtt,gpu_agent,1,792,10680
gpu_cpu_gpu_mailbox_rtt,gpu_agent,1,793,10680
gpu_cpu_gpu_mailbox_rtt,gpu_agent,1,794,4200
gpu_cpu_gpu_mailbox_rtt,gpu_agent,1,795,10680
gpu_cpu_gpu_mailbox_rtt,gpu_agent,1,796,11120
gpu_cpu_gpu_mailbox_rtt,gpu_agent,1,797,11040
gpu_cpu_gpu_mailbox_rtt,gpu_agent,1,798,10680
gpu_cpu_gpu_mailbox_rtt,gpu_agent,1,799,4200
gpu_cpu_gpu_mailbox_rtt,gpu_agent,1,800,10680
gpu_cpu_gpu_mailbox_rtt,gpu_agent,1,801,10680
gpu_cpu_gpu_mailbox_rtt,gpu_agent,1,802,10680
gpu_cpu_gpu_mailbox_rtt,gpu_agent,1,803,10680
gpu_cpu_gpu_mailbox_rtt,gpu_agent,1,804,4200
gpu_cpu_gpu_mailbox_rtt,gpu_agent,1,805,11160
gpu_cpu_gpu_mailbox_rtt,gpu_agent,1,806,4200
gpu_cpu_gpu_mailbox_rtt,gpu_agent,1,807,11120
gpu_cpu_gpu_mailbox_rtt,gpu_agent,1,808,4240
gpu_cpu_gpu_mailbox_rtt,gpu_agent,1,809,17720
gpu_cpu_gpu_mailbox_rtt,gpu_agent,1,810,10680
gpu_cpu_gpu_mailbox_rtt,gpu_agent,1,811,4200
gpu_cpu_gpu_mailbox_rtt,gpu_agent,1,812,11080
gpu_cpu_gpu_mailbox_rtt,gpu_agent,1,813,4240
gpu_cpu_gpu_mailbox_rtt,gpu_agent,1,814,4280
gpu_cpu_gpu_mailbox_rtt,gpu_agent,1,815,4320
gpu_cpu_gpu_mailbox_rtt,gpu_agent,1,816,4320
gpu_cpu_gpu_mailbox_rtt,gpu_agent,1,817,11080
gpu_cpu_gpu_mailbox_rtt,gpu_agent,1,818,10800
gpu_cpu_gpu_mailbox_rtt,gpu_agent,1,819,10800
gpu_cpu_gpu_mailbox_rtt,gpu_agent,1,820,4240
gpu_cpu_gpu_mailbox_rtt,gpu_agent,1,821,11160
gpu_cpu_gpu_mailbox_rtt,gpu_agent,1,822,4240
gpu_cpu_gpu_mailbox_rtt,gpu_agent,1,823,11080
gpu_cpu_gpu_mailbox_rtt,gpu_agent,1,824,4240
gpu_cpu_gpu_mailbox_rtt,gpu_agent,1,825,11120
gpu_cpu_gpu_mailbox_rtt,gpu_agent,1,826,4200
gpu_cpu_gpu_mailbox_rtt,gpu_agent,1,827,11160
gpu_cpu_gpu_mailbox_rtt,gpu_agent,1,828,4240
gpu_cpu_gpu_mailbox_rtt,gpu_agent,1,829,11120
gpu_cpu_gpu_mailbox_rtt,gpu_agent,1,830,4240
gpu_cpu_gpu_mailbox_rtt,gpu_agent,1,831,11080
gpu_cpu_gpu_mailbox_rtt,gpu_agent,1,832,4240
gpu_cpu_gpu_mailbox_rtt,gpu_agent,1,833,4280
gpu_cpu_gpu_mailbox_rtt,gpu_agent,1,834,11120
gpu_cpu_gpu_mailbox_rtt,gpu_agent,1,835,4200
gpu_cpu_gpu_mailbox_rtt,gpu_agent,1,836,10960
gpu_cpu_gpu_mailbox_rtt,gpu_agent,1,837,4200
gpu_cpu_gpu_mailbox_rtt,gpu_agent,1,838,17880
gpu_cpu_gpu_mailbox_rtt,gpu_agent,1,839,4160
gpu_cpu_gpu_mailbox_rtt,gpu_agent,1,840,10760
gpu_cpu_gpu_mailbox_rtt,gpu_agent,1,841,4240
gpu_cpu_gpu_mailbox_rtt,gpu_agent,1,842,11120
gpu_cpu_gpu_mailbox_rtt,gpu_agent,1,843,4200
gpu_cpu_gpu_mailbox_rtt,gpu_agent,1,844,11160
gpu_cpu_gpu_mailbox_rtt,gpu_agent,1,845,4200
gpu_cpu_gpu_mailbox_rtt,gpu_agent,1,846,10640
gpu_cpu_gpu_mailbox_rtt,gpu_agent,1,847,9960
gpu_cpu_gpu_mailbox_rtt,gpu_agent,1,848,10040
gpu_cpu_gpu_mailbox_rtt,gpu_agent,1,849,4280
gpu_cpu_gpu_mailbox_rtt,gpu_agent,1,850,10880
gpu_cpu_gpu_mailbox_rtt,gpu_agent,1,851,10680
gpu_cpu_gpu_mailbox_rtt,gpu_agent,1,852,4280
gpu_cpu_gpu_mailbox_rtt,gpu_agent,1,853,4280
gpu_cpu_gpu_mailbox_rtt,gpu_agent,1,854,11120
gpu_cpu_gpu_mailbox_rtt,gpu_agent,1,855,4240
gpu_cpu_gpu_mailbox_rtt,gpu_agent,1,856,11520
gpu_cpu_gpu_mailbox_rtt,gpu_agent,1,857,4200
gpu_cpu_gpu_mailbox_rtt,gpu_agent,1,858,11080
gpu_cpu_gpu_mailbox_rtt,gpu_agent,1,859,11080
gpu_cpu_gpu_mailbox_rtt,gpu_agent,1,860,4200
gpu_cpu_gpu_mailbox_rtt,gpu_agent,1,861,11080
gpu_cpu_gpu_mailbox_rtt,gpu_agent,1,862,10760
gpu_cpu_gpu_mailbox_rtt,gpu_agent,1,863,10760
gpu_cpu_gpu_mailbox_rtt,gpu_agent,1,864,10800
gpu_cpu_gpu_mailbox_rtt,gpu_agent,1,865,10640
gpu_cpu_gpu_mailbox_rtt,gpu_agent,1,866,10720
gpu_cpu_gpu_mailbox_rtt,gpu_agent,1,867,10720
gpu_cpu_gpu_mailbox_rtt,gpu_agent,1,868,10680
gpu_cpu_gpu_mailbox_rtt,gpu_agent,1,869,10680
gpu_cpu_gpu_mailbox_rtt,gpu_agent,1,870,10680
gpu_cpu_gpu_mailbox_rtt,gpu_agent,1,871,10720
gpu_cpu_gpu_mailbox_rtt,gpu_agent,1,872,10680
gpu_cpu_gpu_mailbox_rtt,gpu_agent,1,873,10680
gpu_cpu_gpu_mailbox_rtt,gpu_agent,1,874,10680
gpu_cpu_gpu_mailbox_rtt,gpu_agent,1,875,10680
gpu_cpu_gpu_mailbox_rtt,gpu_agent,1,876,10680
gpu_cpu_gpu_mailbox_rtt,gpu_agent,1,877,4200
gpu_cpu_gpu_mailbox_rtt,gpu_agent,1,878,10720
gpu_cpu_gpu_mailbox_rtt,gpu_agent,1,879,10680
gpu_cpu_gpu_mailbox_rtt,gpu_agent,1,880,10720
gpu_cpu_gpu_mailbox_rtt,gpu_agent,1,881,10680
gpu_cpu_gpu_mailbox_rtt,gpu_agent,1,882,4160
gpu_cpu_gpu_mailbox_rtt,gpu_agent,1,883,10640
gpu_cpu_gpu_mailbox_rtt,gpu_agent,1,884,10720
gpu_cpu_gpu_mailbox_rtt,gpu_agent,1,885,10680
gpu_cpu_gpu_mailbox_rtt,gpu_agent,1,886,10680
gpu_cpu_gpu_mailbox_rtt,gpu_agent,1,887,10720
gpu_cpu_gpu_mailbox_rtt,gpu_agent,1,888,11040
gpu_cpu_gpu_mailbox_rtt,gpu_agent,1,889,4160
gpu_cpu_gpu_mailbox_rtt,gpu_agent,1,890,10680
gpu_cpu_gpu_mailbox_rtt,gpu_agent,1,891,10680
gpu_cpu_gpu_mailbox_rtt,gpu_agent,1,892,4240
gpu_cpu_gpu_mailbox_rtt,gpu_agent,1,893,4320
gpu_cpu_gpu_mailbox_rtt,gpu_agent,1,894,10640
gpu_cpu_gpu_mailbox_rtt,gpu_agent,1,895,10680
gpu_cpu_gpu_mailbox_rtt,gpu_agent,1,896,10800
gpu_cpu_gpu_mailbox_rtt,gpu_agent,1,897,10680
gpu_cpu_gpu_mailbox_rtt,gpu_agent,1,898,4120
gpu_cpu_gpu_mailbox_rtt,gpu_agent,1,899,10720
gpu_cpu_gpu_mailbox_rtt,gpu_agent,1,900,10680
gpu_cpu_gpu_mailbox_rtt,gpu_agent,1,901,10680
gpu_cpu_gpu_mailbox_rtt,gpu_agent,1,902,10680
gpu_cpu_gpu_mailbox_rtt,gpu_agent,1,903,4240
gpu_cpu_gpu_mailbox_rtt,gpu_agent,1,904,10640
gpu_cpu_gpu_mailbox_rtt,gpu_agent,1,905,10720
gpu_cpu_gpu_mailbox_rtt,gpu_agent,1,906,10680
gpu_cpu_gpu_mailbox_rtt,gpu_agent,1,907,9880
gpu_cpu_gpu_mailbox_rtt,gpu_agent,1,908,10680
gpu_cpu_gpu_mailbox_rtt,gpu_agent,1,909,10720
gpu_cpu_gpu_mailbox_rtt,gpu_agent,1,910,10720
gpu_cpu_gpu_mailbox_rtt,gpu_agent,1,911,10680
gpu_cpu_gpu_mailbox_rtt,gpu_agent,1,912,10640
gpu_cpu_gpu_mailbox_rtt,gpu_agent,1,913,10760
gpu_cpu_gpu_mailbox_rtt,gpu_agent,1,914,10680
gpu_cpu_gpu_mailbox_rtt,gpu_agent,1,915,10720
gpu_cpu_gpu_mailbox_rtt,gpu_agent,1,916,10720
gpu_cpu_gpu_mailbox_rtt,gpu_agent,1,917,10680
gpu_cpu_gpu_mailbox_rtt,gpu_agent,1,918,4160
gpu_cpu_gpu_mailbox_rtt,gpu_agent,1,919,10680
gpu_cpu_gpu_mailbox_rtt,gpu_agent,1,920,10680
gpu_cpu_gpu_mailbox_rtt,gpu_agent,1,921,10680
gpu_cpu_gpu_mailbox_rtt,gpu_agent,1,922,10680
gpu_cpu_gpu_mailbox_rtt,gpu_agent,1,923,10760
gpu_cpu_gpu_mailbox_rtt,gpu_agent,1,924,10720
gpu_cpu_gpu_mailbox_rtt,gpu_agent,1,925,10680
gpu_cpu_gpu_mailbox_rtt,gpu_agent,1,926,10680
gpu_cpu_gpu_mailbox_rtt,gpu_agent,1,927,10680
gpu_cpu_gpu_mailbox_rtt,gpu_agent,1,928,4200
gpu_cpu_gpu_mailbox_rtt,gpu_agent,1,929,10680
gpu_cpu_gpu_mailbox_rtt,gpu_agent,1,930,10680
gpu_cpu_gpu_mailbox_rtt,gpu_agent,1,931,4200
gpu_cpu_gpu_mailbox_rtt,gpu_agent,1,932,4080
gpu_cpu_gpu_mailbox_rtt,gpu_agent,1,933,10480
gpu_cpu_gpu_mailbox_rtt,gpu_agent,1,934,10720
gpu_cpu_gpu_mailbox_rtt,gpu_agent,1,935,10960
gpu_cpu_gpu_mailbox_rtt,gpu_agent,1,936,10680
gpu_cpu_gpu_mailbox_rtt,gpu_agent,1,937,10680
gpu_cpu_gpu_mailbox_rtt,gpu_agent,1,938,10640
gpu_cpu_gpu_mailbox_rtt,gpu_agent,1,939,10680
gpu_cpu_gpu_mailbox_rtt,gpu_agent,1,940,10680
gpu_cpu_gpu_mailbox_rtt,gpu_agent,1,941,10520
gpu_cpu_gpu_mailbox_rtt,gpu_agent,1,942,4120
gpu_cpu_gpu_mailbox_rtt,gpu_agent,1,943,10280
gpu_cpu_gpu_mailbox_rtt,gpu_agent,1,944,4200
gpu_cpu_gpu_mailbox_rtt,gpu_agent,1,945,24600
gpu_cpu_gpu_mailbox_rtt,gpu_agent,1,946,10680
gpu_cpu_gpu_mailbox_rtt,gpu_agent,1,947,10680
gpu_cpu_gpu_mailbox_rtt,gpu_agent,1,948,10680
gpu_cpu_gpu_mailbox_rtt,gpu_agent,1,949,10680
gpu_cpu_gpu_mailbox_rtt,gpu_agent,1,950,11080
gpu_cpu_gpu_mailbox_rtt,gpu_agent,1,951,10680
gpu_cpu_gpu_mailbox_rtt,gpu_agent,1,952,10680
gpu_cpu_gpu_mailbox_rtt,gpu_agent,1,953,10400
gpu_cpu_gpu_mailbox_rtt,gpu_agent,1,954,4080
gpu_cpu_gpu_mailbox_rtt,gpu_agent,1,955,10560
gpu_cpu_gpu_mailbox_rtt,gpu_agent,1,956,4120
gpu_cpu_gpu_mailbox_rtt,gpu_agent,1,957,10280
gpu_cpu_gpu_mailbox_rtt,gpu_agent,1,958,10160
gpu_cpu_gpu_mailbox_rtt,gpu_agent,1,959,10520
gpu_cpu_gpu_mailbox_rtt,gpu_agent,1,960,4000
gpu_cpu_gpu_mailbox_rtt,gpu_agent,1,961,10640
gpu_cpu_gpu_mailbox_rtt,gpu_agent,1,962,10360
gpu_cpu_gpu_mailbox_rtt,gpu_agent,1,963,10440
gpu_cpu_gpu_mailbox_rtt,gpu_agent,1,964,10360
gpu_cpu_gpu_mailbox_rtt,gpu_agent,1,965,8000
gpu_cpu_gpu_mailbox_rtt,gpu_agent,1,966,10400
gpu_cpu_gpu_mailbox_rtt,gpu_agent,1,967,10360
gpu_cpu_gpu_mailbox_rtt,gpu_agent,1,968,10280
gpu_cpu_gpu_mailbox_rtt,gpu_agent,1,969,10280
gpu_cpu_gpu_mailbox_rtt,gpu_agent,1,970,10720
gpu_cpu_gpu_mailbox_rtt,gpu_agent,1,971,4120
gpu_cpu_gpu_mailbox_rtt,gpu_agent,1,972,4200
gpu_cpu_gpu_mailbox_rtt,gpu_agent,1,973,10360
gpu_cpu_gpu_mailbox_rtt,gpu_agent,1,974,4120
gpu_cpu_gpu_mailbox_rtt,gpu_agent,1,975,10360
gpu_cpu_gpu_mailbox_rtt,gpu_agent,1,976,10320
gpu_cpu_gpu_mailbox_rtt,gpu_agent,1,977,10480
gpu_cpu_gpu_mailbox_rtt,gpu_agent,1,978,10480
gpu_cpu_gpu_mailbox_rtt,gpu_agent,1,979,10520
gpu_cpu_gpu_mailbox_rtt,gpu_agent,1,980,4200
gpu_cpu_gpu_mailbox_rtt,gpu_agent,1,981,10600
gpu_cpu_gpu_mailbox_rtt,gpu_agent,1,982,10360
gpu_cpu_gpu_mailbox_rtt,gpu_agent,1,983,10720
gpu_cpu_gpu_mailbox_rtt,gpu_agent,1,984,10520
gpu_cpu_gpu_mailbox_rtt,gpu_agent,1,985,4040
gpu_cpu_gpu_mailbox_rtt,gpu_agent,1,986,10000
gpu_cpu_gpu_mailbox_rtt,gpu_agent,1,987,3920
gpu_cpu_gpu_mailbox_rtt,gpu_agent,1,988,10080
gpu_cpu_gpu_mailbox_rtt,gpu_agent,1,989,16520
gpu_cpu_gpu_mailbox_rtt,gpu_agent,1,990,10040
gpu_cpu_gpu_mailbox_rtt,gpu_agent,1,991,10640
gpu_cpu_gpu_mailbox_rtt,gpu_agent,1,992,10360
gpu_cpu_gpu_mailbox_rtt,gpu_agent,1,993,4080
gpu_cpu_gpu_mailbox_rtt,gpu_agent,1,994,10680
gpu_cpu_gpu_mailbox_rtt,gpu_agent,1,995,9960
gpu_cpu_gpu_mailbox_rtt,gpu_agent,1,996,4200
gpu_cpu_gpu_mailbox_rtt,gpu_agent,1,997,4120
gpu_cpu_gpu_mailbox_rtt,gpu_agent,1,998,10040
gpu_cpu_gpu_mailbox_rtt,gpu_agent,1,999,4000
gpu_cpu_gpu_mailbox_rtt,gpu_agent,1,1000,10520
gpu_cpu_gpu_mailbox_rtt,gpu_agent,1,1001,10000
gpu_cpu_gpu_mailbox_rtt,gpu_agent,1,1002,9960
gpu_cpu_gpu_mailbox_rtt,gpu_agent,1,1003,10680
gpu_cpu_gpu_mailbox_rtt,gpu_agent,1,1004,10560
gpu_cpu_gpu_mailbox_rtt,gpu_agent,1,1005,4120
gpu_cpu_gpu_mailbox_rtt,gpu_agent,1,1006,10320
gpu_cpu_gpu_mailbox_rtt,gpu_agent,1,1007,4120
gpu_cpu_gpu_mailbox_rtt,gpu_agent,1,1008,4040
gpu_cpu_gpu_mailbox_rtt,gpu_agent,1,1009,4000
gpu_cpu_gpu_mailbox_rtt,gpu_agent,1,1010,10840
gpu_cpu_gpu_mailbox_rtt,gpu_agent,1,1011,4200
gpu_cpu_gpu_mailbox_rtt,gpu_agent,1,1012,10600
gpu_cpu_gpu_mailbox_rtt,gpu_agent,1,1013,4080
gpu_cpu_gpu_mailbox_rtt,gpu_agent,1,1014,10920
gpu_cpu_gpu_mailbox_rtt,gpu_agent,1,1015,10360
gpu_cpu_gpu_mailbox_rtt,gpu_agent,1,1016,10400
gpu_cpu_gpu_mailbox_rtt,gpu_agent,1,1017,11120
gpu_cpu_gpu_mailbox_rtt,gpu_agent,1,1018,10920
gpu_cpu_gpu_mailbox_rtt,gpu_agent,1,1019,4200
gpu_cpu_gpu_mailbox_rtt,gpu_agent,1,1020,4000
gpu_cpu_gpu_mailbox_rtt,gpu_agent,1,1021,4000
gpu_cpu_gpu_mailbox_rtt,gpu_agent,1,1022,4000
gpu_cpu_gpu_mailbox_rtt,gpu_agent,1,1023,10040
gpu_cpu_gpu_mailbox_rtt,gpu_agent,2,0,4200
gpu_cpu_gpu_mailbox_rtt,gpu_agent,2,1,4200
gpu_cpu_gpu_mailbox_rtt,gpu_agent,2,2,4200
gpu_cpu_gpu_mailbox_rtt,gpu_agent,2,3,10680
gpu_cpu_gpu_mailbox_rtt,gpu_agent,2,4,10680
gpu_cpu_gpu_mailbox_rtt,gpu_agent,2,5,10480
gpu_cpu_gpu_mailbox_rtt,gpu_agent,2,6,10680
gpu_cpu_gpu_mailbox_rtt,gpu_agent,2,7,10760
gpu_cpu_gpu_mailbox_rtt,gpu_agent,2,8,10680
gpu_cpu_gpu_mailbox_rtt,gpu_agent,2,9,10680
gpu_cpu_gpu_mailbox_rtt,gpu_agent,2,10,4200
gpu_cpu_gpu_mailbox_rtt,gpu_agent,2,11,10880
gpu_cpu_gpu_mailbox_rtt,gpu_agent,2,12,11120
gpu_cpu_gpu_mailbox_rtt,gpu_agent,2,13,4200
gpu_cpu_gpu_mailbox_rtt,gpu_agent,2,14,11120
gpu_cpu_gpu_mailbox_rtt,gpu_agent,2,15,11160
gpu_cpu_gpu_mailbox_rtt,gpu_agent,2,16,4240
gpu_cpu_gpu_mailbox_rtt,gpu_agent,2,17,11120
gpu_cpu_gpu_mailbox_rtt,gpu_agent,2,18,3920
gpu_cpu_gpu_mailbox_rtt,gpu_agent,2,19,11120
gpu_cpu_gpu_mailbox_rtt,gpu_agent,2,20,4200
gpu_cpu_gpu_mailbox_rtt,gpu_agent,2,21,11120
gpu_cpu_gpu_mailbox_rtt,gpu_agent,2,22,11120
gpu_cpu_gpu_mailbox_rtt,gpu_agent,2,23,10640
gpu_cpu_gpu_mailbox_rtt,gpu_agent,2,24,10440
gpu_cpu_gpu_mailbox_rtt,gpu_agent,2,25,4160
gpu_cpu_gpu_mailbox_rtt,gpu_agent,2,26,10720
gpu_cpu_gpu_mailbox_rtt,gpu_agent,2,27,4200
gpu_cpu_gpu_mailbox_rtt,gpu_agent,2,28,11120
gpu_cpu_gpu_mailbox_rtt,gpu_agent,2,29,4200
gpu_cpu_gpu_mailbox_rtt,gpu_agent,2,30,11080
gpu_cpu_gpu_mailbox_rtt,gpu_agent,2,31,4240
gpu_cpu_gpu_mailbox_rtt,gpu_agent,2,32,11120
gpu_cpu_gpu_mailbox_rtt,gpu_agent,2,33,4200
gpu_cpu_gpu_mailbox_rtt,gpu_agent,2,34,4240
gpu_cpu_gpu_mailbox_rtt,gpu_agent,2,35,11120
gpu_cpu_gpu_mailbox_rtt,gpu_agent,2,36,4200
gpu_cpu_gpu_mailbox_rtt,gpu_agent,2,37,11040
gpu_cpu_gpu_mailbox_rtt,gpu_agent,2,38,11080
gpu_cpu_gpu_mailbox_rtt,gpu_agent,2,39,4240
gpu_cpu_gpu_mailbox_rtt,gpu_agent,2,40,11160
gpu_cpu_gpu_mailbox_rtt,gpu_agent,2,41,11080
gpu_cpu_gpu_mailbox_rtt,gpu_agent,2,42,11120
gpu_cpu_gpu_mailbox_rtt,gpu_agent,2,43,4240
gpu_cpu_gpu_mailbox_rtt,gpu_agent,2,44,11120
gpu_cpu_gpu_mailbox_rtt,gpu_agent,2,45,11120
gpu_cpu_gpu_mailbox_rtt,gpu_agent,2,46,11120
gpu_cpu_gpu_mailbox_rtt,gpu_agent,2,47,11160
gpu_cpu_gpu_mailbox_rtt,gpu_agent,2,48,11080
gpu_cpu_gpu_mailbox_rtt,gpu_agent,2,49,11120
gpu_cpu_gpu_mailbox_rtt,gpu_agent,2,50,10880
gpu_cpu_gpu_mailbox_rtt,gpu_agent,2,51,4200
gpu_cpu_gpu_mailbox_rtt,gpu_agent,2,52,11080
gpu_cpu_gpu_mailbox_rtt,gpu_agent,2,53,11080
gpu_cpu_gpu_mailbox_rtt,gpu_agent,2,54,4280
gpu_cpu_gpu_mailbox_rtt,gpu_agent,2,55,4280
gpu_cpu_gpu_mailbox_rtt,gpu_agent,2,56,4240
gpu_cpu_gpu_mailbox_rtt,gpu_agent,2,57,4280
gpu_cpu_gpu_mailbox_rtt,gpu_agent,2,58,4320
gpu_cpu_gpu_mailbox_rtt,gpu_agent,2,59,4360
gpu_cpu_gpu_mailbox_rtt,gpu_agent,2,60,4280
gpu_cpu_gpu_mailbox_rtt,gpu_agent,2,61,4280
gpu_cpu_gpu_mailbox_rtt,gpu_agent,2,62,4320
gpu_cpu_gpu_mailbox_rtt,gpu_agent,2,63,4320
gpu_cpu_gpu_mailbox_rtt,gpu_agent,2,64,4280
gpu_cpu_gpu_mailbox_rtt,gpu_agent,2,65,4240
gpu_cpu_gpu_mailbox_rtt,gpu_agent,2,66,4280
gpu_cpu_gpu_mailbox_rtt,gpu_agent,2,67,10120
gpu_cpu_gpu_mailbox_rtt,gpu_agent,2,68,4200
gpu_cpu_gpu_mailbox_rtt,gpu_agent,2,69,11120
gpu_cpu_gpu_mailbox_rtt,gpu_agent,2,70,4240
gpu_cpu_gpu_mailbox_rtt,gpu_agent,2,71,4200
gpu_cpu_gpu_mailbox_rtt,gpu_agent,2,72,11080
gpu_cpu_gpu_mailbox_rtt,gpu_agent,2,73,4240
gpu_cpu_gpu_mailbox_rtt,gpu_agent,2,74,11080
gpu_cpu_gpu_mailbox_rtt,gpu_agent,2,75,10880
gpu_cpu_gpu_mailbox_rtt,gpu_agent,2,76,11080
gpu_cpu_gpu_mailbox_rtt,gpu_agent,2,77,4240
gpu_cpu_gpu_mailbox_rtt,gpu_agent,2,78,11080
gpu_cpu_gpu_mailbox_rtt,gpu_agent,2,79,11120
gpu_cpu_gpu_mailbox_rtt,gpu_agent,2,80,4240
gpu_cpu_gpu_mailbox_rtt,gpu_agent,2,81,11080
gpu_cpu_gpu_mailbox_rtt,gpu_agent,2,82,10640
gpu_cpu_gpu_mailbox_rtt,gpu_agent,2,83,4200
gpu_cpu_gpu_mailbox_rtt,gpu_agent,2,84,11080
gpu_cpu_gpu_mailbox_rtt,gpu_agent,2,85,4200
gpu_cpu_gpu_mailbox_rtt,gpu_agent,2,86,10320
gpu_cpu_gpu_mailbox_rtt,gpu_agent,2,87,4200
gpu_cpu_gpu_mailbox_rtt,gpu_agent,2,88,11160
gpu_cpu_gpu_mailbox_rtt,gpu_agent,2,89,3960
gpu_cpu_gpu_mailbox_rtt,gpu_agent,2,90,4320
gpu_cpu_gpu_mailbox_rtt,gpu_agent,2,91,4280
gpu_cpu_gpu_mailbox_rtt,gpu_agent,2,92,4320
gpu_cpu_gpu_mailbox_rtt,gpu_agent,2,93,4320
gpu_cpu_gpu_mailbox_rtt,gpu_agent,2,94,4280
gpu_cpu_gpu_mailbox_rtt,gpu_agent,2,95,4280
gpu_cpu_gpu_mailbox_rtt,gpu_agent,2,96,4320
gpu_cpu_gpu_mailbox_rtt,gpu_agent,2,97,11080
gpu_cpu_gpu_mailbox_rtt,gpu_agent,2,98,11040
gpu_cpu_gpu_mailbox_rtt,gpu_agent,2,99,11080
gpu_cpu_gpu_mailbox_rtt,gpu_agent,2,100,4240
gpu_cpu_gpu_mailbox_rtt,gpu_agent,2,101,11160
gpu_cpu_gpu_mailbox_rtt,gpu_agent,2,102,4200
gpu_cpu_gpu_mailbox_rtt,gpu_agent,2,103,11120
gpu_cpu_gpu_mailbox_rtt,gpu_agent,2,104,4240
gpu_cpu_gpu_mailbox_rtt,gpu_agent,2,105,10680
gpu_cpu_gpu_mailbox_rtt,gpu_agent,2,106,8760
gpu_cpu_gpu_mailbox_rtt,gpu_agent,2,107,4200
gpu_cpu_gpu_mailbox_rtt,gpu_agent,2,108,4280
gpu_cpu_gpu_mailbox_rtt,gpu_agent,2,109,4360
gpu_cpu_gpu_mailbox_rtt,gpu_agent,2,110,4320
gpu_cpu_gpu_mailbox_rtt,gpu_agent,2,111,4320
gpu_cpu_gpu_mailbox_rtt,gpu_agent,2,112,4360
gpu_cpu_gpu_mailbox_rtt,gpu_agent,2,113,4320
gpu_cpu_gpu_mailbox_rtt,gpu_agent,2,114,4320
gpu_cpu_gpu_mailbox_rtt,gpu_agent,2,115,4280
gpu_cpu_gpu_mailbox_rtt,gpu_agent,2,116,4320
gpu_cpu_gpu_mailbox_rtt,gpu_agent,2,117,4320
gpu_cpu_gpu_mailbox_rtt,gpu_agent,2,118,4320
gpu_cpu_gpu_mailbox_rtt,gpu_agent,2,119,4400
gpu_cpu_gpu_mailbox_rtt,gpu_agent,2,120,4240
gpu_cpu_gpu_mailbox_rtt,gpu_agent,2,121,4360
gpu_cpu_gpu_mailbox_rtt,gpu_agent,2,122,4280
gpu_cpu_gpu_mailbox_rtt,gpu_agent,2,123,4320
gpu_cpu_gpu_mailbox_rtt,gpu_agent,2,124,4320
gpu_cpu_gpu_mailbox_rtt,gpu_agent,2,125,11120
gpu_cpu_gpu_mailbox_rtt,gpu_agent,2,126,4240
gpu_cpu_gpu_mailbox_rtt,gpu_agent,2,127,11080
gpu_cpu_gpu_mailbox_rtt,gpu_agent,2,128,4240
gpu_cpu_gpu_mailbox_rtt,gpu_agent,2,129,11120
gpu_cpu_gpu_mailbox_rtt,gpu_agent,2,130,4200
gpu_cpu_gpu_mailbox_rtt,gpu_agent,2,131,11080
gpu_cpu_gpu_mailbox_rtt,gpu_agent,2,132,11120
gpu_cpu_gpu_mailbox_rtt,gpu_agent,2,133,4200
gpu_cpu_gpu_mailbox_rtt,gpu_agent,2,134,11080
gpu_cpu_gpu_mailbox_rtt,gpu_agent,2,135,4200
gpu_cpu_gpu_mailbox_rtt,gpu_agent,2,136,11120
gpu_cpu_gpu_mailbox_rtt,gpu_agent,2,137,4200
gpu_cpu_gpu_mailbox_rtt,gpu_agent,2,138,10880
gpu_cpu_gpu_mailbox_rtt,gpu_agent,2,139,4240
gpu_cpu_gpu_mailbox_rtt,gpu_agent,2,140,11080
gpu_cpu_gpu_mailbox_rtt,gpu_agent,2,141,11080
gpu_cpu_gpu_mailbox_rtt,gpu_agent,2,142,11160
gpu_cpu_gpu_mailbox_rtt,gpu_agent,2,143,4200
gpu_cpu_gpu_mailbox_rtt,gpu_agent,2,144,11120
gpu_cpu_gpu_mailbox_rtt,gpu_agent,2,145,10680
gpu_cpu_gpu_mailbox_rtt,gpu_agent,2,146,11120
gpu_cpu_gpu_mailbox_rtt,gpu_agent,2,147,4200
gpu_cpu_gpu_mailbox_rtt,gpu_agent,2,148,11120
gpu_cpu_gpu_mailbox_rtt,gpu_agent,2,149,11160
gpu_cpu_gpu_mailbox_rtt,gpu_agent,2,150,4200
gpu_cpu_gpu_mailbox_rtt,gpu_agent,2,151,11120
gpu_cpu_gpu_mailbox_rtt,gpu_agent,2,152,11120
gpu_cpu_gpu_mailbox_rtt,gpu_agent,2,153,11120
gpu_cpu_gpu_mailbox_rtt,gpu_agent,2,154,11160
gpu_cpu_gpu_mailbox_rtt,gpu_agent,2,155,4160
gpu_cpu_gpu_mailbox_rtt,gpu_agent,2,156,11080
gpu_cpu_gpu_mailbox_rtt,gpu_agent,2,157,4200
gpu_cpu_gpu_mailbox_rtt,gpu_agent,2,158,11120
gpu_cpu_gpu_mailbox_rtt,gpu_agent,2,159,11080
gpu_cpu_gpu_mailbox_rtt,gpu_agent,2,160,11160
gpu_cpu_gpu_mailbox_rtt,gpu_agent,2,161,4200
gpu_cpu_gpu_mailbox_rtt,gpu_agent,2,162,11120
gpu_cpu_gpu_mailbox_rtt,gpu_agent,2,163,4200
gpu_cpu_gpu_mailbox_rtt,gpu_agent,2,164,10920
gpu_cpu_gpu_mailbox_rtt,gpu_agent,2,165,4200
gpu_cpu_gpu_mailbox_rtt,gpu_agent,2,166,11120
gpu_cpu_gpu_mailbox_rtt,gpu_agent,2,167,11120
gpu_cpu_gpu_mailbox_rtt,gpu_agent,2,168,4240
gpu_cpu_gpu_mailbox_rtt,gpu_agent,2,169,11120
gpu_cpu_gpu_mailbox_rtt,gpu_agent,2,170,4200
gpu_cpu_gpu_mailbox_rtt,gpu_agent,2,171,10040
gpu_cpu_gpu_mailbox_rtt,gpu_agent,2,172,4240
gpu_cpu_gpu_mailbox_rtt,gpu_agent,2,173,11160
gpu_cpu_gpu_mailbox_rtt,gpu_agent,2,174,4200
gpu_cpu_gpu_mailbox_rtt,gpu_agent,2,175,11080
gpu_cpu_gpu_mailbox_rtt,gpu_agent,2,176,4240
gpu_cpu_gpu_mailbox_rtt,gpu_agent,2,177,11120
gpu_cpu_gpu_mailbox_rtt,gpu_agent,2,178,4120
gpu_cpu_gpu_mailbox_rtt,gpu_agent,2,179,11080
gpu_cpu_gpu_mailbox_rtt,gpu_agent,2,180,4200
gpu_cpu_gpu_mailbox_rtt,gpu_agent,2,181,11160
gpu_cpu_gpu_mailbox_rtt,gpu_agent,2,182,11120
gpu_cpu_gpu_mailbox_rtt,gpu_agent,2,183,4240
gpu_cpu_gpu_mailbox_rtt,gpu_agent,2,184,11080
gpu_cpu_gpu_mailbox_rtt,gpu_agent,2,185,10880
gpu_cpu_gpu_mailbox_rtt,gpu_agent,2,186,4240
gpu_cpu_gpu_mailbox_rtt,gpu_agent,2,187,11120
gpu_cpu_gpu_mailbox_rtt,gpu_agent,2,188,4240
gpu_cpu_gpu_mailbox_rtt,gpu_agent,2,189,11080
gpu_cpu_gpu_mailbox_rtt,gpu_agent,2,190,4200
gpu_cpu_gpu_mailbox_rtt,gpu_agent,2,191,11120
gpu_cpu_gpu_mailbox_rtt,gpu_agent,2,192,11120
gpu_cpu_gpu_mailbox_rtt,gpu_agent,2,193,11160
gpu_cpu_gpu_mailbox_rtt,gpu_agent,2,194,4200
gpu_cpu_gpu_mailbox_rtt,gpu_agent,2,195,11080
gpu_cpu_gpu_mailbox_rtt,gpu_agent,2,196,11160
gpu_cpu_gpu_mailbox_rtt,gpu_agent,2,197,10800
gpu_cpu_gpu_mailbox_rtt,gpu_agent,2,198,10920
gpu_cpu_gpu_mailbox_rtt,gpu_agent,2,199,4240
gpu_cpu_gpu_mailbox_rtt,gpu_agent,2,200,11120
gpu_cpu_gpu_mailbox_rtt,gpu_agent,2,201,11160
gpu_cpu_gpu_mailbox_rtt,gpu_agent,2,202,11120
gpu_cpu_gpu_mailbox_rtt,gpu_agent,2,203,4200
gpu_cpu_gpu_mailbox_rtt,gpu_agent,2,204,10960
gpu_cpu_gpu_mailbox_rtt,gpu_agent,2,205,4240
gpu_cpu_gpu_mailbox_rtt,gpu_agent,2,206,4200
gpu_cpu_gpu_mailbox_rtt,gpu_agent,2,207,10680
gpu_cpu_gpu_mailbox_rtt,gpu_agent,2,208,10840
gpu_cpu_gpu_mailbox_rtt,gpu_agent,2,209,4240
gpu_cpu_gpu_mailbox_rtt,gpu_agent,2,210,11120
gpu_cpu_gpu_mailbox_rtt,gpu_agent,2,211,4200
gpu_cpu_gpu_mailbox_rtt,gpu_agent,2,212,11080
gpu_cpu_gpu_mailbox_rtt,gpu_agent,2,213,11200
gpu_cpu_gpu_mailbox_rtt,gpu_agent,2,214,4200
gpu_cpu_gpu_mailbox_rtt,gpu_agent,2,215,11120
gpu_cpu_gpu_mailbox_rtt,gpu_agent,2,216,4200
gpu_cpu_gpu_mailbox_rtt,gpu_agent,2,217,4160
gpu_cpu_gpu_mailbox_rtt,gpu_agent,2,218,10920
gpu_cpu_gpu_mailbox_rtt,gpu_agent,2,219,4200
gpu_cpu_gpu_mailbox_rtt,gpu_agent,2,220,11080
gpu_cpu_gpu_mailbox_rtt,gpu_agent,2,221,4240
gpu_cpu_gpu_mailbox_rtt,gpu_agent,2,222,11120
gpu_cpu_gpu_mailbox_rtt,gpu_agent,2,223,4200
gpu_cpu_gpu_mailbox_rtt,gpu_agent,2,224,11160
gpu_cpu_gpu_mailbox_rtt,gpu_agent,2,225,11080
gpu_cpu_gpu_mailbox_rtt,gpu_agent,2,226,4440
gpu_cpu_gpu_mailbox_rtt,gpu_agent,2,227,11080
gpu_cpu_gpu_mailbox_rtt,gpu_agent,2,228,4200
gpu_cpu_gpu_mailbox_rtt,gpu_agent,2,229,11000
gpu_cpu_gpu_mailbox_rtt,gpu_agent,2,230,4280
gpu_cpu_gpu_mailbox_rtt,gpu_agent,2,231,4240
gpu_cpu_gpu_mailbox_rtt,gpu_agent,2,232,11120
gpu_cpu_gpu_mailbox_rtt,gpu_agent,2,233,4200
gpu_cpu_gpu_mailbox_rtt,gpu_agent,2,234,11080
gpu_cpu_gpu_mailbox_rtt,gpu_agent,2,235,11480
gpu_cpu_gpu_mailbox_rtt,gpu_agent,2,236,10800
gpu_cpu_gpu_mailbox_rtt,gpu_agent,2,237,4240
gpu_cpu_gpu_mailbox_rtt,gpu_agent,2,238,11120
gpu_cpu_gpu_mailbox_rtt,gpu_agent,2,239,4200
gpu_cpu_gpu_mailbox_rtt,gpu_agent,2,240,11000
gpu_cpu_gpu_mailbox_rtt,gpu_agent,2,241,4200
gpu_cpu_gpu_mailbox_rtt,gpu_agent,2,242,8080
gpu_cpu_gpu_mailbox_rtt,gpu_agent,2,243,10920
gpu_cpu_gpu_mailbox_rtt,gpu_agent,2,244,4240
gpu_cpu_gpu_mailbox_rtt,gpu_agent,2,245,11120
gpu_cpu_gpu_mailbox_rtt,gpu_agent,2,246,4280
gpu_cpu_gpu_mailbox_rtt,gpu_agent,2,247,11120
gpu_cpu_gpu_mailbox_rtt,gpu_agent,2,248,4000
gpu_cpu_gpu_mailbox_rtt,gpu_agent,2,249,10120
gpu_cpu_gpu_mailbox_rtt,gpu_agent,2,250,10360
gpu_cpu_gpu_mailbox_rtt,gpu_agent,2,251,4200
gpu_cpu_gpu_mailbox_rtt,gpu_agent,2,252,11080
gpu_cpu_gpu_mailbox_rtt,gpu_agent,2,253,4240
gpu_cpu_gpu_mailbox_rtt,gpu_agent,2,254,11080
gpu_cpu_gpu_mailbox_rtt,gpu_agent,2,255,4240
gpu_cpu_gpu_mailbox_rtt,gpu_agent,2,256,4280
gpu_cpu_gpu_mailbox_rtt,gpu_agent,2,257,4160
gpu_cpu_gpu_mailbox_rtt,gpu_agent,2,258,4000
gpu_cpu_gpu_mailbox_rtt,gpu_agent,2,259,11120
gpu_cpu_gpu_mailbox_rtt,gpu_agent,2,260,10640
gpu_cpu_gpu_mailbox_rtt,gpu_agent,2,261,11120
gpu_cpu_gpu_mailbox_rtt,gpu_agent,2,262,11160
gpu_cpu_gpu_mailbox_rtt,gpu_agent,2,263,4200
gpu_cpu_gpu_mailbox_rtt,gpu_agent,2,264,11120
gpu_cpu_gpu_mailbox_rtt,gpu_agent,2,265,4200
gpu_cpu_gpu_mailbox_rtt,gpu_agent,2,266,11120
gpu_cpu_gpu_mailbox_rtt,gpu_agent,2,267,11120
gpu_cpu_gpu_mailbox_rtt,gpu_agent,2,268,11120
gpu_cpu_gpu_mailbox_rtt,gpu_agent,2,269,11120
gpu_cpu_gpu_mailbox_rtt,gpu_agent,2,270,4240
gpu_cpu_gpu_mailbox_rtt,gpu_agent,2,271,11120
gpu_cpu_gpu_mailbox_rtt,gpu_agent,2,272,4200
gpu_cpu_gpu_mailbox_rtt,gpu_agent,2,273,11080
gpu_cpu_gpu_mailbox_rtt,gpu_agent,2,274,4320
gpu_cpu_gpu_mailbox_rtt,gpu_agent,2,275,11160
gpu_cpu_gpu_mailbox_rtt,gpu_agent,2,276,11080
gpu_cpu_gpu_mailbox_rtt,gpu_agent,2,277,4240
gpu_cpu_gpu_mailbox_rtt,gpu_agent,2,278,11120
gpu_cpu_gpu_mailbox_rtt,gpu_agent,2,279,11080
gpu_cpu_gpu_mailbox_rtt,gpu_agent,2,280,11080
gpu_cpu_gpu_mailbox_rtt,gpu_agent,2,281,11120
gpu_cpu_gpu_mailbox_rtt,gpu_agent,2,282,4240
gpu_cpu_gpu_mailbox_rtt,gpu_agent,2,283,11120
gpu_cpu_gpu_mailbox_rtt,gpu_agent,2,284,11080
gpu_cpu_gpu_mailbox_rtt,gpu_agent,2,285,4200
gpu_cpu_gpu_mailbox_rtt,gpu_agent,2,286,11120
gpu_cpu_gpu_mailbox_rtt,gpu_agent,2,287,4240
gpu_cpu_gpu_mailbox_rtt,gpu_agent,2,288,11080
gpu_cpu_gpu_mailbox_rtt,gpu_agent,2,289,4200
gpu_cpu_gpu_mailbox_rtt,gpu_agent,2,290,11200
gpu_cpu_gpu_mailbox_rtt,gpu_agent,2,291,4200
gpu_cpu_gpu_mailbox_rtt,gpu_agent,2,292,11080
gpu_cpu_gpu_mailbox_rtt,gpu_agent,2,293,10640
gpu_cpu_gpu_mailbox_rtt,gpu_agent,2,294,10680
gpu_cpu_gpu_mailbox_rtt,gpu_agent,2,295,10680
gpu_cpu_gpu_mailbox_rtt,gpu_agent,2,296,10680
gpu_cpu_gpu_mailbox_rtt,gpu_agent,2,297,10680
gpu_cpu_gpu_mailbox_rtt,gpu_agent,2,298,10720
gpu_cpu_gpu_mailbox_rtt,gpu_agent,2,299,10680
gpu_cpu_gpu_mailbox_rtt,gpu_agent,2,300,10680
gpu_cpu_gpu_mailbox_rtt,gpu_agent,2,301,10680
gpu_cpu_gpu_mailbox_rtt,gpu_agent,2,302,10680
gpu_cpu_gpu_mailbox_rtt,gpu_agent,2,303,10680
gpu_cpu_gpu_mailbox_rtt,gpu_agent,2,304,10520
gpu_cpu_gpu_mailbox_rtt,gpu_agent,2,305,10680
gpu_cpu_gpu_mailbox_rtt,gpu_agent,2,306,4200
gpu_cpu_gpu_mailbox_rtt,gpu_agent,2,307,10680
gpu_cpu_gpu_mailbox_rtt,gpu_agent,2,308,10720
gpu_cpu_gpu_mailbox_rtt,gpu_agent,2,309,10720
gpu_cpu_gpu_mailbox_rtt,gpu_agent,2,310,10680
gpu_cpu_gpu_mailbox_rtt,gpu_agent,2,311,10720
gpu_cpu_gpu_mailbox_rtt,gpu_agent,2,312,4200
gpu_cpu_gpu_mailbox_rtt,gpu_agent,2,313,10680
gpu_cpu_gpu_mailbox_rtt,gpu_agent,2,314,10640
gpu_cpu_gpu_mailbox_rtt,gpu_agent,2,315,10680
gpu_cpu_gpu_mailbox_rtt,gpu_agent,2,316,10680
gpu_cpu_gpu_mailbox_rtt,gpu_agent,2,317,10720
gpu_cpu_gpu_mailbox_rtt,gpu_agent,2,318,10680
gpu_cpu_gpu_mailbox_rtt,gpu_agent,2,319,10680
gpu_cpu_gpu_mailbox_rtt,gpu_agent,2,320,10720
gpu_cpu_gpu_mailbox_rtt,gpu_agent,2,321,10080
gpu_cpu_gpu_mailbox_rtt,gpu_agent,2,322,10680
gpu_cpu_gpu_mailbox_rtt,gpu_agent,2,323,10680
gpu_cpu_gpu_mailbox_rtt,gpu_agent,2,324,10800
gpu_cpu_gpu_mailbox_rtt,gpu_agent,2,325,10680
gpu_cpu_gpu_mailbox_rtt,gpu_agent,2,326,10680
gpu_cpu_gpu_mailbox_rtt,gpu_agent,2,327,10720
gpu_cpu_gpu_mailbox_rtt,gpu_agent,2,328,4240
gpu_cpu_gpu_mailbox_rtt,gpu_agent,2,329,11120
gpu_cpu_gpu_mailbox_rtt,gpu_agent,2,330,4200
gpu_cpu_gpu_mailbox_rtt,gpu_agent,2,331,11080
gpu_cpu_gpu_mailbox_rtt,gpu_agent,2,332,4240
gpu_cpu_gpu_mailbox_rtt,gpu_agent,2,333,11120
gpu_cpu_gpu_mailbox_rtt,gpu_agent,2,334,4240
gpu_cpu_gpu_mailbox_rtt,gpu_agent,2,335,11080
gpu_cpu_gpu_mailbox_rtt,gpu_agent,2,336,4200
gpu_cpu_gpu_mailbox_rtt,gpu_agent,2,337,11080
gpu_cpu_gpu_mailbox_rtt,gpu_agent,2,338,4240
gpu_cpu_gpu_mailbox_rtt,gpu_agent,2,339,11080
gpu_cpu_gpu_mailbox_rtt,gpu_agent,2,340,4240
gpu_cpu_gpu_mailbox_rtt,gpu_agent,2,341,11120
gpu_cpu_gpu_mailbox_rtt,gpu_agent,2,342,4240
gpu_cpu_gpu_mailbox_rtt,gpu_agent,2,343,11080
gpu_cpu_gpu_mailbox_rtt,gpu_agent,2,344,4200
gpu_cpu_gpu_mailbox_rtt,gpu_agent,2,345,11160
gpu_cpu_gpu_mailbox_rtt,gpu_agent,2,346,4240
gpu_cpu_gpu_mailbox_rtt,gpu_agent,2,347,11160
gpu_cpu_gpu_mailbox_rtt,gpu_agent,2,348,4200
gpu_cpu_gpu_mailbox_rtt,gpu_agent,2,349,11120
gpu_cpu_gpu_mailbox_rtt,gpu_agent,2,350,4200
gpu_cpu_gpu_mailbox_rtt,gpu_agent,2,351,11080
gpu_cpu_gpu_mailbox_rtt,gpu_agent,2,352,4240
gpu_cpu_gpu_mailbox_rtt,gpu_agent,2,353,11160
gpu_cpu_gpu_mailbox_rtt,gpu_agent,2,354,4200
gpu_cpu_gpu_mailbox_rtt,gpu_agent,2,355,11080
gpu_cpu_gpu_mailbox_rtt,gpu_agent,2,356,4200
gpu_cpu_gpu_mailbox_rtt,gpu_agent,2,357,10640
gpu_cpu_gpu_mailbox_rtt,gpu_agent,2,358,10640
gpu_cpu_gpu_mailbox_rtt,gpu_agent,2,359,10680
gpu_cpu_gpu_mailbox_rtt,gpu_agent,2,360,10720
gpu_cpu_gpu_mailbox_rtt,gpu_agent,2,361,10800
gpu_cpu_gpu_mailbox_rtt,gpu_agent,2,362,4200
gpu_cpu_gpu_mailbox_rtt,gpu_agent,2,363,11120
gpu_cpu_gpu_mailbox_rtt,gpu_agent,2,364,4200
gpu_cpu_gpu_mailbox_rtt,gpu_agent,2,365,10640
gpu_cpu_gpu_mailbox_rtt,gpu_agent,2,366,9080
gpu_cpu_gpu_mailbox_rtt,gpu_agent,2,367,10720
gpu_cpu_gpu_mailbox_rtt,gpu_agent,2,368,4200
gpu_cpu_gpu_mailbox_rtt,gpu_agent,2,369,11120
gpu_cpu_gpu_mailbox_rtt,gpu_agent,2,370,4200
gpu_cpu_gpu_mailbox_rtt,gpu_agent,2,371,10800
gpu_cpu_gpu_mailbox_rtt,gpu_agent,2,372,4200
gpu_cpu_gpu_mailbox_rtt,gpu_agent,2,373,11080
gpu_cpu_gpu_mailbox_rtt,gpu_agent,2,374,4280
gpu_cpu_gpu_mailbox_rtt,gpu_agent,2,375,10680
gpu_cpu_gpu_mailbox_rtt,gpu_agent,2,376,10680
gpu_cpu_gpu_mailbox_rtt,gpu_agent,2,377,4280
gpu_cpu_gpu_mailbox_rtt,gpu_agent,2,378,11120
gpu_cpu_gpu_mailbox_rtt,gpu_agent,2,379,4200
gpu_cpu_gpu_mailbox_rtt,gpu_agent,2,380,11120
gpu_cpu_gpu_mailbox_rtt,gpu_agent,2,381,4200
gpu_cpu_gpu_mailbox_rtt,gpu_agent,2,382,11080
gpu_cpu_gpu_mailbox_rtt,gpu_agent,2,383,4240
gpu_cpu_gpu_mailbox_rtt,gpu_agent,2,384,11120
gpu_cpu_gpu_mailbox_rtt,gpu_agent,2,385,11080
gpu_cpu_gpu_mailbox_rtt,gpu_agent,2,386,4200
gpu_cpu_gpu_mailbox_rtt,gpu_agent,2,387,11120
gpu_cpu_gpu_mailbox_rtt,gpu_agent,2,388,11120
gpu_cpu_gpu_mailbox_rtt,gpu_agent,2,389,11160
gpu_cpu_gpu_mailbox_rtt,gpu_agent,2,390,11080
gpu_cpu_gpu_mailbox_rtt,gpu_agent,2,391,4240
gpu_cpu_gpu_mailbox_rtt,gpu_agent,2,392,11120
gpu_cpu_gpu_mailbox_rtt,gpu_agent,2,393,11120
gpu_cpu_gpu_mailbox_rtt,gpu_agent,2,394,11160
gpu_cpu_gpu_mailbox_rtt,gpu_agent,2,395,11120
gpu_cpu_gpu_mailbox_rtt,gpu_agent,2,396,4200
gpu_cpu_gpu_mailbox_rtt,gpu_agent,2,397,10040
gpu_cpu_gpu_mailbox_rtt,gpu_agent,2,398,4280
gpu_cpu_gpu_mailbox_rtt,gpu_agent,2,399,4320
gpu_cpu_gpu_mailbox_rtt,gpu_agent,2,400,11080
gpu_cpu_gpu_mailbox_rtt,gpu_agent,2,401,11080
gpu_cpu_gpu_mailbox_rtt,gpu_agent,2,402,4200
gpu_cpu_gpu_mailbox_rtt,gpu_agent,2,403,11120
gpu_cpu_gpu_mailbox_rtt,gpu_agent,2,404,11480
gpu_cpu_gpu_mailbox_rtt,gpu_agent,2,405,4200
gpu_cpu_gpu_mailbox_rtt,gpu_agent,2,406,11080
gpu_cpu_gpu_mailbox_rtt,gpu_agent,2,407,11120
gpu_cpu_gpu_mailbox_rtt,gpu_agent,2,408,4240
gpu_cpu_gpu_mailbox_rtt,gpu_agent,2,409,11080
gpu_cpu_gpu_mailbox_rtt,gpu_agent,2,410,4200
gpu_cpu_gpu_mailbox_rtt,gpu_agent,2,411,11080
gpu_cpu_gpu_mailbox_rtt,gpu_agent,2,412,11160
gpu_cpu_gpu_mailbox_rtt,gpu_agent,2,413,4200
gpu_cpu_gpu_mailbox_rtt,gpu_agent,2,414,11120
gpu_cpu_gpu_mailbox_rtt,gpu_agent,2,415,4240
gpu_cpu_gpu_mailbox_rtt,gpu_agent,2,416,4280
gpu_cpu_gpu_mailbox_rtt,gpu_agent,2,417,11120
gpu_cpu_gpu_mailbox_rtt,gpu_agent,2,418,11480
gpu_cpu_gpu_mailbox_rtt,gpu_agent,2,419,4200
gpu_cpu_gpu_mailbox_rtt,gpu_agent,2,420,11120
gpu_cpu_gpu_mailbox_rtt,gpu_agent,2,421,11080
gpu_cpu_gpu_mailbox_rtt,gpu_agent,2,422,11160
gpu_cpu_gpu_mailbox_rtt,gpu_agent,2,423,11160
gpu_cpu_gpu_mailbox_rtt,gpu_agent,2,424,11160
gpu_cpu_gpu_mailbox_rtt,gpu_agent,2,425,4200
gpu_cpu_gpu_mailbox_rtt,gpu_agent,2,426,11080
gpu_cpu_gpu_mailbox_rtt,gpu_agent,2,427,4240
gpu_cpu_gpu_mailbox_rtt,gpu_agent,2,428,11200
gpu_cpu_gpu_mailbox_rtt,gpu_agent,2,429,4200
gpu_cpu_gpu_mailbox_rtt,gpu_agent,2,430,11120
gpu_cpu_gpu_mailbox_rtt,gpu_agent,2,431,4240
gpu_cpu_gpu_mailbox_rtt,gpu_agent,2,432,11160
gpu_cpu_gpu_mailbox_rtt,gpu_agent,2,433,11080
gpu_cpu_gpu_mailbox_rtt,gpu_agent,2,434,10680
gpu_cpu_gpu_mailbox_rtt,gpu_agent,2,435,4200
gpu_cpu_gpu_mailbox_rtt,gpu_agent,2,436,11120
gpu_cpu_gpu_mailbox_rtt,gpu_agent,2,437,11200
gpu_cpu_gpu_mailbox_rtt,gpu_agent,2,438,4200
gpu_cpu_gpu_mailbox_rtt,gpu_agent,2,439,11080
gpu_cpu_gpu_mailbox_rtt,gpu_agent,2,440,4200
gpu_cpu_gpu_mailbox_rtt,gpu_agent,2,441,11120
gpu_cpu_gpu_mailbox_rtt,gpu_agent,2,442,4200
gpu_cpu_gpu_mailbox_rtt,gpu_agent,2,443,11080
gpu_cpu_gpu_mailbox_rtt,gpu_agent,2,444,4160
gpu_cpu_gpu_mailbox_rtt,gpu_agent,2,445,11080
gpu_cpu_gpu_mailbox_rtt,gpu_agent,2,446,4200
gpu_cpu_gpu_mailbox_rtt,gpu_agent,2,447,11080
gpu_cpu_gpu_mailbox_rtt,gpu_agent,2,448,11040
gpu_cpu_gpu_mailbox_rtt,gpu_agent,2,449,4200
gpu_cpu_gpu_mailbox_rtt,gpu_agent,2,450,4200
gpu_cpu_gpu_mailbox_rtt,gpu_agent,2,451,11120
gpu_cpu_gpu_mailbox_rtt,gpu_agent,2,452,4200
gpu_cpu_gpu_mailbox_rtt,gpu_agent,2,453,11120
gpu_cpu_gpu_mailbox_rtt,gpu_agent,2,454,4280
gpu_cpu_gpu_mailbox_rtt,gpu_agent,2,455,11120
gpu_cpu_gpu_mailbox_rtt,gpu_agent,2,456,4200
gpu_cpu_gpu_mailbox_rtt,gpu_agent,2,457,11080
gpu_cpu_gpu_mailbox_rtt,gpu_agent,2,458,10640
gpu_cpu_gpu_mailbox_rtt,gpu_agent,2,459,10680
gpu_cpu_gpu_mailbox_rtt,gpu_agent,2,460,10680
gpu_cpu_gpu_mailbox_rtt,gpu_agent,2,461,10680
gpu_cpu_gpu_mailbox_rtt,gpu_agent,2,462,10680
gpu_cpu_gpu_mailbox_rtt,gpu_agent,2,463,10720
gpu_cpu_gpu_mailbox_rtt,gpu_agent,2,464,10720
gpu_cpu_gpu_mailbox_rtt,gpu_agent,2,465,10680
gpu_cpu_gpu_mailbox_rtt,gpu_agent,2,466,10640
gpu_cpu_gpu_mailbox_rtt,gpu_agent,2,467,4240
gpu_cpu_gpu_mailbox_rtt,gpu_agent,2,468,10720
gpu_cpu_gpu_mailbox_rtt,gpu_agent,2,469,10680
gpu_cpu_gpu_mailbox_rtt,gpu_agent,2,470,10680
gpu_cpu_gpu_mailbox_rtt,gpu_agent,2,471,10720
gpu_cpu_gpu_mailbox_rtt,gpu_agent,2,472,10720
gpu_cpu_gpu_mailbox_rtt,gpu_agent,2,473,10840
gpu_cpu_gpu_mailbox_rtt,gpu_agent,2,474,10680
gpu_cpu_gpu_mailbox_rtt,gpu_agent,2,475,10720
gpu_cpu_gpu_mailbox_rtt,gpu_agent,2,476,10680
gpu_cpu_gpu_mailbox_rtt,gpu_agent,2,477,11040
gpu_cpu_gpu_mailbox_rtt,gpu_agent,2,478,10720
gpu_cpu_gpu_mailbox_rtt,gpu_agent,2,479,10680
gpu_cpu_gpu_mailbox_rtt,gpu_agent,2,480,10680
gpu_cpu_gpu_mailbox_rtt,gpu_agent,2,481,10680
gpu_cpu_gpu_mailbox_rtt,gpu_agent,2,482,10680
gpu_cpu_gpu_mailbox_rtt,gpu_agent,2,483,10680
gpu_cpu_gpu_mailbox_rtt,gpu_agent,2,484,10680
gpu_cpu_gpu_mailbox_rtt,gpu_agent,2,485,10680
gpu_cpu_gpu_mailbox_rtt,gpu_agent,2,486,10680
gpu_cpu_gpu_mailbox_rtt,gpu_agent,2,487,4240
gpu_cpu_gpu_mailbox_rtt,gpu_agent,2,488,10680
gpu_cpu_gpu_mailbox_rtt,gpu_agent,2,489,9560
gpu_cpu_gpu_mailbox_rtt,gpu_agent,2,490,10000
gpu_cpu_gpu_mailbox_rtt,gpu_agent,2,491,10680
gpu_cpu_gpu_mailbox_rtt,gpu_agent,2,492,10680
gpu_cpu_gpu_mailbox_rtt,gpu_agent,2,493,10680
gpu_cpu_gpu_mailbox_rtt,gpu_agent,2,494,4120
gpu_cpu_gpu_mailbox_rtt,gpu_agent,2,495,10680
gpu_cpu_gpu_mailbox_rtt,gpu_agent,2,496,10680
gpu_cpu_gpu_mailbox_rtt,gpu_agent,2,497,10760
gpu_cpu_gpu_mailbox_rtt,gpu_agent,2,498,4160
gpu_cpu_gpu_mailbox_rtt,gpu_agent,2,499,10680
gpu_cpu_gpu_mailbox_rtt,gpu_agent,2,500,10680
gpu_cpu_gpu_mailbox_rtt,gpu_agent,2,501,10960
gpu_cpu_gpu_mailbox_rtt,gpu_agent,2,502,10680
gpu_cpu_gpu_mailbox_rtt,gpu_agent,2,503,10680
gpu_cpu_gpu_mailbox_rtt,gpu_agent,2,504,4200
gpu_cpu_gpu_mailbox_rtt,gpu_agent,2,505,10680
gpu_cpu_gpu_mailbox_rtt,gpu_agent,2,506,10760
gpu_cpu_gpu_mailbox_rtt,gpu_agent,2,507,10680
gpu_cpu_gpu_mailbox_rtt,gpu_agent,2,508,4240
gpu_cpu_gpu_mailbox_rtt,gpu_agent,2,509,10720
gpu_cpu_gpu_mailbox_rtt,gpu_agent,2,510,4120
gpu_cpu_gpu_mailbox_rtt,gpu_agent,2,511,10720
gpu_cpu_gpu_mailbox_rtt,gpu_agent,2,512,4160
gpu_cpu_gpu_mailbox_rtt,gpu_agent,2,513,4160
gpu_cpu_gpu_mailbox_rtt,gpu_agent,2,514,4160
gpu_cpu_gpu_mailbox_rtt,gpu_agent,2,515,10680
gpu_cpu_gpu_mailbox_rtt,gpu_agent,2,516,4240
gpu_cpu_gpu_mailbox_rtt,gpu_agent,2,517,10680
gpu_cpu_gpu_mailbox_rtt,gpu_agent,2,518,10720
gpu_cpu_gpu_mailbox_rtt,gpu_agent,2,519,10680
gpu_cpu_gpu_mailbox_rtt,gpu_agent,2,520,10680
gpu_cpu_gpu_mailbox_rtt,gpu_agent,2,521,4160
gpu_cpu_gpu_mailbox_rtt,gpu_agent,2,522,10680
gpu_cpu_gpu_mailbox_rtt,gpu_agent,2,523,4240
gpu_cpu_gpu_mailbox_rtt,gpu_agent,2,524,10680
gpu_cpu_gpu_mailbox_rtt,gpu_agent,2,525,10720
gpu_cpu_gpu_mailbox_rtt,gpu_agent,2,526,4240
gpu_cpu_gpu_mailbox_rtt,gpu_agent,2,527,4200
gpu_cpu_gpu_mailbox_rtt,gpu_agent,2,528,10680
gpu_cpu_gpu_mailbox_rtt,gpu_agent,2,529,11040
gpu_cpu_gpu_mailbox_rtt,gpu_agent,2,530,10680
gpu_cpu_gpu_mailbox_rtt,gpu_agent,2,531,10680
gpu_cpu_gpu_mailbox_rtt,gpu_agent,2,532,4200
gpu_cpu_gpu_mailbox_rtt,gpu_agent,2,533,10680
gpu_cpu_gpu_mailbox_rtt,gpu_agent,2,534,4160
gpu_cpu_gpu_mailbox_rtt,gpu_agent,2,535,10720
gpu_cpu_gpu_mailbox_rtt,gpu_agent,2,536,10760
gpu_cpu_gpu_mailbox_rtt,gpu_agent,2,537,10720
gpu_cpu_gpu_mailbox_rtt,gpu_agent,2,538,10680
gpu_cpu_gpu_mailbox_rtt,gpu_agent,2,539,10680
gpu_cpu_gpu_mailbox_rtt,gpu_agent,2,540,4200
gpu_cpu_gpu_mailbox_rtt,gpu_agent,2,541,4240
gpu_cpu_gpu_mailbox_rtt,gpu_agent,2,542,10640
gpu_cpu_gpu_mailbox_rtt,gpu_agent,2,543,11000
gpu_cpu_gpu_mailbox_rtt,gpu_agent,2,544,10720
gpu_cpu_gpu_mailbox_rtt,gpu_agent,2,545,10680
gpu_cpu_gpu_mailbox_rtt,gpu_agent,2,546,4240
gpu_cpu_gpu_mailbox_rtt,gpu_agent,2,547,4160
gpu_cpu_gpu_mailbox_rtt,gpu_agent,2,548,10720
gpu_cpu_gpu_mailbox_rtt,gpu_agent,2,549,10680
gpu_cpu_gpu_mailbox_rtt,gpu_agent,2,550,4160
gpu_cpu_gpu_mailbox_rtt,gpu_agent,2,551,10680
gpu_cpu_gpu_mailbox_rtt,gpu_agent,2,552,10680
gpu_cpu_gpu_mailbox_rtt,gpu_agent,2,553,10680
gpu_cpu_gpu_mailbox_rtt,gpu_agent,2,554,10720
gpu_cpu_gpu_mailbox_rtt,gpu_agent,2,555,10680
gpu_cpu_gpu_mailbox_rtt,gpu_agent,2,556,10800
gpu_cpu_gpu_mailbox_rtt,gpu_agent,2,557,4200
gpu_cpu_gpu_mailbox_rtt,gpu_agent,2,558,10680
gpu_cpu_gpu_mailbox_rtt,gpu_agent,2,559,10680
gpu_cpu_gpu_mailbox_rtt,gpu_agent,2,560,11040
gpu_cpu_gpu_mailbox_rtt,gpu_agent,2,561,4200
gpu_cpu_gpu_mailbox_rtt,gpu_agent,2,562,9920
gpu_cpu_gpu_mailbox_rtt,gpu_agent,2,563,4240
gpu_cpu_gpu_mailbox_rtt,gpu_agent,2,564,10720
gpu_cpu_gpu_mailbox_rtt,gpu_agent,2,565,11120
gpu_cpu_gpu_mailbox_rtt,gpu_agent,2,566,4200
gpu_cpu_gpu_mailbox_rtt,gpu_agent,2,567,4200
gpu_cpu_gpu_mailbox_rtt,gpu_agent,2,568,11120
gpu_cpu_gpu_mailbox_rtt,gpu_agent,2,569,4200
gpu_cpu_gpu_mailbox_rtt,gpu_agent,2,570,11080
gpu_cpu_gpu_mailbox_rtt,gpu_agent,2,571,11120
gpu_cpu_gpu_mailbox_rtt,gpu_agent,2,572,4200
gpu_cpu_gpu_mailbox_rtt,gpu_agent,2,573,11120
gpu_cpu_gpu_mailbox_rtt,gpu_agent,2,574,4240
gpu_cpu_gpu_mailbox_rtt,gpu_agent,2,575,11120
gpu_cpu_gpu_mailbox_rtt,gpu_agent,2,576,4200
gpu_cpu_gpu_mailbox_rtt,gpu_agent,2,577,11120
gpu_cpu_gpu_mailbox_rtt,gpu_agent,2,578,4200
gpu_cpu_gpu_mailbox_rtt,gpu_agent,2,579,11120
gpu_cpu_gpu_mailbox_rtt,gpu_agent,2,580,4280
gpu_cpu_gpu_mailbox_rtt,gpu_agent,2,581,4320
gpu_cpu_gpu_mailbox_rtt,gpu_agent,2,582,4320
gpu_cpu_gpu_mailbox_rtt,gpu_agent,2,583,4280
gpu_cpu_gpu_mailbox_rtt,gpu_agent,2,584,4280
gpu_cpu_gpu_mailbox_rtt,gpu_agent,2,585,4320
gpu_cpu_gpu_mailbox_rtt,gpu_agent,2,586,4280
gpu_cpu_gpu_mailbox_rtt,gpu_agent,2,587,4280
gpu_cpu_gpu_mailbox_rtt,gpu_agent,2,588,4320
gpu_cpu_gpu_mailbox_rtt,gpu_agent,2,589,4320
gpu_cpu_gpu_mailbox_rtt,gpu_agent,2,590,4280
gpu_cpu_gpu_mailbox_rtt,gpu_agent,2,591,10720
gpu_cpu_gpu_mailbox_rtt,gpu_agent,2,592,10680
gpu_cpu_gpu_mailbox_rtt,gpu_agent,2,593,4200
gpu_cpu_gpu_mailbox_rtt,gpu_agent,2,594,4200
gpu_cpu_gpu_mailbox_rtt,gpu_agent,2,595,11120
gpu_cpu_gpu_mailbox_rtt,gpu_agent,2,596,4200
gpu_cpu_gpu_mailbox_rtt,gpu_agent,2,597,11120
gpu_cpu_gpu_mailbox_rtt,gpu_agent,2,598,11120
gpu_cpu_gpu_mailbox_rtt,gpu_agent,2,599,4200
gpu_cpu_gpu_mailbox_rtt,gpu_agent,2,600,11080
gpu_cpu_gpu_mailbox_rtt,gpu_agent,2,601,11120
gpu_cpu_gpu_mailbox_rtt,gpu_agent,2,602,4200
gpu_cpu_gpu_mailbox_rtt,gpu_agent,2,603,11080
gpu_cpu_gpu_mailbox_rtt,gpu_agent,2,604,4200
gpu_cpu_gpu_mailbox_rtt,gpu_agent,2,605,3560
gpu_cpu_gpu_mailbox_rtt,gpu_agent,2,606,4280
gpu_cpu_gpu_mailbox_rtt,gpu_agent,2,607,4320
gpu_cpu_gpu_mailbox_rtt,gpu_agent,2,608,4280
gpu_cpu_gpu_mailbox_rtt,gpu_agent,2,609,4320
gpu_cpu_gpu_mailbox_rtt,gpu_agent,2,610,4320
gpu_cpu_gpu_mailbox_rtt,gpu_agent,2,611,4280
gpu_cpu_gpu_mailbox_rtt,gpu_agent,2,612,4320
gpu_cpu_gpu_mailbox_rtt,gpu_agent,2,613,4320
gpu_cpu_gpu_mailbox_rtt,gpu_agent,2,614,4280
gpu_cpu_gpu_mailbox_rtt,gpu_agent,2,615,4280
gpu_cpu_gpu_mailbox_rtt,gpu_agent,2,616,4320
gpu_cpu_gpu_mailbox_rtt,gpu_agent,2,617,4320
gpu_cpu_gpu_mailbox_rtt,gpu_agent,2,618,4280
gpu_cpu_gpu_mailbox_rtt,gpu_agent,2,619,4320
gpu_cpu_gpu_mailbox_rtt,gpu_agent,2,620,4280
gpu_cpu_gpu_mailbox_rtt,gpu_agent,2,621,10840
gpu_cpu_gpu_mailbox_rtt,gpu_agent,2,622,4200
gpu_cpu_gpu_mailbox_rtt,gpu_agent,2,623,4160
gpu_cpu_gpu_mailbox_rtt,gpu_agent,2,624,4200
gpu_cpu_gpu_mailbox_rtt,gpu_agent,2,625,11080
gpu_cpu_gpu_mailbox_rtt,gpu_agent,2,626,10680
gpu_cpu_gpu_mailbox_rtt,gpu_agent,2,627,8760
gpu_cpu_gpu_mailbox_rtt,gpu_agent,2,628,4160
gpu_cpu_gpu_mailbox_rtt,gpu_agent,2,629,10920
gpu_cpu_gpu_mailbox_rtt,gpu_agent,2,630,4240
gpu_cpu_gpu_mailbox_rtt,gpu_agent,2,631,4200
gpu_cpu_gpu_mailbox_rtt,gpu_agent,2,632,4240
gpu_cpu_gpu_mailbox_rtt,gpu_agent,2,633,4200
gpu_cpu_gpu_mailbox_rtt,gpu_agent,2,634,4200
gpu_cpu_gpu_mailbox_rtt,gpu_agent,2,635,4240
gpu_cpu_gpu_mailbox_rtt,gpu_agent,2,636,11120
gpu_cpu_gpu_mailbox_rtt,gpu_agent,2,637,4240
gpu_cpu_gpu_mailbox_rtt,gpu_agent,2,638,4200
gpu_cpu_gpu_mailbox_rtt,gpu_agent,2,639,11160
gpu_cpu_gpu_mailbox_rtt,gpu_agent,2,640,4240
gpu_cpu_gpu_mailbox_rtt,gpu_agent,2,641,11160
gpu_cpu_gpu_mailbox_rtt,gpu_agent,2,642,4200
gpu_cpu_gpu_mailbox_rtt,gpu_agent,2,643,11160
gpu_cpu_gpu_mailbox_rtt,gpu_agent,2,644,4200
gpu_cpu_gpu_mailbox_rtt,gpu_agent,2,645,11120
gpu_cpu_gpu_mailbox_rtt,gpu_agent,2,646,11120
gpu_cpu_gpu_mailbox_rtt,gpu_agent,2,647,4240
gpu_cpu_gpu_mailbox_rtt,gpu_agent,2,648,4240
gpu_cpu_gpu_mailbox_rtt,gpu_agent,2,649,11080
gpu_cpu_gpu_mailbox_rtt,gpu_agent,2,650,4200
gpu_cpu_gpu_mailbox_rtt,gpu_agent,2,651,4320
gpu_cpu_gpu_mailbox_rtt,gpu_agent,2,652,4320
gpu_cpu_gpu_mailbox_rtt,gpu_agent,2,653,4280
gpu_cpu_gpu_mailbox_rtt,gpu_agent,2,654,4320
gpu_cpu_gpu_mailbox_rtt,gpu_agent,2,655,4320
gpu_cpu_gpu_mailbox_rtt,gpu_agent,2,656,11200
gpu_cpu_gpu_mailbox_rtt,gpu_agent,2,657,4200
gpu_cpu_gpu_mailbox_rtt,gpu_agent,2,658,11120
gpu_cpu_gpu_mailbox_rtt,gpu_agent,2,659,11120
gpu_cpu_gpu_mailbox_rtt,gpu_agent,2,660,11120
gpu_cpu_gpu_mailbox_rtt,gpu_agent,2,661,4200
gpu_cpu_gpu_mailbox_rtt,gpu_agent,2,662,11080
gpu_cpu_gpu_mailbox_rtt,gpu_agent,2,663,11040
gpu_cpu_gpu_mailbox_rtt,gpu_agent,2,664,4240
gpu_cpu_gpu_mailbox_rtt,gpu_agent,2,665,11080
gpu_cpu_gpu_mailbox_rtt,gpu_agent,2,666,4200
gpu_cpu_gpu_mailbox_rtt,gpu_agent,2,667,11080
gpu_cpu_gpu_mailbox_rtt,gpu_agent,2,668,10640
gpu_cpu_gpu_mailbox_rtt,gpu_agent,2,669,4200
gpu_cpu_gpu_mailbox_rtt,gpu_agent,2,670,4160
gpu_cpu_gpu_mailbox_rtt,gpu_agent,2,671,10480
gpu_cpu_gpu_mailbox_rtt,gpu_agent,2,672,4120
gpu_cpu_gpu_mailbox_rtt,gpu_agent,2,673,4120
gpu_cpu_gpu_mailbox_rtt,gpu_agent,2,674,10920
gpu_cpu_gpu_mailbox_rtt,gpu_agent,2,675,10680
gpu_cpu_gpu_mailbox_rtt,gpu_agent,2,676,10680
gpu_cpu_gpu_mailbox_rtt,gpu_agent,2,677,10680
gpu_cpu_gpu_mailbox_rtt,gpu_agent,2,678,10040
gpu_cpu_gpu_mailbox_rtt,gpu_agent,2,679,10000
gpu_cpu_gpu_mailbox_rtt,gpu_agent,2,680,10000
gpu_cpu_gpu_mailbox_rtt,gpu_agent,2,681,10000
gpu_cpu_gpu_mailbox_rtt,gpu_agent,2,682,10000
gpu_cpu_gpu_mailbox_rtt,gpu_agent,2,683,10480
gpu_cpu_gpu_mailbox_rtt,gpu_agent,2,684,10040
gpu_cpu_gpu_mailbox_rtt,gpu_agent,2,685,10160
gpu_cpu_gpu_mailbox_rtt,gpu_agent,2,686,10040
gpu_cpu_gpu_mailbox_rtt,gpu_agent,2,687,10040
gpu_cpu_gpu_mailbox_rtt,gpu_agent,2,688,10680
gpu_cpu_gpu_mailbox_rtt,gpu_agent,2,689,10040
gpu_cpu_gpu_mailbox_rtt,gpu_agent,2,690,10000
gpu_cpu_gpu_mailbox_rtt,gpu_agent,2,691,10040
gpu_cpu_gpu_mailbox_rtt,gpu_agent,2,692,10000
gpu_cpu_gpu_mailbox_rtt,gpu_agent,2,693,10480
gpu_cpu_gpu_mailbox_rtt,gpu_agent,2,694,10680
gpu_cpu_gpu_mailbox_rtt,gpu_agent,2,695,10680
gpu_cpu_gpu_mailbox_rtt,gpu_agent,2,696,10640
gpu_cpu_gpu_mailbox_rtt,gpu_agent,2,697,10720
gpu_cpu_gpu_mailbox_rtt,gpu_agent,2,698,10680
gpu_cpu_gpu_mailbox_rtt,gpu_agent,2,699,10680
gpu_cpu_gpu_mailbox_rtt,gpu_agent,2,700,4160
gpu_cpu_gpu_mailbox_rtt,gpu_agent,2,701,10680
gpu_cpu_gpu_mailbox_rtt,gpu_agent,2,702,10720
gpu_cpu_gpu_mailbox_rtt,gpu_agent,2,703,10680
gpu_cpu_gpu_mailbox_rtt,gpu_agent,2,704,10680
gpu_cpu_gpu_mailbox_rtt,gpu_agent,2,705,4160
gpu_cpu_gpu_mailbox_rtt,gpu_agent,2,706,10680
gpu_cpu_gpu_mailbox_rtt,gpu_agent,2,707,10680
gpu_cpu_gpu_mailbox_rtt,gpu_agent,2,708,10560
gpu_cpu_gpu_mailbox_rtt,gpu_agent,2,709,10680
gpu_cpu_gpu_mailbox_rtt,gpu_agent,2,710,10680
gpu_cpu_gpu_mailbox_rtt,gpu_agent,2,711,10720
gpu_cpu_gpu_mailbox_rtt,gpu_agent,2,712,10760
gpu_cpu_gpu_mailbox_rtt,gpu_agent,2,713,10720
gpu_cpu_gpu_mailbox_rtt,gpu_agent,2,714,10720
gpu_cpu_gpu_mailbox_rtt,gpu_agent,2,715,10800
gpu_cpu_gpu_mailbox_rtt,gpu_agent,2,716,10720
gpu_cpu_gpu_mailbox_rtt,gpu_agent,2,717,10720
gpu_cpu_gpu_mailbox_rtt,gpu_agent,2,718,10720
gpu_cpu_gpu_mailbox_rtt,gpu_agent,2,719,10680
gpu_cpu_gpu_mailbox_rtt,gpu_agent,2,720,10640
gpu_cpu_gpu_mailbox_rtt,gpu_agent,2,721,10680
gpu_cpu_gpu_mailbox_rtt,gpu_agent,2,722,10720
gpu_cpu_gpu_mailbox_rtt,gpu_agent,2,723,4160
gpu_cpu_gpu_mailbox_rtt,gpu_agent,2,724,10760
gpu_cpu_gpu_mailbox_rtt,gpu_agent,2,725,11040
gpu_cpu_gpu_mailbox_rtt,gpu_agent,2,726,10720
gpu_cpu_gpu_mailbox_rtt,gpu_agent,2,727,4200
gpu_cpu_gpu_mailbox_rtt,gpu_agent,2,728,10680
gpu_cpu_gpu_mailbox_rtt,gpu_agent,2,729,10720
gpu_cpu_gpu_mailbox_rtt,gpu_agent,2,730,10880
gpu_cpu_gpu_mailbox_rtt,gpu_agent,2,731,10680
gpu_cpu_gpu_mailbox_rtt,gpu_agent,2,732,4240
gpu_cpu_gpu_mailbox_rtt,gpu_agent,2,733,4200
gpu_cpu_gpu_mailbox_rtt,gpu_agent,2,734,11120
gpu_cpu_gpu_mailbox_rtt,gpu_agent,2,735,10680
gpu_cpu_gpu_mailbox_rtt,gpu_agent,2,736,11120
gpu_cpu_gpu_mailbox_rtt,gpu_agent,2,737,11120
gpu_cpu_gpu_mailbox_rtt,gpu_agent,2,738,4200
gpu_cpu_gpu_mailbox_rtt,gpu_agent,2,739,11160
gpu_cpu_gpu_mailbox_rtt,gpu_agent,2,740,4240
gpu_cpu_gpu_mailbox_rtt,gpu_agent,2,741,11120
gpu_cpu_gpu_mailbox_rtt,gpu_agent,2,742,4200
gpu_cpu_gpu_mailbox_rtt,gpu_agent,2,743,11120
gpu_cpu_gpu_mailbox_rtt,gpu_agent,2,744,4200
gpu_cpu_gpu_mailbox_rtt,gpu_agent,2,745,11080
gpu_cpu_gpu_mailbox_rtt,gpu_agent,2,746,4240
gpu_cpu_gpu_mailbox_rtt,gpu_agent,2,747,11080
gpu_cpu_gpu_mailbox_rtt,gpu_agent,2,748,4240
gpu_cpu_gpu_mailbox_rtt,gpu_agent,2,749,10800
gpu_cpu_gpu_mailbox_rtt,gpu_agent,2,750,4200
gpu_cpu_gpu_mailbox_rtt,gpu_agent,2,751,11120
gpu_cpu_gpu_mailbox_rtt,gpu_agent,2,752,4200
gpu_cpu_gpu_mailbox_rtt,gpu_agent,2,753,4200
gpu_cpu_gpu_mailbox_rtt,gpu_agent,2,754,10680
gpu_cpu_gpu_mailbox_rtt,gpu_agent,2,755,8120
gpu_cpu_gpu_mailbox_rtt,gpu_agent,2,756,10680
gpu_cpu_gpu_mailbox_rtt,gpu_agent,2,757,11200
gpu_cpu_gpu_mailbox_rtt,gpu_agent,2,758,11120
gpu_cpu_gpu_mailbox_rtt,gpu_agent,2,759,4240
gpu_cpu_gpu_mailbox_rtt,gpu_agent,2,760,11120
gpu_cpu_gpu_mailbox_rtt,gpu_agent,2,761,4200
gpu_cpu_gpu_mailbox_rtt,gpu_agent,2,762,11120
gpu_cpu_gpu_mailbox_rtt,gpu_agent,2,763,4240
gpu_cpu_gpu_mailbox_rtt,gpu_agent,2,764,10720
gpu_cpu_gpu_mailbox_rtt,gpu_agent,2,765,4000
gpu_cpu_gpu_mailbox_rtt,gpu_agent,2,766,4000
gpu_cpu_gpu_mailbox_rtt,gpu_agent,2,767,4000
gpu_cpu_gpu_mailbox_rtt,gpu_agent,2,768,3960
gpu_cpu_gpu_mailbox_rtt,gpu_agent,2,769,3960
gpu_cpu_gpu_mailbox_rtt,gpu_agent,2,770,10000
gpu_cpu_gpu_mailbox_rtt,gpu_agent,2,771,4000
gpu_cpu_gpu_mailbox_rtt,gpu_agent,2,772,10760
gpu_cpu_gpu_mailbox_rtt,gpu_agent,2,773,10000
gpu_cpu_gpu_mailbox_rtt,gpu_agent,2,774,10000
gpu_cpu_gpu_mailbox_rtt,gpu_agent,2,775,10040
gpu_cpu_gpu_mailbox_rtt,gpu_agent,2,776,10000
gpu_cpu_gpu_mailbox_rtt,gpu_agent,2,777,10480
gpu_cpu_gpu_mailbox_rtt,gpu_agent,2,778,4120
gpu_cpu_gpu_mailbox_rtt,gpu_agent,2,779,10040
gpu_cpu_gpu_mailbox_rtt,gpu_agent,2,780,4000
gpu_cpu_gpu_mailbox_rtt,gpu_agent,2,781,10520
gpu_cpu_gpu_mailbox_rtt,gpu_agent,2,782,4000
gpu_cpu_gpu_mailbox_rtt,gpu_agent,2,783,10480
gpu_cpu_gpu_mailbox_rtt,gpu_agent,2,784,9680
gpu_cpu_gpu_mailbox_rtt,gpu_agent,2,785,4200
gpu_cpu_gpu_mailbox_rtt,gpu_agent,2,786,11120
gpu_cpu_gpu_mailbox_rtt,gpu_agent,2,787,4200
gpu_cpu_gpu_mailbox_rtt,gpu_agent,2,788,11080
gpu_cpu_gpu_mailbox_rtt,gpu_agent,2,789,4200
gpu_cpu_gpu_mailbox_rtt,gpu_agent,2,790,4280
gpu_cpu_gpu_mailbox_rtt,gpu_agent,2,791,4280
gpu_cpu_gpu_mailbox_rtt,gpu_agent,2,792,4280
gpu_cpu_gpu_mailbox_rtt,gpu_agent,2,793,4280
gpu_cpu_gpu_mailbox_rtt,gpu_agent,2,794,11240
gpu_cpu_gpu_mailbox_rtt,gpu_agent,2,795,4200
gpu_cpu_gpu_mailbox_rtt,gpu_agent,2,796,11120
gpu_cpu_gpu_mailbox_rtt,gpu_agent,2,797,4200
gpu_cpu_gpu_mailbox_rtt,gpu_agent,2,798,11080
gpu_cpu_gpu_mailbox_rtt,gpu_agent,2,799,4240
gpu_cpu_gpu_mailbox_rtt,gpu_agent,2,800,11120
gpu_cpu_gpu_mailbox_rtt,gpu_agent,2,801,4200
gpu_cpu_gpu_mailbox_rtt,gpu_agent,2,802,4200
gpu_cpu_gpu_mailbox_rtt,gpu_agent,2,803,11160
gpu_cpu_gpu_mailbox_rtt,gpu_agent,2,804,4240
gpu_cpu_gpu_mailbox_rtt,gpu_agent,2,805,11120
gpu_cpu_gpu_mailbox_rtt,gpu_agent,2,806,4240
gpu_cpu_gpu_mailbox_rtt,gpu_agent,2,807,11160
gpu_cpu_gpu_mailbox_rtt,gpu_agent,2,808,4240
gpu_cpu_gpu_mailbox_rtt,gpu_agent,2,809,11080
gpu_cpu_gpu_mailbox_rtt,gpu_agent,2,810,4200
gpu_cpu_gpu_mailbox_rtt,gpu_agent,2,811,11080
gpu_cpu_gpu_mailbox_rtt,gpu_agent,2,812,4320
gpu_cpu_gpu_mailbox_rtt,gpu_agent,2,813,4280
gpu_cpu_gpu_mailbox_rtt,gpu_agent,2,814,4280
gpu_cpu_gpu_mailbox_rtt,gpu_agent,2,815,4280
gpu_cpu_gpu_mailbox_rtt,gpu_agent,2,816,4280
gpu_cpu_gpu_mailbox_rtt,gpu_agent,2,817,4280
gpu_cpu_gpu_mailbox_rtt,gpu_agent,2,818,4320
gpu_cpu_gpu_mailbox_rtt,gpu_agent,2,819,4320
gpu_cpu_gpu_mailbox_rtt,gpu_agent,2,820,4280
gpu_cpu_gpu_mailbox_rtt,gpu_agent,2,821,4320
gpu_cpu_gpu_mailbox_rtt,gpu_agent,2,822,4320
gpu_cpu_gpu_mailbox_rtt,gpu_agent,2,823,4280
gpu_cpu_gpu_mailbox_rtt,gpu_agent,2,824,10680
gpu_cpu_gpu_mailbox_rtt,gpu_agent,2,825,10680
gpu_cpu_gpu_mailbox_rtt,gpu_agent,2,826,10680
gpu_cpu_gpu_mailbox_rtt,gpu_agent,2,827,10680
gpu_cpu_gpu_mailbox_rtt,gpu_agent,2,828,10480
gpu_cpu_gpu_mailbox_rtt,gpu_agent,2,829,4200
gpu_cpu_gpu_mailbox_rtt,gpu_agent,2,830,10800
gpu_cpu_gpu_mailbox_rtt,gpu_agent,2,831,4240
gpu_cpu_gpu_mailbox_rtt,gpu_agent,2,832,4200
gpu_cpu_gpu_mailbox_rtt,gpu_agent,2,833,11160
gpu_cpu_gpu_mailbox_rtt,gpu_agent,2,834,11080
gpu_cpu_gpu_mailbox_rtt,gpu_agent,2,835,4200
gpu_cpu_gpu_mailbox_rtt,gpu_agent,2,836,11080
gpu_cpu_gpu_mailbox_rtt,gpu_agent,2,837,4240
gpu_cpu_gpu_mailbox_rtt,gpu_agent,2,838,11160
gpu_cpu_gpu_mailbox_rtt,gpu_agent,2,839,4200
gpu_cpu_gpu_mailbox_rtt,gpu_agent,2,840,11080
gpu_cpu_gpu_mailbox_rtt,gpu_agent,2,841,4240
gpu_cpu_gpu_mailbox_rtt,gpu_agent,2,842,11080
gpu_cpu_gpu_mailbox_rtt,gpu_agent,2,843,4200
gpu_cpu_gpu_mailbox_rtt,gpu_agent,2,844,11120
gpu_cpu_gpu_mailbox_rtt,gpu_agent,2,845,4200
gpu_cpu_gpu_mailbox_rtt,gpu_agent,2,846,11080
gpu_cpu_gpu_mailbox_rtt,gpu_agent,2,847,4200
gpu_cpu_gpu_mailbox_rtt,gpu_agent,2,848,11120
gpu_cpu_gpu_mailbox_rtt,gpu_agent,2,849,11080
gpu_cpu_gpu_mailbox_rtt,gpu_agent,2,850,4200
gpu_cpu_gpu_mailbox_rtt,gpu_agent,2,851,11120
gpu_cpu_gpu_mailbox_rtt,gpu_agent,2,852,4280
gpu_cpu_gpu_mailbox_rtt,gpu_agent,2,853,4280
gpu_cpu_gpu_mailbox_rtt,gpu_agent,2,854,4320
gpu_cpu_gpu_mailbox_rtt,gpu_agent,2,855,4320
gpu_cpu_gpu_mailbox_rtt,gpu_agent,2,856,4320
gpu_cpu_gpu_mailbox_rtt,gpu_agent,2,857,10680
gpu_cpu_gpu_mailbox_rtt,gpu_agent,2,858,4280
gpu_cpu_gpu_mailbox_rtt,gpu_agent,2,859,11120
gpu_cpu_gpu_mailbox_rtt,gpu_agent,2,860,4200
gpu_cpu_gpu_mailbox_rtt,gpu_agent,2,861,11120
gpu_cpu_gpu_mailbox_rtt,gpu_agent,2,862,4200
gpu_cpu_gpu_mailbox_rtt,gpu_agent,2,863,11200
gpu_cpu_gpu_mailbox_rtt,gpu_agent,2,864,4160
gpu_cpu_gpu_mailbox_rtt,gpu_agent,2,865,11080
gpu_cpu_gpu_mailbox_rtt,gpu_agent,2,866,4200
gpu_cpu_gpu_mailbox_rtt,gpu_agent,2,867,4160
gpu_cpu_gpu_mailbox_rtt,gpu_agent,2,868,4200
gpu_cpu_gpu_mailbox_rtt,gpu_agent,2,869,4200
gpu_cpu_gpu_mailbox_rtt,gpu_agent,2,870,11120
gpu_cpu_gpu_mailbox_rtt,gpu_agent,2,871,4240
gpu_cpu_gpu_mailbox_rtt,gpu_agent,2,872,10680
gpu_cpu_gpu_mailbox_rtt,gpu_agent,2,873,3960
gpu_cpu_gpu_mailbox_rtt,gpu_agent,2,874,4000
gpu_cpu_gpu_mailbox_rtt,gpu_agent,2,875,10480
gpu_cpu_gpu_mailbox_rtt,gpu_agent,2,876,10000
gpu_cpu_gpu_mailbox_rtt,gpu_agent,2,877,10000
gpu_cpu_gpu_mailbox_rtt,gpu_agent,2,878,11080
gpu_cpu_gpu_mailbox_rtt,gpu_agent,2,879,11160
gpu_cpu_gpu_mailbox_rtt,gpu_agent,2,880,11120
gpu_cpu_gpu_mailbox_rtt,gpu_agent,2,881,4200
gpu_cpu_gpu_mailbox_rtt,gpu_agent,2,882,10920
gpu_cpu_gpu_mailbox_rtt,gpu_agent,2,883,4000
gpu_cpu_gpu_mailbox_rtt,gpu_agent,2,884,10480
gpu_cpu_gpu_mailbox_rtt,gpu_agent,2,885,10480
gpu_cpu_gpu_mailbox_rtt,gpu_agent,2,886,10440
gpu_cpu_gpu_mailbox_rtt,gpu_agent,2,887,4000
gpu_cpu_gpu_mailbox_rtt,gpu_agent,2,888,4200
gpu_cpu_gpu_mailbox_rtt,gpu_agent,2,889,11080
gpu_cpu_gpu_mailbox_rtt,gpu_agent,2,890,4200
gpu_cpu_gpu_mailbox_rtt,gpu_agent,2,891,11120
gpu_cpu_gpu_mailbox_rtt,gpu_agent,2,892,4200
gpu_cpu_gpu_mailbox_rtt,gpu_agent,2,893,11080
gpu_cpu_gpu_mailbox_rtt,gpu_agent,2,894,4240
gpu_cpu_gpu_mailbox_rtt,gpu_agent,2,895,11080
gpu_cpu_gpu_mailbox_rtt,gpu_agent,2,896,4200
gpu_cpu_gpu_mailbox_rtt,gpu_agent,2,897,4240
gpu_cpu_gpu_mailbox_rtt,gpu_agent,2,898,8040
gpu_cpu_gpu_mailbox_rtt,gpu_agent,2,899,4280
gpu_cpu_gpu_mailbox_rtt,gpu_agent,2,900,11080
gpu_cpu_gpu_mailbox_rtt,gpu_agent,2,901,4240
gpu_cpu_gpu_mailbox_rtt,gpu_agent,2,902,4200
gpu_cpu_gpu_mailbox_rtt,gpu_agent,2,903,11120
gpu_cpu_gpu_mailbox_rtt,gpu_agent,2,904,4160
gpu_cpu_gpu_mailbox_rtt,gpu_agent,2,905,11120
gpu_cpu_gpu_mailbox_rtt,gpu_agent,2,906,4200
gpu_cpu_gpu_mailbox_rtt,gpu_agent,2,907,11120
gpu_cpu_gpu_mailbox_rtt,gpu_agent,2,908,4200
gpu_cpu_gpu_mailbox_rtt,gpu_agent,2,909,10680
gpu_cpu_gpu_mailbox_rtt,gpu_agent,2,910,10640
gpu_cpu_gpu_mailbox_rtt,gpu_agent,2,911,10480
gpu_cpu_gpu_mailbox_rtt,gpu_agent,2,912,10680
gpu_cpu_gpu_mailbox_rtt,gpu_agent,2,913,10560
gpu_cpu_gpu_mailbox_rtt,gpu_agent,2,914,4000
gpu_cpu_gpu_mailbox_rtt,gpu_agent,2,915,10480
gpu_cpu_gpu_mailbox_rtt,gpu_agent,2,916,3960
gpu_cpu_gpu_mailbox_rtt,gpu_agent,2,917,4000
gpu_cpu_gpu_mailbox_rtt,gpu_agent,2,918,4040
gpu_cpu_gpu_mailbox_rtt,gpu_agent,2,919,4000
gpu_cpu_gpu_mailbox_rtt,gpu_agent,2,920,11160
gpu_cpu_gpu_mailbox_rtt,gpu_agent,2,921,4240
gpu_cpu_gpu_mailbox_rtt,gpu_agent,2,922,4000
gpu_cpu_gpu_mailbox_rtt,gpu_agent,2,923,3960
gpu_cpu_gpu_mailbox_rtt,gpu_agent,2,924,4000
gpu_cpu_gpu_mailbox_rtt,gpu_agent,2,925,10720
gpu_cpu_gpu_mailbox_rtt,gpu_agent,2,926,10480
gpu_cpu_gpu_mailbox_rtt,gpu_agent,2,927,4000
gpu_cpu_gpu_mailbox_rtt,gpu_agent,2,928,10920
gpu_cpu_gpu_mailbox_rtt,gpu_agent,2,929,4280
gpu_cpu_gpu_mailbox_rtt,gpu_agent,2,930,4280
gpu_cpu_gpu_mailbox_rtt,gpu_agent,2,931,4320
gpu_cpu_gpu_mailbox_rtt,gpu_agent,2,932,4320
gpu_cpu_gpu_mailbox_rtt,gpu_agent,2,933,4280
gpu_cpu_gpu_mailbox_rtt,gpu_agent,2,934,4320
gpu_cpu_gpu_mailbox_rtt,gpu_agent,2,935,4320
gpu_cpu_gpu_mailbox_rtt,gpu_agent,2,936,4320
gpu_cpu_gpu_mailbox_rtt,gpu_agent,2,937,4320
gpu_cpu_gpu_mailbox_rtt,gpu_agent,2,938,4320
gpu_cpu_gpu_mailbox_rtt,gpu_agent,2,939,4320
gpu_cpu_gpu_mailbox_rtt,gpu_agent,2,940,4320
gpu_cpu_gpu_mailbox_rtt,gpu_agent,2,941,4320
gpu_cpu_gpu_mailbox_rtt,gpu_agent,2,942,4280
gpu_cpu_gpu_mailbox_rtt,gpu_agent,2,943,4320
gpu_cpu_gpu_mailbox_rtt,gpu_agent,2,944,4320
gpu_cpu_gpu_mailbox_rtt,gpu_agent,2,945,4320
gpu_cpu_gpu_mailbox_rtt,gpu_agent,2,946,4320
gpu_cpu_gpu_mailbox_rtt,gpu_agent,2,947,4320
gpu_cpu_gpu_mailbox_rtt,gpu_agent,2,948,4320
gpu_cpu_gpu_mailbox_rtt,gpu_agent,2,949,4280
gpu_cpu_gpu_mailbox_rtt,gpu_agent,2,950,4320
gpu_cpu_gpu_mailbox_rtt,gpu_agent,2,951,4320
gpu_cpu_gpu_mailbox_rtt,gpu_agent,2,952,4280
gpu_cpu_gpu_mailbox_rtt,gpu_agent,2,953,4360
gpu_cpu_gpu_mailbox_rtt,gpu_agent,2,954,4320
gpu_cpu_gpu_mailbox_rtt,gpu_agent,2,955,4320
gpu_cpu_gpu_mailbox_rtt,gpu_agent,2,956,4280
gpu_cpu_gpu_mailbox_rtt,gpu_agent,2,957,4320
gpu_cpu_gpu_mailbox_rtt,gpu_agent,2,958,4280
gpu_cpu_gpu_mailbox_rtt,gpu_agent,2,959,4320
gpu_cpu_gpu_mailbox_rtt,gpu_agent,2,960,4360
gpu_cpu_gpu_mailbox_rtt,gpu_agent,2,961,11240
gpu_cpu_gpu_mailbox_rtt,gpu_agent,2,962,4200
gpu_cpu_gpu_mailbox_rtt,gpu_agent,2,963,10400
gpu_cpu_gpu_mailbox_rtt,gpu_agent,2,964,11160
gpu_cpu_gpu_mailbox_rtt,gpu_agent,2,965,4200
gpu_cpu_gpu_mailbox_rtt,gpu_agent,2,966,11120
gpu_cpu_gpu_mailbox_rtt,gpu_agent,2,967,11120
gpu_cpu_gpu_mailbox_rtt,gpu_agent,2,968,4200
gpu_cpu_gpu_mailbox_rtt,gpu_agent,2,969,11080
gpu_cpu_gpu_mailbox_rtt,gpu_agent,2,970,4200
gpu_cpu_gpu_mailbox_rtt,gpu_agent,2,971,4200
gpu_cpu_gpu_mailbox_rtt,gpu_agent,2,972,11080
gpu_cpu_gpu_mailbox_rtt,gpu_agent,2,973,4160
gpu_cpu_gpu_mailbox_rtt,gpu_agent,2,974,11080
gpu_cpu_gpu_mailbox_rtt,gpu_agent,2,975,10680
gpu_cpu_gpu_mailbox_rtt,gpu_agent,2,976,10640
gpu_cpu_gpu_mailbox_rtt,gpu_agent,2,977,10680
gpu_cpu_gpu_mailbox_rtt,gpu_agent,2,978,10640
gpu_cpu_gpu_mailbox_rtt,gpu_agent,2,979,10680
gpu_cpu_gpu_mailbox_rtt,gpu_agent,2,980,10680
gpu_cpu_gpu_mailbox_rtt,gpu_agent,2,981,9920
gpu_cpu_gpu_mailbox_rtt,gpu_agent,2,982,11040
gpu_cpu_gpu_mailbox_rtt,gpu_agent,2,983,10680
gpu_cpu_gpu_mailbox_rtt,gpu_agent,2,984,10240
gpu_cpu_gpu_mailbox_rtt,gpu_agent,2,985,10000
gpu_cpu_gpu_mailbox_rtt,gpu_agent,2,986,10000
gpu_cpu_gpu_mailbox_rtt,gpu_agent,2,987,10080
gpu_cpu_gpu_mailbox_rtt,gpu_agent,2,988,10000
gpu_cpu_gpu_mailbox_rtt,gpu_agent,2,989,10680
gpu_cpu_gpu_mailbox_rtt,gpu_agent,2,990,10680
gpu_cpu_gpu_mailbox_rtt,gpu_agent,2,991,10680
gpu_cpu_gpu_mailbox_rtt,gpu_agent,2,992,10680
gpu_cpu_gpu_mailbox_rtt,gpu_agent,2,993,10680
gpu_cpu_gpu_mailbox_rtt,gpu_agent,2,994,10680
gpu_cpu_gpu_mailbox_rtt,gpu_agent,2,995,10720
gpu_cpu_gpu_mailbox_rtt,gpu_agent,2,996,10720
gpu_cpu_gpu_mailbox_rtt,gpu_agent,2,997,10800
gpu_cpu_gpu_mailbox_rtt,gpu_agent,2,998,10680
gpu_cpu_gpu_mailbox_rtt,gpu_agent,2,999,10680
gpu_cpu_gpu_mailbox_rtt,gpu_agent,2,1000,10440
gpu_cpu_gpu_mailbox_rtt,gpu_agent,2,1001,10040
gpu_cpu_gpu_mailbox_rtt,gpu_agent,2,1002,10040
gpu_cpu_gpu_mailbox_rtt,gpu_agent,2,1003,10040
gpu_cpu_gpu_mailbox_rtt,gpu_agent,2,1004,10040
gpu_cpu_gpu_mailbox_rtt,gpu_agent,2,1005,10440
gpu_cpu_gpu_mailbox_rtt,gpu_agent,2,1006,10680
gpu_cpu_gpu_mailbox_rtt,gpu_agent,2,1007,10680
gpu_cpu_gpu_mailbox_rtt,gpu_agent,2,1008,10680
gpu_cpu_gpu_mailbox_rtt,gpu_agent,2,1009,10720
gpu_cpu_gpu_mailbox_rtt,gpu_agent,2,1010,10720
gpu_cpu_gpu_mailbox_rtt,gpu_agent,2,1011,3960
gpu_cpu_gpu_mailbox_rtt,gpu_agent,2,1012,10040
gpu_cpu_gpu_mailbox_rtt,gpu_agent,2,1013,3920
gpu_cpu_gpu_mailbox_rtt,gpu_agent,2,1014,10040
gpu_cpu_gpu_mailbox_rtt,gpu_agent,2,1015,10000
gpu_cpu_gpu_mailbox_rtt,gpu_agent,2,1016,10280
gpu_cpu_gpu_mailbox_rtt,gpu_agent,2,1017,10680
gpu_cpu_gpu_mailbox_rtt,gpu_agent,2,1018,10680
gpu_cpu_gpu_mailbox_rtt,gpu_agent,2,1019,3960
gpu_cpu_gpu_mailbox_rtt,gpu_agent,2,1020,10000
gpu_cpu_gpu_mailbox_rtt,gpu_agent,2,1021,10040
gpu_cpu_gpu_mailbox_rtt,gpu_agent,2,1022,10000
gpu_cpu_gpu_mailbox_rtt,gpu_agent,2,1023,10000
gpu_cpu_gpu_mailbox_rtt,gpu_agent,3,0,4160
gpu_cpu_gpu_mailbox_rtt,gpu_agent,3,1,10680
gpu_cpu_gpu_mailbox_rtt,gpu_agent,3,2,10440
gpu_cpu_gpu_mailbox_rtt,gpu_agent,3,3,10680
gpu_cpu_gpu_mailbox_rtt,gpu_agent,3,4,10680
gpu_cpu_gpu_mailbox_rtt,gpu_agent,3,5,10720
gpu_cpu_gpu_mailbox_rtt,gpu_agent,3,6,10720
gpu_cpu_gpu_mailbox_rtt,gpu_agent,3,7,10680
gpu_cpu_gpu_mailbox_rtt,gpu_agent,3,8,10480
gpu_cpu_gpu_mailbox_rtt,gpu_agent,3,9,10680
gpu_cpu_gpu_mailbox_rtt,gpu_agent,3,10,10640
gpu_cpu_gpu_mailbox_rtt,gpu_agent,3,11,10640
gpu_cpu_gpu_mailbox_rtt,gpu_agent,3,12,11040
gpu_cpu_gpu_mailbox_rtt,gpu_agent,3,13,10480
gpu_cpu_gpu_mailbox_rtt,gpu_agent,3,14,10680
gpu_cpu_gpu_mailbox_rtt,gpu_agent,3,15,10640
gpu_cpu_gpu_mailbox_rtt,gpu_agent,3,16,10680
gpu_cpu_gpu_mailbox_rtt,gpu_agent,3,17,10720
gpu_cpu_gpu_mailbox_rtt,gpu_agent,3,18,10720
gpu_cpu_gpu_mailbox_rtt,gpu_agent,3,19,10520
gpu_cpu_gpu_mailbox_rtt,gpu_agent,3,20,10680
gpu_cpu_gpu_mailbox_rtt,gpu_agent,3,21,10680
gpu_cpu_gpu_mailbox_rtt,gpu_agent,3,22,10720
gpu_cpu_gpu_mailbox_rtt,gpu_agent,3,23,10680
gpu_cpu_gpu_mailbox_rtt,gpu_agent,3,24,10560
gpu_cpu_gpu_mailbox_rtt,gpu_agent,3,25,10680
gpu_cpu_gpu_mailbox_rtt,gpu_agent,3,26,10680
gpu_cpu_gpu_mailbox_rtt,gpu_agent,3,27,10680
gpu_cpu_gpu_mailbox_rtt,gpu_agent,3,28,10680
gpu_cpu_gpu_mailbox_rtt,gpu_agent,3,29,10680
gpu_cpu_gpu_mailbox_rtt,gpu_agent,3,30,10520
gpu_cpu_gpu_mailbox_rtt,gpu_agent,3,31,10880
gpu_cpu_gpu_mailbox_rtt,gpu_agent,3,32,4200
gpu_cpu_gpu_mailbox_rtt,gpu_agent,3,33,10840
gpu_cpu_gpu_mailbox_rtt,gpu_agent,3,34,10680
gpu_cpu_gpu_mailbox_rtt,gpu_agent,3,35,10760
gpu_cpu_gpu_mailbox_rtt,gpu_agent,3,36,10800
gpu_cpu_gpu_mailbox_rtt,gpu_agent,3,37,4240
gpu_cpu_gpu_mailbox_rtt,gpu_agent,3,38,10640
gpu_cpu_gpu_mailbox_rtt,gpu_agent,3,39,10680
gpu_cpu_gpu_mailbox_rtt,gpu_agent,3,40,10720
gpu_cpu_gpu_mailbox_rtt,gpu_agent,3,41,10680
gpu_cpu_gpu_mailbox_rtt,gpu_agent,3,42,4160
gpu_cpu_gpu_mailbox_rtt,gpu_agent,3,43,4080
gpu_cpu_gpu_mailbox_rtt,gpu_agent,3,44,10680
gpu_cpu_gpu_mailbox_rtt,gpu_agent,3,45,10720
gpu_cpu_gpu_mailbox_rtt,gpu_agent,3,46,10800
gpu_cpu_gpu_mailbox_rtt,gpu_agent,3,47,4240
gpu_cpu_gpu_mailbox_rtt,gpu_agent,3,48,11160
gpu_cpu_gpu_mailbox_rtt,gpu_agent,3,49,10480
gpu_cpu_gpu_mailbox_rtt,gpu_agent,3,50,4240
gpu_cpu_gpu_mailbox_rtt,gpu_agent,3,51,11080
gpu_cpu_gpu_mailbox_rtt,gpu_agent,3,52,4240
gpu_cpu_gpu_mailbox_rtt,gpu_agent,3,53,10680
gpu_cpu_gpu_mailbox_rtt,gpu_agent,3,54,10920
gpu_cpu_gpu_mailbox_rtt,gpu_agent,3,55,10720
gpu_cpu_gpu_mailbox_rtt,gpu_agent,3,56,10480
gpu_cpu_gpu_mailbox_rtt,gpu_agent,3,57,10680
gpu_cpu_gpu_mailbox_rtt,gpu_agent,3,58,4320
gpu_cpu_gpu_mailbox_rtt,gpu_agent,3,59,10720
gpu_cpu_gpu_mailbox_rtt,gpu_agent,3,60,4200
gpu_cpu_gpu_mailbox_rtt,gpu_agent,3,61,10720
gpu_cpu_gpu_mailbox_rtt,gpu_agent,3,62,4240
gpu_cpu_gpu_mailbox_rtt,gpu_agent,3,63,10920
gpu_cpu_gpu_mailbox_rtt,gpu_agent,3,64,4280
gpu_cpu_gpu_mailbox_rtt,gpu_agent,3,65,10760
gpu_cpu_gpu_mailbox_rtt,gpu_agent,3,66,4200
gpu_cpu_gpu_mailbox_rtt,gpu_agent,3,67,10680
gpu_cpu_gpu_mailbox_rtt,gpu_agent,3,68,4200
gpu_cpu_gpu_mailbox_rtt,gpu_agent,3,69,10680
gpu_cpu_gpu_mailbox_rtt,gpu_agent,3,70,10760
gpu_cpu_gpu_mailbox_rtt,gpu_agent,3,71,4240
gpu_cpu_gpu_mailbox_rtt,gpu_agent,3,72,11080
gpu_cpu_gpu_mailbox_rtt,gpu_agent,3,73,11080
gpu_cpu_gpu_mailbox_rtt,gpu_agent,3,74,4160
gpu_cpu_gpu_mailbox_rtt,gpu_agent,3,75,11120
gpu_cpu_gpu_mailbox_rtt,gpu_agent,3,76,4160
gpu_cpu_gpu_mailbox_rtt,gpu_agent,3,77,10720
gpu_cpu_gpu_mailbox_rtt,gpu_agent,3,78,10680
gpu_cpu_gpu_mailbox_rtt,gpu_agent,3,79,10720
gpu_cpu_gpu_mailbox_rtt,gpu_agent,3,80,10680
gpu_cpu_gpu_mailbox_rtt,gpu_agent,3,81,10680
gpu_cpu_gpu_mailbox_rtt,gpu_agent,3,82,10480
gpu_cpu_gpu_mailbox_rtt,gpu_agent,3,83,10680
gpu_cpu_gpu_mailbox_rtt,gpu_agent,3,84,10680
gpu_cpu_gpu_mailbox_rtt,gpu_agent,3,85,10680
gpu_cpu_gpu_mailbox_rtt,gpu_agent,3,86,10720
gpu_cpu_gpu_mailbox_rtt,gpu_agent,3,87,10680
gpu_cpu_gpu_mailbox_rtt,gpu_agent,3,88,10480
gpu_cpu_gpu_mailbox_rtt,gpu_agent,3,89,10680
gpu_cpu_gpu_mailbox_rtt,gpu_agent,3,90,10640
gpu_cpu_gpu_mailbox_rtt,gpu_agent,3,91,10720
gpu_cpu_gpu_mailbox_rtt,gpu_agent,3,92,10680
gpu_cpu_gpu_mailbox_rtt,gpu_agent,3,93,10720
gpu_cpu_gpu_mailbox_rtt,gpu_agent,3,94,10680
gpu_cpu_gpu_mailbox_rtt,gpu_agent,3,95,9000
gpu_cpu_gpu_mailbox_rtt,gpu_agent,3,96,10760
gpu_cpu_gpu_mailbox_rtt,gpu_agent,3,97,10680
gpu_cpu_gpu_mailbox_rtt,gpu_agent,3,98,10680
gpu_cpu_gpu_mailbox_rtt,gpu_agent,3,99,10520
gpu_cpu_gpu_mailbox_rtt,gpu_agent,3,100,10680
gpu_cpu_gpu_mailbox_rtt,gpu_agent,3,101,10680
gpu_cpu_gpu_mailbox_rtt,gpu_agent,3,102,10720
gpu_cpu_gpu_mailbox_rtt,gpu_agent,3,103,4240
gpu_cpu_gpu_mailbox_rtt,gpu_agent,3,104,10680
gpu_cpu_gpu_mailbox_rtt,gpu_agent,3,105,10680
gpu_cpu_gpu_mailbox_rtt,gpu_agent,3,106,10720
gpu_cpu_gpu_mailbox_rtt,gpu_agent,3,107,10680
gpu_cpu_gpu_mailbox_rtt,gpu_agent,3,108,10640
gpu_cpu_gpu_mailbox_rtt,gpu_agent,3,109,4160
gpu_cpu_gpu_mailbox_rtt,gpu_agent,3,110,4240
gpu_cpu_gpu_mailbox_rtt,gpu_agent,3,111,10680
gpu_cpu_gpu_mailbox_rtt,gpu_agent,3,112,10520
gpu_cpu_gpu_mailbox_rtt,gpu_agent,3,113,10720
gpu_cpu_gpu_mailbox_rtt,gpu_agent,3,114,4200
gpu_cpu_gpu_mailbox_rtt,gpu_agent,3,115,10720
gpu_cpu_gpu_mailbox_rtt,gpu_agent,3,116,10720
gpu_cpu_gpu_mailbox_rtt,gpu_agent,3,117,10680
gpu_cpu_gpu_mailbox_rtt,gpu_agent,3,118,4160
gpu_cpu_gpu_mailbox_rtt,gpu_agent,3,119,10680
gpu_cpu_gpu_mailbox_rtt,gpu_agent,3,120,10680
gpu_cpu_gpu_mailbox_rtt,gpu_agent,3,121,10680
gpu_cpu_gpu_mailbox_rtt,gpu_agent,3,122,4200
gpu_cpu_gpu_mailbox_rtt,gpu_agent,3,123,11040
gpu_cpu_gpu_mailbox_rtt,gpu_agent,3,124,4160
gpu_cpu_gpu_mailbox_rtt,gpu_agent,3,125,10520
gpu_cpu_gpu_mailbox_rtt,gpu_agent,3,126,4160
gpu_cpu_gpu_mailbox_rtt,gpu_agent,3,127,10680
gpu_cpu_gpu_mailbox_rtt,gpu_agent,3,128,4240
gpu_cpu_gpu_mailbox_rtt,gpu_agent,3,129,10760
gpu_cpu_gpu_mailbox_rtt,gpu_agent,3,130,4200
gpu_cpu_gpu_mailbox_rtt,gpu_agent,3,131,4200
gpu_cpu_gpu_mailbox_rtt,gpu_agent,3,132,10720
gpu_cpu_gpu_mailbox_rtt,gpu_agent,3,133,4200
gpu_cpu_gpu_mailbox_rtt,gpu_agent,3,134,4200
gpu_cpu_gpu_mailbox_rtt,gpu_agent,3,135,4200
gpu_cpu_gpu_mailbox_rtt,gpu_agent,3,136,10720
gpu_cpu_gpu_mailbox_rtt,gpu_agent,3,137,10680
gpu_cpu_gpu_mailbox_rtt,gpu_agent,3,138,10680
gpu_cpu_gpu_mailbox_rtt,gpu_agent,3,139,10720
gpu_cpu_gpu_mailbox_rtt,gpu_agent,3,140,10640
gpu_cpu_gpu_mailbox_rtt,gpu_agent,3,141,10680
gpu_cpu_gpu_mailbox_rtt,gpu_agent,3,142,4160
gpu_cpu_gpu_mailbox_rtt,gpu_agent,3,143,10680
gpu_cpu_gpu_mailbox_rtt,gpu_agent,3,144,10680
gpu_cpu_gpu_mailbox_rtt,gpu_agent,3,145,10720
gpu_cpu_gpu_mailbox_rtt,gpu_agent,3,146,10680
gpu_cpu_gpu_mailbox_rtt,gpu_agent,3,147,11120
gpu_cpu_gpu_mailbox_rtt,gpu_agent,3,148,4200
gpu_cpu_gpu_mailbox_rtt,gpu_agent,3,149,11080
gpu_cpu_gpu_mailbox_rtt,gpu_agent,3,150,4200
gpu_cpu_gpu_mailbox_rtt,gpu_agent,3,151,10120
gpu_cpu_gpu_mailbox_rtt,gpu_agent,3,152,4200
gpu_cpu_gpu_mailbox_rtt,gpu_agent,3,153,11120
gpu_cpu_gpu_mailbox_rtt,gpu_agent,3,154,4240
gpu_cpu_gpu_mailbox_rtt,gpu_agent,3,155,11080
gpu_cpu_gpu_mailbox_rtt,gpu_agent,3,156,4200
gpu_cpu_gpu_mailbox_rtt,gpu_agent,3,157,11160
gpu_cpu_gpu_mailbox_rtt,gpu_agent,3,158,4200
gpu_cpu_gpu_mailbox_rtt,gpu_agent,3,159,11120
gpu_cpu_gpu_mailbox_rtt,gpu_agent,3,160,11120
gpu_cpu_gpu_mailbox_rtt,gpu_agent,3,161,4240
gpu_cpu_gpu_mailbox_rtt,gpu_agent,3,162,10800
gpu_cpu_gpu_mailbox_rtt,gpu_agent,3,163,4200
gpu_cpu_gpu_mailbox_rtt,gpu_agent,3,164,11120
gpu_cpu_gpu_mailbox_rtt,gpu_agent,3,165,4240
gpu_cpu_gpu_mailbox_rtt,gpu_agent,3,166,10960
gpu_cpu_gpu_mailbox_rtt,gpu_agent,3,167,10680
gpu_cpu_gpu_mailbox_rtt,gpu_agent,3,168,10520
gpu_cpu_gpu_mailbox_rtt,gpu_agent,3,169,4120
gpu_cpu_gpu_mailbox_rtt,gpu_agent,3,170,4080
gpu_cpu_gpu_mailbox_rtt,gpu_agent,3,171,4080
gpu_cpu_gpu_mailbox_rtt,gpu_agent,3,172,10720
gpu_cpu_gpu_mailbox_rtt,gpu_agent,3,173,11160
gpu_cpu_gpu_mailbox_rtt,gpu_agent,3,174,4280
gpu_cpu_gpu_mailbox_rtt,gpu_agent,3,175,4240
gpu_cpu_gpu_mailbox_rtt,gpu_agent,3,176,4320
gpu_cpu_gpu_mailbox_rtt,gpu_agent,3,177,4320
gpu_cpu_gpu_mailbox_rtt,gpu_agent,3,178,4320
gpu_cpu_gpu_mailbox_rtt,gpu_agent,3,179,4320
gpu_cpu_gpu_mailbox_rtt,gpu_agent,3,180,4280
gpu_cpu_gpu_mailbox_rtt,gpu_agent,3,181,4320
gpu_cpu_gpu_mailbox_rtt,gpu_agent,3,182,4320
gpu_cpu_gpu_mailbox_rtt,gpu_agent,3,183,4320
gpu_cpu_gpu_mailbox_rtt,gpu_agent,3,184,4280
gpu_cpu_gpu_mailbox_rtt,gpu_agent,3,185,11280
gpu_cpu_gpu_mailbox_rtt,gpu_agent,3,186,11160
gpu_cpu_gpu_mailbox_rtt,gpu_agent,3,187,4240
gpu_cpu_gpu_mailbox_rtt,gpu_agent,3,188,11120
gpu_cpu_gpu_mailbox_rtt,gpu_agent,3,189,4200
gpu_cpu_gpu_mailbox_rtt,gpu_agent,3,190,11160
gpu_cpu_gpu_mailbox_rtt,gpu_agent,3,191,4200
gpu_cpu_gpu_mailbox_rtt,gpu_agent,3,192,11160
gpu_cpu_gpu_mailbox_rtt,gpu_agent,3,193,4200
gpu_cpu_gpu_mailbox_rtt,gpu_agent,3,194,11080
gpu_cpu_gpu_mailbox_rtt,gpu_agent,3,195,4240
gpu_cpu_gpu_mailbox_rtt,gpu_agent,3,196,11120
gpu_cpu_gpu_mailbox_rtt,gpu_agent,3,197,4200
gpu_cpu_gpu_mailbox_rtt,gpu_agent,3,198,10960
gpu_cpu_gpu_mailbox_rtt,gpu_agent,3,199,4200
gpu_cpu_gpu_mailbox_rtt,gpu_agent,3,200,11080
gpu_cpu_gpu_mailbox_rtt,gpu_agent,3,201,4200
gpu_cpu_gpu_mailbox_rtt,gpu_agent,3,202,11120
gpu_cpu_gpu_mailbox_rtt,gpu_agent,3,203,4200
gpu_cpu_gpu_mailbox_rtt,gpu_agent,3,204,11080
gpu_cpu_gpu_mailbox_rtt,gpu_agent,3,205,10920
gpu_cpu_gpu_mailbox_rtt,gpu_agent,3,206,4200
gpu_cpu_gpu_mailbox_rtt,gpu_agent,3,207,11120
gpu_cpu_gpu_mailbox_rtt,gpu_agent,3,208,11080
gpu_cpu_gpu_mailbox_rtt,gpu_agent,3,209,4200
gpu_cpu_gpu_mailbox_rtt,gpu_agent,3,210,11160
gpu_cpu_gpu_mailbox_rtt,gpu_agent,3,211,4200
gpu_cpu_gpu_mailbox_rtt,gpu_agent,3,212,11160
gpu_cpu_gpu_mailbox_rtt,gpu_agent,3,213,4200
gpu_cpu_gpu_mailbox_rtt,gpu_agent,3,214,11160
gpu_cpu_gpu_mailbox_rtt,gpu_agent,3,215,4240
gpu_cpu_gpu_mailbox_rtt,gpu_agent,3,216,4160
gpu_cpu_gpu_mailbox_rtt,gpu_agent,3,217,11120
gpu_cpu_gpu_mailbox_rtt,gpu_agent,3,218,11080
gpu_cpu_gpu_mailbox_rtt,gpu_agent,3,219,4200
gpu_cpu_gpu_mailbox_rtt,gpu_agent,3,220,11160
gpu_cpu_gpu_mailbox_rtt,gpu_agent,3,221,4200
gpu_cpu_gpu_mailbox_rtt,gpu_agent,3,222,11160
gpu_cpu_gpu_mailbox_rtt,gpu_agent,3,223,4200
gpu_cpu_gpu_mailbox_rtt,gpu_agent,3,224,11080
gpu_cpu_gpu_mailbox_rtt,gpu_agent,3,225,4440
gpu_cpu_gpu_mailbox_rtt,gpu_agent,3,226,4160
gpu_cpu_gpu_mailbox_rtt,gpu_agent,3,227,10680
gpu_cpu_gpu_mailbox_rtt,gpu_agent,3,228,9600
gpu_cpu_gpu_mailbox_rtt,gpu_agent,3,229,10000
gpu_cpu_gpu_mailbox_rtt,gpu_agent,3,230,11120
gpu_cpu_gpu_mailbox_rtt,gpu_agent,3,231,11160
gpu_cpu_gpu_mailbox_rtt,gpu_agent,3,232,4200
gpu_cpu_gpu_mailbox_rtt,gpu_agent,3,233,10160
gpu_cpu_gpu_mailbox_rtt,gpu_agent,3,234,4200
gpu_cpu_gpu_mailbox_rtt,gpu_agent,3,235,11080
gpu_cpu_gpu_mailbox_rtt,gpu_agent,3,236,4200
gpu_cpu_gpu_mailbox_rtt,gpu_agent,3,237,11080
gpu_cpu_gpu_mailbox_rtt,gpu_agent,3,238,4240
gpu_cpu_gpu_mailbox_rtt,gpu_agent,3,239,11080
gpu_cpu_gpu_mailbox_rtt,gpu_agent,3,240,11120
gpu_cpu_gpu_mailbox_rtt,gpu_agent,3,241,4240
gpu_cpu_gpu_mailbox_rtt,gpu_agent,3,242,11160
gpu_cpu_gpu_mailbox_rtt,gpu_agent,3,243,4200
gpu_cpu_gpu_mailbox_rtt,gpu_agent,3,244,11120
gpu_cpu_gpu_mailbox_rtt,gpu_agent,3,245,4200
gpu_cpu_gpu_mailbox_rtt,gpu_agent,3,246,11080
gpu_cpu_gpu_mailbox_rtt,gpu_agent,3,247,4200
gpu_cpu_gpu_mailbox_rtt,gpu_agent,3,248,11120
gpu_cpu_gpu_mailbox_rtt,gpu_agent,3,249,4240
gpu_cpu_gpu_mailbox_rtt,gpu_agent,3,250,11120
gpu_cpu_gpu_mailbox_rtt,gpu_agent,3,251,4200
gpu_cpu_gpu_mailbox_rtt,gpu_agent,3,252,11160
gpu_cpu_gpu_mailbox_rtt,gpu_agent,3,253,4200
gpu_cpu_gpu_mailbox_rtt,gpu_agent,3,254,4120
gpu_cpu_gpu_mailbox_rtt,gpu_agent,3,255,11120
gpu_cpu_gpu_mailbox_rtt,gpu_agent,3,256,4200
gpu_cpu_gpu_mailbox_rtt,gpu_agent,3,257,11120
gpu_cpu_gpu_mailbox_rtt,gpu_agent,3,258,4400
gpu_cpu_gpu_mailbox_rtt,gpu_agent,3,259,11120
gpu_cpu_gpu_mailbox_rtt,gpu_agent,3,260,11120
gpu_cpu_gpu_mailbox_rtt,gpu_agent,3,261,4080
gpu_cpu_gpu_mailbox_rtt,gpu_agent,3,262,11160
gpu_cpu_gpu_mailbox_rtt,gpu_agent,3,263,4200
gpu_cpu_gpu_mailbox_rtt,gpu_agent,3,264,11080
gpu_cpu_gpu_mailbox_rtt,gpu_agent,3,265,4240
gpu_cpu_gpu_mailbox_rtt,gpu_agent,3,266,11200
gpu_cpu_gpu_mailbox_rtt,gpu_agent,3,267,4240
gpu_cpu_gpu_mailbox_rtt,gpu_agent,3,268,10880
gpu_cpu_gpu_mailbox_rtt,gpu_agent,3,269,11080
gpu_cpu_gpu_mailbox_rtt,gpu_agent,3,270,4200
gpu_cpu_gpu_mailbox_rtt,gpu_agent,3,271,11120
gpu_cpu_gpu_mailbox_rtt,gpu_agent,3,272,4320
gpu_cpu_gpu_mailbox_rtt,gpu_agent,3,273,4240
gpu_cpu_gpu_mailbox_rtt,gpu_agent,3,274,4360
gpu_cpu_gpu_mailbox_rtt,gpu_agent,3,275,4320
gpu_cpu_gpu_mailbox_rtt,gpu_agent,3,276,4320
gpu_cpu_gpu_mailbox_rtt,gpu_agent,3,277,4280
gpu_cpu_gpu_mailbox_rtt,gpu_agent,3,278,4320
gpu_cpu_gpu_mailbox_rtt,gpu_agent,3,279,4280
gpu_cpu_gpu_mailbox_rtt,gpu_agent,3,280,4320
gpu_cpu_gpu_mailbox_rtt,gpu_agent,3,281,4320
gpu_cpu_gpu_mailbox_rtt,gpu_agent,3,282,4280
gpu_cpu_gpu_mailbox_rtt,gpu_agent,3,283,4320
gpu_cpu_gpu_mailbox_rtt,gpu_agent,3,284,4320
gpu_cpu_gpu_mailbox_rtt,gpu_agent,3,285,4360
gpu_cpu_gpu_mailbox_rtt,gpu_agent,3,286,4320
gpu_cpu_gpu_mailbox_rtt,gpu_agent,3,287,11120
gpu_cpu_gpu_mailbox_rtt,gpu_agent,3,288,4200
gpu_cpu_gpu_mailbox_rtt,gpu_agent,3,289,4280
gpu_cpu_gpu_mailbox_rtt,gpu_agent,3,290,11120
gpu_cpu_gpu_mailbox_rtt,gpu_agent,3,291,4200
gpu_cpu_gpu_mailbox_rtt,gpu_agent,3,292,11120
gpu_cpu_gpu_mailbox_rtt,gpu_agent,3,293,4240
gpu_cpu_gpu_mailbox_rtt,gpu_agent,3,294,10800
gpu_cpu_gpu_mailbox_rtt,gpu_agent,3,295,4240
gpu_cpu_gpu_mailbox_rtt,gpu_agent,3,296,11120
gpu_cpu_gpu_mailbox_rtt,gpu_agent,3,297,4200
gpu_cpu_gpu_mailbox_rtt,gpu_agent,3,298,11080
gpu_cpu_gpu_mailbox_rtt,gpu_agent,3,299,4200
gpu_cpu_gpu_mailbox_rtt,gpu_agent,3,300,11160
gpu_cpu_gpu_mailbox_rtt,gpu_agent,3,301,4080
gpu_cpu_gpu_mailbox_rtt,gpu_agent,3,302,4200
gpu_cpu_gpu_mailbox_rtt,gpu_agent,3,303,4320
gpu_cpu_gpu_mailbox_rtt,gpu_agent,3,304,4280
gpu_cpu_gpu_mailbox_rtt,gpu_agent,3,305,11120
gpu_cpu_gpu_mailbox_rtt,gpu_agent,3,306,11080
gpu_cpu_gpu_mailbox_rtt,gpu_agent,3,307,4200
gpu_cpu_gpu_mailbox_rtt,gpu_agent,3,308,11120
gpu_cpu_gpu_mailbox_rtt,gpu_agent,3,309,10920
gpu_cpu_gpu_mailbox_rtt,gpu_agent,3,310,4200
gpu_cpu_gpu_mailbox_rtt,gpu_agent,3,311,11120
gpu_cpu_gpu_mailbox_rtt,gpu_agent,3,312,11200
gpu_cpu_gpu_mailbox_rtt,gpu_agent,3,313,4240
gpu_cpu_gpu_mailbox_rtt,gpu_agent,3,314,11120
gpu_cpu_gpu_mailbox_rtt,gpu_agent,3,315,4240
gpu_cpu_gpu_mailbox_rtt,gpu_agent,3,316,11160
gpu_cpu_gpu_mailbox_rtt,gpu_agent,3,317,4160
gpu_cpu_gpu_mailbox_rtt,gpu_agent,3,318,11120
gpu_cpu_gpu_mailbox_rtt,gpu_agent,3,319,11160
gpu_cpu_gpu_mailbox_rtt,gpu_agent,3,320,4200
gpu_cpu_gpu_mailbox_rtt,gpu_agent,3,321,11080
gpu_cpu_gpu_mailbox_rtt,gpu_agent,3,322,4200
gpu_cpu_gpu_mailbox_rtt,gpu_agent,3,323,10760
gpu_cpu_gpu_mailbox_rtt,gpu_agent,3,324,4240
gpu_cpu_gpu_mailbox_rtt,gpu_agent,3,325,11160
gpu_cpu_gpu_mailbox_rtt,gpu_agent,3,326,4200
gpu_cpu_gpu_mailbox_rtt,gpu_agent,3,327,11480
gpu_cpu_gpu_mailbox_rtt,gpu_agent,3,328,4240
gpu_cpu_gpu_mailbox_rtt,gpu_agent,3,329,11120
gpu_cpu_gpu_mailbox_rtt,gpu_agent,3,330,11080
gpu_cpu_gpu_mailbox_rtt,gpu_agent,3,331,4200
gpu_cpu_gpu_mailbox_rtt,gpu_agent,3,332,11120
gpu_cpu_gpu_mailbox_rtt,gpu_agent,3,333,4200
gpu_cpu_gpu_mailbox_rtt,gpu_agent,3,334,11080
gpu_cpu_gpu_mailbox_rtt,gpu_agent,3,335,4200
gpu_cpu_gpu_mailbox_rtt,gpu_agent,3,336,4080
gpu_cpu_gpu_mailbox_rtt,gpu_agent,3,337,10920
gpu_cpu_gpu_mailbox_rtt,gpu_agent,3,338,4200
gpu_cpu_gpu_mailbox_rtt,gpu_agent,3,339,10960
gpu_cpu_gpu_mailbox_rtt,gpu_agent,3,340,4240
gpu_cpu_gpu_mailbox_rtt,gpu_agent,3,341,11120
gpu_cpu_gpu_mailbox_rtt,gpu_agent,3,342,4200
gpu_cpu_gpu_mailbox_rtt,gpu_agent,3,343,11160
gpu_cpu_gpu_mailbox_rtt,gpu_agent,3,344,4000
gpu_cpu_gpu_mailbox_rtt,gpu_agent,3,345,11160
gpu_cpu_gpu_mailbox_rtt,gpu_agent,3,346,4240
gpu_cpu_gpu_mailbox_rtt,gpu_agent,3,347,11160
gpu_cpu_gpu_mailbox_rtt,gpu_agent,3,348,4200
gpu_cpu_gpu_mailbox_rtt,gpu_agent,3,349,11120
gpu_cpu_gpu_mailbox_rtt,gpu_agent,3,350,4200
gpu_cpu_gpu_mailbox_rtt,gpu_agent,3,351,10800
gpu_cpu_gpu_mailbox_rtt,gpu_agent,3,352,4200
gpu_cpu_gpu_mailbox_rtt,gpu_agent,3,353,4200
gpu_cpu_gpu_mailbox_rtt,gpu_agent,3,354,11080
gpu_cpu_gpu_mailbox_rtt,gpu_agent,3,355,11160
gpu_cpu_gpu_mailbox_rtt,gpu_agent,3,356,4240
gpu_cpu_gpu_mailbox_rtt,gpu_agent,3,357,4280
gpu_cpu_gpu_mailbox_rtt,gpu_agent,3,358,11120
gpu_cpu_gpu_mailbox_rtt,gpu_agent,3,359,4240
gpu_cpu_gpu_mailbox_rtt,gpu_agent,3,360,4280
gpu_cpu_gpu_mailbox_rtt,gpu_agent,3,361,11120
gpu_cpu_gpu_mailbox_rtt,gpu_agent,3,362,11160
gpu_cpu_gpu_mailbox_rtt,gpu_agent,3,363,4280
gpu_cpu_gpu_mailbox_rtt,gpu_agent,3,364,11120
gpu_cpu_gpu_mailbox_rtt,gpu_agent,3,365,4200
gpu_cpu_gpu_mailbox_rtt,gpu_agent,3,366,3960
gpu_cpu_gpu_mailbox_rtt,gpu_agent,3,367,11120
gpu_cpu_gpu_mailbox_rtt,gpu_agent,3,368,10760
gpu_cpu_gpu_mailbox_rtt,gpu_agent,3,369,8720
gpu_cpu_gpu_mailbox_rtt,gpu_agent,3,370,10160
gpu_cpu_gpu_mailbox_rtt,gpu_agent,3,371,4200
gpu_cpu_gpu_mailbox_rtt,gpu_agent,3,372,4200
gpu_cpu_gpu_mailbox_rtt,gpu_agent,3,373,11120
gpu_cpu_gpu_mailbox_rtt,gpu_agent,3,374,11120
gpu_cpu_gpu_mailbox_rtt,gpu_agent,3,375,4200
gpu_cpu_gpu_mailbox_rtt,gpu_agent,3,376,11080
gpu_cpu_gpu_mailbox_rtt,gpu_agent,3,377,4200
gpu_cpu_gpu_mailbox_rtt,gpu_agent,3,378,11120
gpu_cpu_gpu_mailbox_rtt,gpu_agent,3,379,4200
gpu_cpu_gpu_mailbox_rtt,gpu_agent,3,380,11080
gpu_cpu_gpu_mailbox_rtt,gpu_agent,3,381,11160
gpu_cpu_gpu_mailbox_rtt,gpu_agent,3,382,4240
gpu_cpu_gpu_mailbox_rtt,gpu_agent,3,383,4320
gpu_cpu_gpu_mailbox_rtt,gpu_agent,3,384,4280
gpu_cpu_gpu_mailbox_rtt,gpu_agent,3,385,4280
gpu_cpu_gpu_mailbox_rtt,gpu_agent,3,386,4400
gpu_cpu_gpu_mailbox_rtt,gpu_agent,3,387,10840
gpu_cpu_gpu_mailbox_rtt,gpu_agent,3,388,4240
gpu_cpu_gpu_mailbox_rtt,gpu_agent,3,389,10800
gpu_cpu_gpu_mailbox_rtt,gpu_agent,3,390,10520
gpu_cpu_gpu_mailbox_rtt,gpu_agent,3,391,10600
gpu_cpu_gpu_mailbox_rtt,gpu_agent,3,392,4200
gpu_cpu_gpu_mailbox_rtt,gpu_agent,3,393,11160
gpu_cpu_gpu_mailbox_rtt,gpu_agent,3,394,4200
gpu_cpu_gpu_mailbox_rtt,gpu_agent,3,395,11120
gpu_cpu_gpu_mailbox_rtt,gpu_agent,3,396,4200
gpu_cpu_gpu_mailbox_rtt,gpu_agent,3,397,4280
gpu_cpu_gpu_mailbox_rtt,gpu_agent,3,398,4160
gpu_cpu_gpu_mailbox_rtt,gpu_agent,3,399,11120
gpu_cpu_gpu_mailbox_rtt,gpu_agent,3,400,4240
gpu_cpu_gpu_mailbox_rtt,gpu_agent,3,401,10040
gpu_cpu_gpu_mailbox_rtt,gpu_agent,3,402,11120
gpu_cpu_gpu_mailbox_rtt,gpu_agent,3,403,4240
gpu_cpu_gpu_mailbox_rtt,gpu_agent,3,404,11240
gpu_cpu_gpu_mailbox_rtt,gpu_agent,3,405,4200
gpu_cpu_gpu_mailbox_rtt,gpu_agent,3,406,11160
gpu_cpu_gpu_mailbox_rtt,gpu_agent,3,407,11120
gpu_cpu_gpu_mailbox_rtt,gpu_agent,3,408,4240
gpu_cpu_gpu_mailbox_rtt,gpu_agent,3,409,11120
gpu_cpu_gpu_mailbox_rtt,gpu_agent,3,410,4200
gpu_cpu_gpu_mailbox_rtt,gpu_agent,3,411,11120
gpu_cpu_gpu_mailbox_rtt,gpu_agent,3,412,4200
gpu_cpu_gpu_mailbox_rtt,gpu_agent,3,413,11120
gpu_cpu_gpu_mailbox_rtt,gpu_agent,3,414,4200
gpu_cpu_gpu_mailbox_rtt,gpu_agent,3,415,11120
gpu_cpu_gpu_mailbox_rtt,gpu_agent,3,416,11120
gpu_cpu_gpu_mailbox_rtt,gpu_agent,3,417,11080
gpu_cpu_gpu_mailbox_rtt,gpu_agent,3,418,4200
gpu_cpu_gpu_mailbox_rtt,gpu_agent,3,419,11160
gpu_cpu_gpu_mailbox_rtt,gpu_agent,3,420,11200
gpu_cpu_gpu_mailbox_rtt,gpu_agent,3,421,4200
gpu_cpu_gpu_mailbox_rtt,gpu_agent,3,422,11120
gpu_cpu_gpu_mailbox_rtt,gpu_agent,3,423,11120
gpu_cpu_gpu_mailbox_rtt,gpu_agent,3,424,4200
gpu_cpu_gpu_mailbox_rtt,gpu_agent,3,425,4160
gpu_cpu_gpu_mailbox_rtt,gpu_agent,3,426,11120
gpu_cpu_gpu_mailbox_rtt,gpu_agent,3,427,4200
gpu_cpu_gpu_mailbox_rtt,gpu_agent,3,428,11080
gpu_cpu_gpu_mailbox_rtt,gpu_agent,3,429,4200
gpu_cpu_gpu_mailbox_rtt,gpu_agent,3,430,4200
gpu_cpu_gpu_mailbox_rtt,gpu_agent,3,431,11160
gpu_cpu_gpu_mailbox_rtt,gpu_agent,3,432,11120
gpu_cpu_gpu_mailbox_rtt,gpu_agent,3,433,11160
gpu_cpu_gpu_mailbox_rtt,gpu_agent,3,434,4240
gpu_cpu_gpu_mailbox_rtt,gpu_agent,3,435,10640
gpu_cpu_gpu_mailbox_rtt,gpu_agent,3,436,10640
gpu_cpu_gpu_mailbox_rtt,gpu_agent,3,437,10680
gpu_cpu_gpu_mailbox_rtt,gpu_agent,3,438,10680
gpu_cpu_gpu_mailbox_rtt,gpu_agent,3,439,9880
gpu_cpu_gpu_mailbox_rtt,gpu_agent,3,440,10680
gpu_cpu_gpu_mailbox_rtt,gpu_agent,3,441,10680
gpu_cpu_gpu_mailbox_rtt,gpu_agent,3,442,10680
gpu_cpu_gpu_mailbox_rtt,gpu_agent,3,443,10720
gpu_cpu_gpu_mailbox_rtt,gpu_agent,3,444,10680
gpu_cpu_gpu_mailbox_rtt,gpu_agent,3,445,10720
gpu_cpu_gpu_mailbox_rtt,gpu_agent,3,446,10680
gpu_cpu_gpu_mailbox_rtt,gpu_agent,3,447,10680
gpu_cpu_gpu_mailbox_rtt,gpu_agent,3,448,10680
gpu_cpu_gpu_mailbox_rtt,gpu_agent,3,449,10680
gpu_cpu_gpu_mailbox_rtt,gpu_agent,3,450,10680
gpu_cpu_gpu_mailbox_rtt,gpu_agent,3,451,10680
gpu_cpu_gpu_mailbox_rtt,gpu_agent,3,452,4200
gpu_cpu_gpu_mailbox_rtt,gpu_agent,3,453,4200
gpu_cpu_gpu_mailbox_rtt,gpu_agent,3,454,10680
gpu_cpu_gpu_mailbox_rtt,gpu_agent,3,455,10680
gpu_cpu_gpu_mailbox_rtt,gpu_agent,3,456,10760
gpu_cpu_gpu_mailbox_rtt,gpu_agent,3,457,10800
gpu_cpu_gpu_mailbox_rtt,gpu_agent,3,458,10680
gpu_cpu_gpu_mailbox_rtt,gpu_agent,3,459,10720
gpu_cpu_gpu_mailbox_rtt,gpu_agent,3,460,10680
gpu_cpu_gpu_mailbox_rtt,gpu_agent,3,461,10680
gpu_cpu_gpu_mailbox_rtt,gpu_agent,3,462,10800
gpu_cpu_gpu_mailbox_rtt,gpu_agent,3,463,10680
gpu_cpu_gpu_mailbox_rtt,gpu_agent,3,464,4160
gpu_cpu_gpu_mailbox_rtt,gpu_agent,3,465,10680
gpu_cpu_gpu_mailbox_rtt,gpu_agent,3,466,4200
gpu_cpu_gpu_mailbox_rtt,gpu_agent,3,467,10680
gpu_cpu_gpu_mailbox_rtt,gpu_agent,3,468,10680
gpu_cpu_gpu_mailbox_rtt,gpu_agent,3,469,10680
gpu_cpu_gpu_mailbox_rtt,gpu_agent,3,470,10680
gpu_cpu_gpu_mailbox_rtt,gpu_agent,3,471,4200
gpu_cpu_gpu_mailbox_rtt,gpu_agent,3,472,11120
gpu_cpu_gpu_mailbox_rtt,gpu_agent,3,473,4240
gpu_cpu_gpu_mailbox_rtt,gpu_agent,3,474,11120
gpu_cpu_gpu_mailbox_rtt,gpu_agent,3,475,4200
gpu_cpu_gpu_mailbox_rtt,gpu_agent,3,476,11080
gpu_cpu_gpu_mailbox_rtt,gpu_agent,3,477,4200
gpu_cpu_gpu_mailbox_rtt,gpu_agent,3,478,11120
gpu_cpu_gpu_mailbox_rtt,gpu_agent,3,479,4240
gpu_cpu_gpu_mailbox_rtt,gpu_agent,3,480,11120
gpu_cpu_gpu_mailbox_rtt,gpu_agent,3,481,4240
gpu_cpu_gpu_mailbox_rtt,gpu_agent,3,482,4680
gpu_cpu_gpu_mailbox_rtt,gpu_agent,3,483,11120
gpu_cpu_gpu_mailbox_rtt,gpu_agent,3,484,4240
gpu_cpu_gpu_mailbox_rtt,gpu_agent,3,485,11160
gpu_cpu_gpu_mailbox_rtt,gpu_agent,3,486,11160
gpu_cpu_gpu_mailbox_rtt,gpu_agent,3,487,4200
gpu_cpu_gpu_mailbox_rtt,gpu_agent,3,488,4200
gpu_cpu_gpu_mailbox_rtt,gpu_agent,3,489,11160
gpu_cpu_gpu_mailbox_rtt,gpu_agent,3,490,4240
gpu_cpu_gpu_mailbox_rtt,gpu_agent,3,491,11080
gpu_cpu_gpu_mailbox_rtt,gpu_agent,3,492,4200
gpu_cpu_gpu_mailbox_rtt,gpu_agent,3,493,11120
gpu_cpu_gpu_mailbox_rtt,gpu_agent,3,494,11160
gpu_cpu_gpu_mailbox_rtt,gpu_agent,3,495,11080
gpu_cpu_gpu_mailbox_rtt,gpu_agent,3,496,4200
gpu_cpu_gpu_mailbox_rtt,gpu_agent,3,497,10680
gpu_cpu_gpu_mailbox_rtt,gpu_agent,3,498,8800
gpu_cpu_gpu_mailbox_rtt,gpu_agent,3,499,10680
gpu_cpu_gpu_mailbox_rtt,gpu_agent,3,500,11160
gpu_cpu_gpu_mailbox_rtt,gpu_agent,3,501,4240
gpu_cpu_gpu_mailbox_rtt,gpu_agent,3,502,11080
gpu_cpu_gpu_mailbox_rtt,gpu_agent,3,503,4240
gpu_cpu_gpu_mailbox_rtt,gpu_agent,3,504,11120
gpu_cpu_gpu_mailbox_rtt,gpu_agent,3,505,11120
gpu_cpu_gpu_mailbox_rtt,gpu_agent,3,506,11080
gpu_cpu_gpu_mailbox_rtt,gpu_agent,3,507,4240
gpu_cpu_gpu_mailbox_rtt,gpu_agent,3,508,11120
gpu_cpu_gpu_mailbox_rtt,gpu_agent,3,509,4200
gpu_cpu_gpu_mailbox_rtt,gpu_agent,3,510,11120
gpu_cpu_gpu_mailbox_rtt,gpu_agent,3,511,4240
gpu_cpu_gpu_mailbox_rtt,gpu_agent,3,512,4200
gpu_cpu_gpu_mailbox_rtt,gpu_agent,3,513,4240
gpu_cpu_gpu_mailbox_rtt,gpu_agent,3,514,4200
gpu_cpu_gpu_mailbox_rtt,gpu_agent,3,515,11120
gpu_cpu_gpu_mailbox_rtt,gpu_agent,3,516,4200
gpu_cpu_gpu_mailbox_rtt,gpu_agent,3,517,11120
gpu_cpu_gpu_mailbox_rtt,gpu_agent,3,518,4240
gpu_cpu_gpu_mailbox_rtt,gpu_agent,3,519,4280
gpu_cpu_gpu_mailbox_rtt,gpu_agent,3,520,11120
gpu_cpu_gpu_mailbox_rtt,gpu_agent,3,521,11120
gpu_cpu_gpu_mailbox_rtt,gpu_agent,3,522,11160
gpu_cpu_gpu_mailbox_rtt,gpu_agent,3,523,4240
gpu_cpu_gpu_mailbox_rtt,gpu_agent,3,524,11120
gpu_cpu_gpu_mailbox_rtt,gpu_agent,3,525,4200
gpu_cpu_gpu_mailbox_rtt,gpu_agent,3,526,11120
gpu_cpu_gpu_mailbox_rtt,gpu_agent,3,527,4200
gpu_cpu_gpu_mailbox_rtt,gpu_agent,3,528,11080
gpu_cpu_gpu_mailbox_rtt,gpu_agent,3,529,4200
gpu_cpu_gpu_mailbox_rtt,gpu_agent,3,530,11120
gpu_cpu_gpu_mailbox_rtt,gpu_agent,3,531,4200
gpu_cpu_gpu_mailbox_rtt,gpu_agent,3,532,4200
gpu_cpu_gpu_mailbox_rtt,gpu_agent,3,533,11080
gpu_cpu_gpu_mailbox_rtt,gpu_agent,3,534,4240
gpu_cpu_gpu_mailbox_rtt,gpu_agent,3,535,11120
gpu_cpu_gpu_mailbox_rtt,gpu_agent,3,536,4200
gpu_cpu_gpu_mailbox_rtt,gpu_agent,3,537,11120
gpu_cpu_gpu_mailbox_rtt,gpu_agent,3,538,4200
gpu_cpu_gpu_mailbox_rtt,gpu_agent,3,539,11120
gpu_cpu_gpu_mailbox_rtt,gpu_agent,3,540,4200
gpu_cpu_gpu_mailbox_rtt,gpu_agent,3,541,11120
gpu_cpu_gpu_mailbox_rtt,gpu_agent,3,542,4200
gpu_cpu_gpu_mailbox_rtt,gpu_agent,3,543,11120
gpu_cpu_gpu_mailbox_rtt,gpu_agent,3,544,11200
gpu_cpu_gpu_mailbox_rtt,gpu_agent,3,545,4200
gpu_cpu_gpu_mailbox_rtt,gpu_agent,3,546,11120
gpu_cpu_gpu_mailbox_rtt,gpu_agent,3,547,11200
gpu_cpu_gpu_mailbox_rtt,gpu_agent,3,548,11080
gpu_cpu_gpu_mailbox_rtt,gpu_agent,3,549,11120
gpu_cpu_gpu_mailbox_rtt,gpu_agent,3,550,4200
gpu_cpu_gpu_mailbox_rtt,gpu_agent,3,551,11080
gpu_cpu_gpu_mailbox_rtt,gpu_agent,3,552,10240
gpu_cpu_gpu_mailbox_rtt,gpu_agent,3,553,4160
gpu_cpu_gpu_mailbox_rtt,gpu_agent,3,554,4200
gpu_cpu_gpu_mailbox_rtt,gpu_agent,3,555,10720
gpu_cpu_gpu_mailbox_rtt,gpu_agent,3,556,4240
gpu_cpu_gpu_mailbox_rtt,gpu_agent,3,557,11080
gpu_cpu_gpu_mailbox_rtt,gpu_agent,3,558,11120
gpu_cpu_gpu_mailbox_rtt,gpu_agent,3,559,4240
gpu_cpu_gpu_mailbox_rtt,gpu_agent,3,560,11200
gpu_cpu_gpu_mailbox_rtt,gpu_agent,3,561,4200
gpu_cpu_gpu_mailbox_rtt,gpu_agent,3,562,4240
gpu_cpu_gpu_mailbox_rtt,gpu_agent,3,563,11120
gpu_cpu_gpu_mailbox_rtt,gpu_agent,3,564,4200
gpu_cpu_gpu_mailbox_rtt,gpu_agent,3,565,4240
gpu_cpu_gpu_mailbox_rtt,gpu_agent,3,566,11160
gpu_cpu_gpu_mailbox_rtt,gpu_agent,3,567,4200
gpu_cpu_gpu_mailbox_rtt,gpu_agent,3,568,4240
gpu_cpu_gpu_mailbox_rtt,gpu_agent,3,569,4280
gpu_cpu_gpu_mailbox_rtt,gpu_agent,3,570,4320
gpu_cpu_gpu_mailbox_rtt,gpu_agent,3,571,4280
gpu_cpu_gpu_mailbox_rtt,gpu_agent,3,572,4320
gpu_cpu_gpu_mailbox_rtt,gpu_agent,3,573,4280
gpu_cpu_gpu_mailbox_rtt,gpu_agent,3,574,4320
gpu_cpu_gpu_mailbox_rtt,gpu_agent,3,575,4280
gpu_cpu_gpu_mailbox_rtt,gpu_agent,3,576,4320
gpu_cpu_gpu_mailbox_rtt,gpu_agent,3,577,4160
gpu_cpu_gpu_mailbox_rtt,gpu_agent,3,578,11080
gpu_cpu_gpu_mailbox_rtt,gpu_agent,3,579,11120
gpu_cpu_gpu_mailbox_rtt,gpu_agent,3,580,11160
gpu_cpu_gpu_mailbox_rtt,gpu_agent,3,581,4200
gpu_cpu_gpu_mailbox_rtt,gpu_agent,3,582,11080
gpu_cpu_gpu_mailbox_rtt,gpu_agent,3,583,4200
gpu_cpu_gpu_mailbox_rtt,gpu_agent,3,584,11160
gpu_cpu_gpu_mailbox_rtt,gpu_agent,3,585,4200
gpu_cpu_gpu_mailbox_rtt,gpu_agent,3,586,11080
gpu_cpu_gpu_mailbox_rtt,gpu_agent,3,587,11120
gpu_cpu_gpu_mailbox_rtt,gpu_agent,3,588,4200
gpu_cpu_gpu_mailbox_rtt,gpu_agent,3,589,11520
gpu_cpu_gpu_mailbox_rtt,gpu_agent,3,590,4200
gpu_cpu_gpu_mailbox_rtt,gpu_agent,3,591,11120
gpu_cpu_gpu_mailbox_rtt,gpu_agent,3,592,4200
gpu_cpu_gpu_mailbox_rtt,gpu_agent,3,593,11080
gpu_cpu_gpu_mailbox_rtt,gpu_agent,3,594,4200
gpu_cpu_gpu_mailbox_rtt,gpu_agent,3,595,11080
gpu_cpu_gpu_mailbox_rtt,gpu_agent,3,596,4280
gpu_cpu_gpu_mailbox_rtt,gpu_agent,3,597,11080
gpu_cpu_gpu_mailbox_rtt,gpu_agent,3,598,4200
gpu_cpu_gpu_mailbox_rtt,gpu_agent,3,599,11160
gpu_cpu_gpu_mailbox_rtt,gpu_agent,3,600,4200
gpu_cpu_gpu_mailbox_rtt,gpu_agent,3,601,11120
gpu_cpu_gpu_mailbox_rtt,gpu_agent,3,602,11160
gpu_cpu_gpu_mailbox_rtt,gpu_agent,3,603,11120
gpu_cpu_gpu_mailbox_rtt,gpu_agent,3,604,4200
gpu_cpu_gpu_mailbox_rtt,gpu_agent,3,605,11120
gpu_cpu_gpu_mailbox_rtt,gpu_agent,3,606,4200
gpu_cpu_gpu_mailbox_rtt,gpu_agent,3,607,11120
gpu_cpu_gpu_mailbox_rtt,gpu_agent,3,608,4240
gpu_cpu_gpu_mailbox_rtt,gpu_agent,3,609,10680
gpu_cpu_gpu_mailbox_rtt,gpu_agent,3,610,10680
gpu_cpu_gpu_mailbox_rtt,gpu_agent,3,611,10680
gpu_cpu_gpu_mailbox_rtt,gpu_agent,3,612,10680
gpu_cpu_gpu_mailbox_rtt,gpu_agent,3,613,10680
gpu_cpu_gpu_mailbox_rtt,gpu_agent,3,614,10520
gpu_cpu_gpu_mailbox_rtt,gpu_agent,3,615,10680
gpu_cpu_gpu_mailbox_rtt,gpu_agent,3,616,10680
gpu_cpu_gpu_mailbox_rtt,gpu_agent,3,617,10680
gpu_cpu_gpu_mailbox_rtt,gpu_agent,3,618,4160
gpu_cpu_gpu_mailbox_rtt,gpu_agent,3,619,10800
gpu_cpu_gpu_mailbox_rtt,gpu_agent,3,620,10680
gpu_cpu_gpu_mailbox_rtt,gpu_agent,3,621,10840
gpu_cpu_gpu_mailbox_rtt,gpu_agent,3,622,10680
gpu_cpu_gpu_mailbox_rtt,gpu_agent,3,623,10680
gpu_cpu_gpu_mailbox_rtt,gpu_agent,3,624,10640
gpu_cpu_gpu_mailbox_rtt,gpu_agent,3,625,10680
gpu_cpu_gpu_mailbox_rtt,gpu_agent,3,626,10720
gpu_cpu_gpu_mailbox_rtt,gpu_agent,3,627,10680
gpu_cpu_gpu_mailbox_rtt,gpu_agent,3,628,10680
gpu_cpu_gpu_mailbox_rtt,gpu_agent,3,629,10680
gpu_cpu_gpu_mailbox_rtt,gpu_agent,3,630,9640
gpu_cpu_gpu_mailbox_rtt,gpu_agent,3,631,9040
gpu_cpu_gpu_mailbox_rtt,gpu_agent,3,632,10720
gpu_cpu_gpu_mailbox_rtt,gpu_agent,3,633,10720
gpu_cpu_gpu_mailbox_rtt,gpu_agent,3,634,10720
gpu_cpu_gpu_mailbox_rtt,gpu_agent,3,635,10640
gpu_cpu_gpu_mailbox_rtt,gpu_agent,3,636,10680
gpu_cpu_gpu_mailbox_rtt,gpu_agent,3,637,10800
gpu_cpu_gpu_mailbox_rtt,gpu_agent,3,638,10640
gpu_cpu_gpu_mailbox_rtt,gpu_agent,3,639,10680
gpu_cpu_gpu_mailbox_rtt,gpu_agent,3,640,10720
gpu_cpu_gpu_mailbox_rtt,gpu_agent,3,641,4240
gpu_cpu_gpu_mailbox_rtt,gpu_agent,3,642,4200
gpu_cpu_gpu_mailbox_rtt,gpu_agent,3,643,10680
gpu_cpu_gpu_mailbox_rtt,gpu_agent,3,644,4200
gpu_cpu_gpu_mailbox_rtt,gpu_agent,3,645,10720
gpu_cpu_gpu_mailbox_rtt,gpu_agent,3,646,10680
gpu_cpu_gpu_mailbox_rtt,gpu_agent,3,647,10720
gpu_cpu_gpu_mailbox_rtt,gpu_agent,3,648,4160
gpu_cpu_gpu_mailbox_rtt,gpu_agent,3,649,10760
gpu_cpu_gpu_mailbox_rtt,gpu_agent,3,650,10720
gpu_cpu_gpu_mailbox_rtt,gpu_agent,3,651,4200
gpu_cpu_gpu_mailbox_rtt,gpu_agent,3,652,10720
gpu_cpu_gpu_mailbox_rtt,gpu_agent,3,653,4160
gpu_cpu_gpu_mailbox_rtt,gpu_agent,3,654,10680
gpu_cpu_gpu_mailbox_rtt,gpu_agent,3,655,4240
gpu_cpu_gpu_mailbox_rtt,gpu_agent,3,656,10680
gpu_cpu_gpu_mailbox_rtt,gpu_agent,3,657,10680
gpu_cpu_gpu_mailbox_rtt,gpu_agent,3,658,10680
gpu_cpu_gpu_mailbox_rtt,gpu_agent,3,659,4200
gpu_cpu_gpu_mailbox_rtt,gpu_agent,3,660,10680
gpu_cpu_gpu_mailbox_rtt,gpu_agent,3,661,10640
gpu_cpu_gpu_mailbox_rtt,gpu_agent,3,662,4200
gpu_cpu_gpu_mailbox_rtt,gpu_agent,3,663,10680
gpu_cpu_gpu_mailbox_rtt,gpu_agent,3,664,4160
gpu_cpu_gpu_mailbox_rtt,gpu_agent,3,665,10720
gpu_cpu_gpu_mailbox_rtt,gpu_agent,3,666,10720
gpu_cpu_gpu_mailbox_rtt,gpu_agent,3,667,11120
gpu_cpu_gpu_mailbox_rtt,gpu_agent,3,668,10800
gpu_cpu_gpu_mailbox_rtt,gpu_agent,3,669,10680
gpu_cpu_gpu_mailbox_rtt,gpu_agent,3,670,4120
gpu_cpu_gpu_mailbox_rtt,gpu_agent,3,671,10800
gpu_cpu_gpu_mailbox_rtt,gpu_agent,3,672,4160
gpu_cpu_gpu_mailbox_rtt,gpu_agent,3,673,10720
gpu_cpu_gpu_mailbox_rtt,gpu_agent,3,674,10760
gpu_cpu_gpu_mailbox_rtt,gpu_agent,3,675,4160
gpu_cpu_gpu_mailbox_rtt,gpu_agent,3,676,10680
gpu_cpu_gpu_mailbox_rtt,gpu_agent,3,677,4160
gpu_cpu_gpu_mailbox_rtt,gpu_agent,3,678,10760
gpu_cpu_gpu_mailbox_rtt,gpu_agent,3,679,10760
gpu_cpu_gpu_mailbox_rtt,gpu_agent,3,680,4160
gpu_cpu_gpu_mailbox_rtt,gpu_agent,3,681,10680
gpu_cpu_gpu_mailbox_rtt,gpu_agent,3,682,4160
gpu_cpu_gpu_mailbox_rtt,gpu_agent,3,683,10720
gpu_cpu_gpu_mailbox_rtt,gpu_agent,3,684,4160
gpu_cpu_gpu_mailbox_rtt,gpu_agent,3,685,11000
gpu_cpu_gpu_mailbox_rtt,gpu_agent,3,686,4200
gpu_cpu_gpu_mailbox_rtt,gpu_agent,3,687,10560
gpu_cpu_gpu_mailbox_rtt,gpu_agent,3,688,4240
gpu_cpu_gpu_mailbox_rtt,gpu_agent,3,689,4200
gpu_cpu_gpu_mailbox_rtt,gpu_agent,3,690,4200
gpu_cpu_gpu_mailbox_rtt,gpu_agent,3,691,10760
gpu_cpu_gpu_mailbox_rtt,gpu_agent,3,692,10720
gpu_cpu_gpu_mailbox_rtt,gpu_agent,3,693,4240
gpu_cpu_gpu_mailbox_rtt,gpu_agent,3,694,10720
gpu_cpu_gpu_mailbox_rtt,gpu_agent,3,695,10760
gpu_cpu_gpu_mailbox_rtt,gpu_agent,3,696,10720
gpu_cpu_gpu_mailbox_rtt,gpu_agent,3,697,4200
gpu_cpu_gpu_mailbox_rtt,gpu_agent,3,698,10680
gpu_cpu_gpu_mailbox_rtt,gpu_agent,3,699,10720
gpu_cpu_gpu_mailbox_rtt,gpu_agent,3,700,11000
gpu_cpu_gpu_mailbox_rtt,gpu_agent,3,701,10680
gpu_cpu_gpu_mailbox_rtt,gpu_agent,3,702,4200
gpu_cpu_gpu_mailbox_rtt,gpu_agent,3,703,10720
gpu_cpu_gpu_mailbox_rtt,gpu_agent,3,704,10760
gpu_cpu_gpu_mailbox_rtt,gpu_agent,3,705,4160
gpu_cpu_gpu_mailbox_rtt,gpu_agent,3,706,9960
gpu_cpu_gpu_mailbox_rtt,gpu_agent,3,707,10680
gpu_cpu_gpu_mailbox_rtt,gpu_agent,3,708,4240
gpu_cpu_gpu_mailbox_rtt,gpu_agent,3,709,11040
gpu_cpu_gpu_mailbox_rtt,gpu_agent,3,710,10680
gpu_cpu_gpu_mailbox_rtt,gpu_agent,3,711,4160
gpu_cpu_gpu_mailbox_rtt,gpu_agent,3,712,10720
gpu_cpu_gpu_mailbox_rtt,gpu_agent,3,713,10640
gpu_cpu_gpu_mailbox_rtt,gpu_agent,3,714,4240
gpu_cpu_gpu_mailbox_rtt,gpu_agent,3,715,10760
gpu_cpu_gpu_mailbox_rtt,gpu_agent,3,716,11040
gpu_cpu_gpu_mailbox_rtt,gpu_agent,3,717,4200
gpu_cpu_gpu_mailbox_rtt,gpu_agent,3,718,4200
gpu_cpu_gpu_mailbox_rtt,gpu_agent,3,719,4200
gpu_cpu_gpu_mailbox_rtt,gpu_agent,3,720,4160
gpu_cpu_gpu_mailbox_rtt,gpu_agent,3,721,4240
gpu_cpu_gpu_mailbox_rtt,gpu_agent,3,722,4240
gpu_cpu_gpu_mailbox_rtt,gpu_agent,3,723,10720
gpu_cpu_gpu_mailbox_rtt,gpu_agent,3,724,4200
gpu_cpu_gpu_mailbox_rtt,gpu_agent,3,725,4160
gpu_cpu_gpu_mailbox_rtt,gpu_agent,3,726,4200
gpu_cpu_gpu_mailbox_rtt,gpu_agent,3,727,10720
gpu_cpu_gpu_mailbox_rtt,gpu_agent,3,728,4200
gpu_cpu_gpu_mailbox_rtt,gpu_agent,3,729,10720
gpu_cpu_gpu_mailbox_rtt,gpu_agent,3,730,10720
gpu_cpu_gpu_mailbox_rtt,gpu_agent,3,731,10680
gpu_cpu_gpu_mailbox_rtt,gpu_agent,3,732,10680
gpu_cpu_gpu_mailbox_rtt,gpu_agent,3,733,10680
gpu_cpu_gpu_mailbox_rtt,gpu_agent,3,734,4160
gpu_cpu_gpu_mailbox_rtt,gpu_agent,3,735,10680
gpu_cpu_gpu_mailbox_rtt,gpu_agent,3,736,10720
gpu_cpu_gpu_mailbox_rtt,gpu_agent,3,737,11040
gpu_cpu_gpu_mailbox_rtt,gpu_agent,3,738,10640
gpu_cpu_gpu_mailbox_rtt,gpu_agent,3,739,10720
gpu_cpu_gpu_mailbox_rtt,gpu_agent,3,740,10680
gpu_cpu_gpu_mailbox_rtt,gpu_agent,3,741,10840
gpu_cpu_gpu_mailbox_rtt,gpu_agent,3,742,10680
gpu_cpu_gpu_mailbox_rtt,gpu_agent,3,743,11120
gpu_cpu_gpu_mailbox_rtt,gpu_agent,3,744,4240
gpu_cpu_gpu_mailbox_rtt,gpu_agent,3,745,9920
gpu_cpu_gpu_mailbox_rtt,gpu_agent,3,746,4200
gpu_cpu_gpu_mailbox_rtt,gpu_agent,3,747,11120
gpu_cpu_gpu_mailbox_rtt,gpu_agent,3,748,4240
gpu_cpu_gpu_mailbox_rtt,gpu_agent,3,749,11120
gpu_cpu_gpu_mailbox_rtt,gpu_agent,3,750,11120
gpu_cpu_gpu_mailbox_rtt,gpu_agent,3,751,4240
gpu_cpu_gpu_mailbox_rtt,gpu_agent,3,752,11120
gpu_cpu_gpu_mailbox_rtt,gpu_agent,3,753,4200
gpu_cpu_gpu_mailbox_rtt,gpu_agent,3,754,4240
gpu_cpu_gpu_mailbox_rtt,gpu_agent,3,755,11120
gpu_cpu_gpu_mailbox_rtt,gpu_agent,3,756,4200
gpu_cpu_gpu_mailbox_rtt,gpu_agent,3,757,11160
gpu_cpu_gpu_mailbox_rtt,gpu_agent,3,758,4160
gpu_cpu_gpu_mailbox_rtt,gpu_agent,3,759,10720
gpu_cpu_gpu_mailbox_rtt,gpu_agent,3,760,8080
gpu_cpu_gpu_mailbox_rtt,gpu_agent,3,761,10720
gpu_cpu_gpu_mailbox_rtt,gpu_agent,3,762,4240
gpu_cpu_gpu_mailbox_rtt,gpu_agent,3,763,11120
gpu_cpu_gpu_mailbox_rtt,gpu_agent,3,764,4240
gpu_cpu_gpu_mailbox_rtt,gpu_agent,3,765,11040
gpu_cpu_gpu_mailbox_rtt,gpu_agent,3,766,4200
gpu_cpu_gpu_mailbox_rtt,gpu_agent,3,767,11160
gpu_cpu_gpu_mailbox_rtt,gpu_agent,3,768,4200
gpu_cpu_gpu_mailbox_rtt,gpu_agent,3,769,11120
gpu_cpu_gpu_mailbox_rtt,gpu_agent,3,770,4240
gpu_cpu_gpu_mailbox_rtt,gpu_agent,3,771,11120
gpu_cpu_gpu_mailbox_rtt,gpu_agent,3,772,4200
gpu_cpu_gpu_mailbox_rtt,gpu_agent,3,773,11080
gpu_cpu_gpu_mailbox_rtt,gpu_agent,3,774,4240
gpu_cpu_gpu_mailbox_rtt,gpu_agent,3,775,11120
gpu_cpu_gpu_mailbox_rtt,gpu_agent,3,776,4280
gpu_cpu_gpu_mailbox_rtt,gpu_agent,3,777,4280
gpu_cpu_gpu_mailbox_rtt,gpu_agent,3,778,4320
gpu_cpu_gpu_mailbox_rtt,gpu_agent,3,779,4320
gpu_cpu_gpu_mailbox_rtt,gpu_agent,3,780,4320
gpu_cpu_gpu_mailbox_rtt,gpu_agent,3,781,4320
gpu_cpu_gpu_mailbox_rtt,gpu_agent,3,782,4360
gpu_cpu_gpu_mailbox_rtt,gpu_agent,3,783,4320
gpu_cpu_gpu_mailbox_rtt,gpu_agent,3,784,4320
gpu_cpu_gpu_mailbox_rtt,gpu_agent,3,785,4280
gpu_cpu_gpu_mailbox_rtt,gpu_agent,3,786,4320
gpu_cpu_gpu_mailbox_rtt,gpu_agent,3,787,4320
gpu_cpu_gpu_mailbox_rtt,gpu_agent,3,788,4320
gpu_cpu_gpu_mailbox_rtt,gpu_agent,3,789,4320
gpu_cpu_gpu_mailbox_rtt,gpu_agent,3,790,11480
gpu_cpu_gpu_mailbox_rtt,gpu_agent,3,791,4200
gpu_cpu_gpu_mailbox_rtt,gpu_agent,3,792,11120
gpu_cpu_gpu_mailbox_rtt,gpu_agent,3,793,4200
gpu_cpu_gpu_mailbox_rtt,gpu_agent,3,794,11080
gpu_cpu_gpu_mailbox_rtt,gpu_agent,3,795,4200
gpu_cpu_gpu_mailbox_rtt,gpu_agent,3,796,4200
gpu_cpu_gpu_mailbox_rtt,gpu_agent,3,797,11120
gpu_cpu_gpu_mailbox_rtt,gpu_agent,3,798,4200
gpu_cpu_gpu_mailbox_rtt,gpu_agent,3,799,11120
gpu_cpu_gpu_mailbox_rtt,gpu_agent,3,800,4200
gpu_cpu_gpu_mailbox_rtt,gpu_agent,3,801,4160
gpu_cpu_gpu_mailbox_rtt,gpu_agent,3,802,4200
gpu_cpu_gpu_mailbox_rtt,gpu_agent,3,803,11160
gpu_cpu_gpu_mailbox_rtt,gpu_agent,3,804,11120
gpu_cpu_gpu_mailbox_rtt,gpu_agent,3,805,4240
gpu_cpu_gpu_mailbox_rtt,gpu_agent,3,806,11160
gpu_cpu_gpu_mailbox_rtt,gpu_agent,3,807,4200
gpu_cpu_gpu_mailbox_rtt,gpu_agent,3,808,11080
gpu_cpu_gpu_mailbox_rtt,gpu_agent,3,809,4160
gpu_cpu_gpu_mailbox_rtt,gpu_agent,3,810,11120
gpu_cpu_gpu_mailbox_rtt,gpu_agent,3,811,4240
gpu_cpu_gpu_mailbox_rtt,gpu_agent,3,812,4160
gpu_cpu_gpu_mailbox_rtt,gpu_agent,3,813,4280
gpu_cpu_gpu_mailbox_rtt,gpu_agent,3,814,11080
gpu_cpu_gpu_mailbox_rtt,gpu_agent,3,815,4200
gpu_cpu_gpu_mailbox_rtt,gpu_agent,3,816,11120
gpu_cpu_gpu_mailbox_rtt,gpu_agent,3,817,4200
gpu_cpu_gpu_mailbox_rtt,gpu_agent,3,818,11120
gpu_cpu_gpu_mailbox_rtt,gpu_agent,3,819,4240
gpu_cpu_gpu_mailbox_rtt,gpu_agent,3,820,11080
gpu_cpu_gpu_mailbox_rtt,gpu_agent,3,821,4200
gpu_cpu_gpu_mailbox_rtt,gpu_agent,3,822,11120
gpu_cpu_gpu_mailbox_rtt,gpu_agent,3,823,4240
gpu_cpu_gpu_mailbox_rtt,gpu_agent,3,824,11120
gpu_cpu_gpu_mailbox_rtt,gpu_agent,3,825,4240
gpu_cpu_gpu_mailbox_rtt,gpu_agent,3,826,11120
gpu_cpu_gpu_mailbox_rtt,gpu_agent,3,827,4200
gpu_cpu_gpu_mailbox_rtt,gpu_agent,3,828,11120
gpu_cpu_gpu_mailbox_rtt,gpu_agent,3,829,4240
gpu_cpu_gpu_mailbox_rtt,gpu_agent,3,830,4200
gpu_cpu_gpu_mailbox_rtt,gpu_agent,3,831,11120
gpu_cpu_gpu_mailbox_rtt,gpu_agent,3,832,4240
gpu_cpu_gpu_mailbox_rtt,gpu_agent,3,833,4200
gpu_cpu_gpu_mailbox_rtt,gpu_agent,3,834,4160
gpu_cpu_gpu_mailbox_rtt,gpu_agent,3,835,11120
gpu_cpu_gpu_mailbox_rtt,gpu_agent,3,836,4240
gpu_cpu_gpu_mailbox_rtt,gpu_agent,3,837,11160
gpu_cpu_gpu_mailbox_rtt,gpu_agent,3,838,4200
gpu_cpu_gpu_mailbox_rtt,gpu_agent,3,839,11120
gpu_cpu_gpu_mailbox_rtt,gpu_agent,3,840,4200
gpu_cpu_gpu_mailbox_rtt,gpu_agent,3,841,11120
gpu_cpu_gpu_mailbox_rtt,gpu_agent,3,842,4240
gpu_cpu_gpu_mailbox_rtt,gpu_agent,3,843,11160
gpu_cpu_gpu_mailbox_rtt,gpu_agent,3,844,4200
gpu_cpu_gpu_mailbox_rtt,gpu_agent,3,845,11160
gpu_cpu_gpu_mailbox_rtt,gpu_agent,3,846,4240
gpu_cpu_gpu_mailbox_rtt,gpu_agent,3,847,11120
gpu_cpu_gpu_mailbox_rtt,gpu_agent,3,848,11120
gpu_cpu_gpu_mailbox_rtt,gpu_agent,3,849,11120
gpu_cpu_gpu_mailbox_rtt,gpu_agent,3,850,11080
gpu_cpu_gpu_mailbox_rtt,gpu_agent,3,851,4240
gpu_cpu_gpu_mailbox_rtt,gpu_agent,3,852,11160
gpu_cpu_gpu_mailbox_rtt,gpu_agent,3,853,4200
gpu_cpu_gpu_mailbox_rtt,gpu_agent,3,854,11080
gpu_cpu_gpu_mailbox_rtt,gpu_agent,3,855,4200
gpu_cpu_gpu_mailbox_rtt,gpu_agent,3,856,11120
gpu_cpu_gpu_mailbox_rtt,gpu_agent,3,857,4200
gpu_cpu_gpu_mailbox_rtt,gpu_agent,3,858,11120
gpu_cpu_gpu_mailbox_rtt,gpu_agent,3,859,4200
gpu_cpu_gpu_mailbox_rtt,gpu_agent,3,860,11080
gpu_cpu_gpu_mailbox_rtt,gpu_agent,3,861,4200
gpu_cpu_gpu_mailbox_rtt,gpu_agent,3,862,11120
gpu_cpu_gpu_mailbox_rtt,gpu_agent,3,863,4200
gpu_cpu_gpu_mailbox_rtt,gpu_agent,3,864,11120
gpu_cpu_gpu_mailbox_rtt,gpu_agent,3,865,11160
gpu_cpu_gpu_mailbox_rtt,gpu_agent,3,866,4360
gpu_cpu_gpu_mailbox_rtt,gpu_agent,3,867,11120
gpu_cpu_gpu_mailbox_rtt,gpu_agent,3,868,4200
gpu_cpu_gpu_mailbox_rtt,gpu_agent,3,869,10680
gpu_cpu_gpu_mailbox_rtt,gpu_agent,3,870,10680
gpu_cpu_gpu_mailbox_rtt,gpu_agent,3,871,10680
gpu_cpu_gpu_mailbox_rtt,gpu_agent,3,872,10680
gpu_cpu_gpu_mailbox_rtt,gpu_agent,3,873,10840
gpu_cpu_gpu_mailbox_rtt,gpu_agent,3,874,11000
gpu_cpu_gpu_mailbox_rtt,gpu_agent,3,875,10680
gpu_cpu_gpu_mailbox_rtt,gpu_agent,3,876,10680
gpu_cpu_gpu_mailbox_rtt,gpu_agent,3,877,10680
gpu_cpu_gpu_mailbox_rtt,gpu_agent,3,878,10680
gpu_cpu_gpu_mailbox_rtt,gpu_agent,3,879,10680
gpu_cpu_gpu_mailbox_rtt,gpu_agent,3,880,10680
gpu_cpu_gpu_mailbox_rtt,gpu_agent,3,881,11040
gpu_cpu_gpu_mailbox_rtt,gpu_agent,3,882,4320
gpu_cpu_gpu_mailbox_rtt,gpu_agent,3,883,4200
gpu_cpu_gpu_mailbox_rtt,gpu_agent,3,884,4200
gpu_cpu_gpu_mailbox_rtt,gpu_agent,3,885,10640
gpu_cpu_gpu_mailbox_rtt,gpu_agent,3,886,10720
gpu_cpu_gpu_mailbox_rtt,gpu_agent,3,887,10680
gpu_cpu_gpu_mailbox_rtt,gpu_agent,3,888,10640
gpu_cpu_gpu_mailbox_rtt,gpu_agent,3,889,4160
gpu_cpu_gpu_mailbox_rtt,gpu_agent,3,890,10680
gpu_cpu_gpu_mailbox_rtt,gpu_agent,3,891,4280
gpu_cpu_gpu_mailbox_rtt,gpu_agent,3,892,4280
gpu_cpu_gpu_mailbox_rtt,gpu_agent,3,893,10680
gpu_cpu_gpu_mailbox_rtt,gpu_agent,3,894,10680
gpu_cpu_gpu_mailbox_rtt,gpu_agent,3,895,10800
gpu_cpu_gpu_mailbox_rtt,gpu_agent,3,896,10680
gpu_cpu_gpu_mailbox_rtt,gpu_agent,3,897,10680
gpu_cpu_gpu_mailbox_rtt,gpu_agent,3,898,9040
gpu_cpu_gpu_mailbox_rtt,gpu_agent,3,899,10680
gpu_cpu_gpu_mailbox_rtt,gpu_agent,3,900,10720
gpu_cpu_gpu_mailbox_rtt,gpu_agent,3,901,10680
gpu_cpu_gpu_mailbox_rtt,gpu_agent,3,902,10680
gpu_cpu_gpu_mailbox_rtt,gpu_agent,3,903,10680
gpu_cpu_gpu_mailbox_rtt,gpu_agent,3,904,10680
gpu_cpu_gpu_mailbox_rtt,gpu_agent,3,905,10680
gpu_cpu_gpu_mailbox_rtt,gpu_agent,3,906,10680
gpu_cpu_gpu_mailbox_rtt,gpu_agent,3,907,10680
gpu_cpu_gpu_mailbox_rtt,gpu_agent,3,908,10680
gpu_cpu_gpu_mailbox_rtt,gpu_agent,3,909,10720
gpu_cpu_gpu_mailbox_rtt,gpu_agent,3,910,10680
gpu_cpu_gpu_mailbox_rtt,gpu_agent,3,911,10680
gpu_cpu_gpu_mailbox_rtt,gpu_agent,3,912,10680
gpu_cpu_gpu_mailbox_rtt,gpu_agent,3,913,10680
gpu_cpu_gpu_mailbox_rtt,gpu_agent,3,914,10680
gpu_cpu_gpu_mailbox_rtt,gpu_agent,3,915,10680
gpu_cpu_gpu_mailbox_rtt,gpu_agent,3,916,10720
gpu_cpu_gpu_mailbox_rtt,gpu_agent,3,917,10680
gpu_cpu_gpu_mailbox_rtt,gpu_agent,3,918,10680
gpu_cpu_gpu_mailbox_rtt,gpu_agent,3,919,10680
gpu_cpu_gpu_mailbox_rtt,gpu_agent,3,920,10680
gpu_cpu_gpu_mailbox_rtt,gpu_agent,3,921,10680
gpu_cpu_gpu_mailbox_rtt,gpu_agent,3,922,10680
gpu_cpu_gpu_mailbox_rtt,gpu_agent,3,923,10680
gpu_cpu_gpu_mailbox_rtt,gpu_agent,3,924,10680
gpu_cpu_gpu_mailbox_rtt,gpu_agent,3,925,10680
gpu_cpu_gpu_mailbox_rtt,gpu_agent,3,926,10680
gpu_cpu_gpu_mailbox_rtt,gpu_agent,3,927,10680
gpu_cpu_gpu_mailbox_rtt,gpu_agent,3,928,10680
gpu_cpu_gpu_mailbox_rtt,gpu_agent,3,929,4160
gpu_cpu_gpu_mailbox_rtt,gpu_agent,3,930,10680
gpu_cpu_gpu_mailbox_rtt,gpu_agent,3,931,10680
gpu_cpu_gpu_mailbox_rtt,gpu_agent,3,932,10720
gpu_cpu_gpu_mailbox_rtt,gpu_agent,3,933,10680
gpu_cpu_gpu_mailbox_rtt,gpu_agent,3,934,10680
gpu_cpu_gpu_mailbox_rtt,gpu_agent,3,935,10680
gpu_cpu_gpu_mailbox_rtt,gpu_agent,3,936,10680
gpu_cpu_gpu_mailbox_rtt,gpu_agent,3,937,10680
gpu_cpu_gpu_mailbox_rtt,gpu_agent,3,938,9880
gpu_cpu_gpu_mailbox_rtt,gpu_agent,3,939,10680
gpu_cpu_gpu_mailbox_rtt,gpu_agent,3,940,10680
gpu_cpu_gpu_mailbox_rtt,gpu_agent,3,941,10680
gpu_cpu_gpu_mailbox_rtt,gpu_agent,3,942,10720
gpu_cpu_gpu_mailbox_rtt,gpu_agent,3,943,10680
gpu_cpu_gpu_mailbox_rtt,gpu_agent,3,944,10680
gpu_cpu_gpu_mailbox_rtt,gpu_agent,3,945,10720
gpu_cpu_gpu_mailbox_rtt,gpu_agent,3,946,10680
gpu_cpu_gpu_mailbox_rtt,gpu_agent,3,947,10680
gpu_cpu_gpu_mailbox_rtt,gpu_agent,3,948,10680
gpu_cpu_gpu_mailbox_rtt,gpu_agent,3,949,10680
gpu_cpu_gpu_mailbox_rtt,gpu_agent,3,950,10680
gpu_cpu_gpu_mailbox_rtt,gpu_agent,3,951,11040
gpu_cpu_gpu_mailbox_rtt,gpu_agent,3,952,10720
gpu_cpu_gpu_mailbox_rtt,gpu_agent,3,953,10680
gpu_cpu_gpu_mailbox_rtt,gpu_agent,3,954,10680
gpu_cpu_gpu_mailbox_rtt,gpu_agent,3,955,10760
gpu_cpu_gpu_mailbox_rtt,gpu_agent,3,956,4200
gpu_cpu_gpu_mailbox_rtt,gpu_agent,3,957,10640
gpu_cpu_gpu_mailbox_rtt,gpu_agent,3,958,10680
gpu_cpu_gpu_mailbox_rtt,gpu_agent,3,959,10680
gpu_cpu_gpu_mailbox_rtt,gpu_agent,3,960,10720
gpu_cpu_gpu_mailbox_rtt,gpu_agent,3,961,10720
gpu_cpu_gpu_mailbox_rtt,gpu_agent,3,962,4200
gpu_cpu_gpu_mailbox_rtt,gpu_agent,3,963,10680
gpu_cpu_gpu_mailbox_rtt,gpu_agent,3,964,10680
gpu_cpu_gpu_mailbox_rtt,gpu_agent,3,965,10680
gpu_cpu_gpu_mailbox_rtt,gpu_agent,3,966,11040
gpu_cpu_gpu_mailbox_rtt,gpu_agent,3,967,10680
gpu_cpu_gpu_mailbox_rtt,gpu_agent,3,968,10720
gpu_cpu_gpu_mailbox_rtt,gpu_agent,3,969,10720
gpu_cpu_gpu_mailbox_rtt,gpu_agent,3,970,10680
gpu_cpu_gpu_mailbox_rtt,gpu_agent,3,971,10520
gpu_cpu_gpu_mailbox_rtt,gpu_agent,3,972,10680
gpu_cpu_gpu_mailbox_rtt,gpu_agent,3,973,10640
gpu_cpu_gpu_mailbox_rtt,gpu_agent,3,974,10680
gpu_cpu_gpu_mailbox_rtt,gpu_agent,3,975,10720
gpu_cpu_gpu_mailbox_rtt,gpu_agent,3,976,10680
gpu_cpu_gpu_mailbox_rtt,gpu_agent,3,977,10680
gpu_cpu_gpu_mailbox_rtt,gpu_agent,3,978,10680
gpu_cpu_gpu_mailbox_rtt,gpu_agent,3,979,10680
gpu_cpu_gpu_mailbox_rtt,gpu_agent,3,980,10720
gpu_cpu_gpu_mailbox_rtt,gpu_agent,3,981,10680
gpu_cpu_gpu_mailbox_rtt,gpu_agent,3,982,10680
gpu_cpu_gpu_mailbox_rtt,gpu_agent,3,983,10720
gpu_cpu_gpu_mailbox_rtt,gpu_agent,3,984,10680
gpu_cpu_gpu_mailbox_rtt,gpu_agent,3,985,10680
gpu_cpu_gpu_mailbox_rtt,gpu_agent,3,986,10680
gpu_cpu_gpu_mailbox_rtt,gpu_agent,3,987,10680
gpu_cpu_gpu_mailbox_rtt,gpu_agent,3,988,10680
gpu_cpu_gpu_mailbox_rtt,gpu_agent,3,989,10720
gpu_cpu_gpu_mailbox_rtt,gpu_agent,3,990,10680
gpu_cpu_gpu_mailbox_rtt,gpu_agent,3,991,10680
gpu_cpu_gpu_mailbox_rtt,gpu_agent,3,992,10680
gpu_cpu_gpu_mailbox_rtt,gpu_agent,3,993,10720
gpu_cpu_gpu_mailbox_rtt,gpu_agent,3,994,10680
gpu_cpu_gpu_mailbox_rtt,gpu_agent,3,995,10760
gpu_cpu_gpu_mailbox_rtt,gpu_agent,3,996,10680
gpu_cpu_gpu_mailbox_rtt,gpu_agent,3,997,10680
gpu_cpu_gpu_mailbox_rtt,gpu_agent,3,998,10680
gpu_cpu_gpu_mailbox_rtt,gpu_agent,3,999,10680
gpu_cpu_gpu_mailbox_rtt,gpu_agent,3,1000,10680
gpu_cpu_gpu_mailbox_rtt,gpu_agent,3,1001,10680
gpu_cpu_gpu_mailbox_rtt,gpu_agent,3,1002,10680
gpu_cpu_gpu_mailbox_rtt,gpu_agent,3,1003,10040
gpu_cpu_gpu_mailbox_rtt,gpu_agent,3,1004,10720
gpu_cpu_gpu_mailbox_rtt,gpu_agent,3,1005,10680
gpu_cpu_gpu_mailbox_rtt,gpu_agent,3,1006,4200
gpu_cpu_gpu_mailbox_rtt,gpu_agent,3,1007,7920
gpu_cpu_gpu_mailbox_rtt,gpu_agent,3,1008,10760
gpu_cpu_gpu_mailbox_rtt,gpu_agent,3,1009,10720
gpu_cpu_gpu_mailbox_rtt,gpu_agent,3,1010,10680
gpu_cpu_gpu_mailbox_rtt,gpu_agent,3,1011,10720
gpu_cpu_gpu_mailbox_rtt,gpu_agent,3,1012,10720
gpu_cpu_gpu_mailbox_rtt,gpu_agent,3,1013,10680
gpu_cpu_gpu_mailbox_rtt,gpu_agent,3,1014,10680
gpu_cpu_gpu_mailbox_rtt,gpu_agent,3,1015,10680
gpu_cpu_gpu_mailbox_rtt,gpu_agent,3,1016,10680
gpu_cpu_gpu_mailbox_rtt,gpu_agent,3,1017,10680
gpu_cpu_gpu_mailbox_rtt,gpu_agent,3,1018,10680
gpu_cpu_gpu_mailbox_rtt,gpu_agent,3,1019,10680
gpu_cpu_gpu_mailbox_rtt,gpu_agent,3,1020,10680
gpu_cpu_gpu_mailbox_rtt,gpu_agent,3,1021,10680
gpu_cpu_gpu_mailbox_rtt,gpu_agent,3,1022,10680
gpu_cpu_gpu_mailbox_rtt,gpu_agent,3,1023,10680
